path,bytes,sha256
.dockerignore,359,7db947a2e9c9c139f72b1a25ba3497f03a14b360ad82e6c8678eb490899a8240
.gitattributes,288,15b4c84770d0661c645cf1a585a397e0b96e4e93213d014d55606f2ee869ce14
.github/workflows/ci.yml,411,befc670fe15150e0f92ed59e4ec5157815130c17bff01eb7577e3d759a3bf735
.github/workflows/k8s-kind-validation.yml,2352,85175409c4decdf5eb2f5ed81f7791a5e8d081b6dea6ebee94df3f232e79b792
.github/workflows/publication-check.yml,355,bcaded805d0d55aab0b4ecc1a65b340a3e2b6eaefd1a0282dab26decb4921bde
.github/workflows/publish-container.yml,3605,c786633b2f6ad245ad4e304f34664c061b31322c8d14a740b4bb58431e2993c1
.github/workflows/storage-staging-validation.yml,1935,1d98dcfdc709283e55976acc96dcb04ed0cff660f82c38049619ccb6c9095db3
.gitignore,197,535afec282e21dee5619ea5d27946075e7ee20922f4239723c2f3d6677bb0a29
CITATION.cff,341,dac8bc84c4742f4320b6565c226c0cc19910088d5311c4376684ea3292ec9efa
CODE_OF_CONDUCT.md,138,1dbec3c87ad371c935452d7939cf90755c9ae09882df19750c5d3da642489ebb
CONTRIBUTING.md,476,e96721f30b8c83e430c79ab37f5ebf377253cb7f1209005610346b2e4eb782ed
Dockerfile,2018,4fcbf0a2a8dad6589816e76c23c04fb7dc9a0ed91787477aaf0febd3d61881bf
LICENSE,641,de37701753433c1833c8bd0890aff4b54fde0f637003b3e55de5eb0280c726d5
Makefile,2276,2b79ad7ecf38e1e46ea4c75b35b860222e95de4e71415ec028a381ff885c6b1c
README.md,16463,a6828bcf34aafa2dcd1e533bfe3ba0493a942be10df7993cad1955025cb7a7c1
REPOSITORY_MAP.md,2793,7a907e9e1be7e2a5a85701409bc665c0e189efe1378702bad0957ae29f75f73c
SECURITY.md,270,c2e9063b787a9d38aa665da803b6af5157e12a6ebb0267b6d58748955acf37db
artifacts/README.md,336,df11fa75eb8c875cd0029f8018cdde9e23b829fb95137e861b1829dd9eee26ae
artifacts/aim_hardware_characterization/artifact_size_summary.csv,184,6cce8dc93118c9e96ef6b001a3508a28aff8e5666d1f76d7c7e9e7190718efd7
artifacts/aim_hardware_characterization/generator_throughput_results.csv,79,6584c54da78e466a20e4f97e977277768f78dfac0738abb9f89ace36dc37b08d
artifacts/aim_hardware_characterization/hardware_characterization_report.md,351,08f5fd74db8d66db28e567eaeaed6151b54342ac3e5549a61dbe27501ba2d221
artifacts/aim_hardware_characterization/hardware_manifest.json,648,8c3f796d36b93b84d5d4aad568f461565b5cb8929ad939feb49e1c58eaa4a956
artifacts/aim_hardware_characterization/runtime_benchmark_results.csv,132,b74c6dba5e76bb71a61a61bc5e10a9581c19039e7f5ab9f63dd1d19db58be487
artifacts/aim_hardware_matrix/artifact_size_summary.csv,134,0b44874afd818a835d31f7c119fdd64c62eb327f6cc93d00669ee49bf7f35ad0
artifacts/aim_hardware_matrix/hardware_matrix_manifest.json,628,9ad7dc16f6008c95cb20aa23e4dc507fbd6067c24b7076c60102ddd0141f590b
artifacts/aim_hardware_matrix/hardware_matrix_report.md,158,5d65561fc41465a733816698e477e3b7f7e42480062e437d234ddac0460f12e0
artifacts/aim_hardware_matrix/runtime_benchmark_results.csv,59,c2a52fc6caac3afad3db465966335813db2c18062dfb83486c6944467ad91d6b
artifacts/audit/publication_export_manifest.json,48277,a9ce19314af4c32fca019feaca14bcf745ade6a3ac987a857db4b746a6a82504
artifacts/audit/publication_export_manifest.md,420,419039b7a3b78ff033a6fff479d1b2e02a7e1b1099f3d4b667a856c510fef988
artifacts/audit/publication_safety_audit.json,710,3781ee9941ff2292b4d6308efa8e4c7252522a644a14a786f55637212b308172
artifacts/audit/publication_safety_audit.md,192,1ca1a2ad2f80eb46260f86d5f73d9b32992455b483b8260d0d2e2bfd36c75758
artifacts/baselines/baseline_comparison_report.md,388,ccb62384c3bbc2317720743686e036e172372626ea4c2ce0221b69b0fa9ed987
artifacts/baselines/constrained_optimizer_result.json,340,7756286ac50d7b351bc7d8e607b261bc5c1c1cfb62917177c373d8f17e69e45e
artifacts/baselines/deployment_aware_baseline_comparison.csv,835,140fa0d0d47e453bdd84d8fdd8dcb1742ad8d0318e1cc3d2bd5e17d6e05aff71
artifacts/baselines/pareto_frontier_analysis.json,191,d52ca43e7c2fb2a88479d01779ddf27a59b2e70d46e67679b29c684e2b47a0e2
artifacts/behavioral_governance/pareto_frontier.csv,915,2cc05d96046abfc92754ddca907486c1b61520cb3600136ca6148c0dedf6afd4
artifacts/behavioral_governance/per_query_policy_results.csv,2727638,7a92c27ab7fd788ecd7b569286a4fce80251cfbcce6af8d3b08c2751509ad61a
artifacts/behavioral_governance/policy_summary_metrics.csv,2357,2c05e4bb1e13acb335df57cfa567a170a9ca63307f650d940537ef4c37e017c8
artifacts/behavioral_governance/primary_outcome_manifest.json,2126,84b919335740673932400112f17895c2322fd6283e605b14d38190ddd3b24094
artifacts/behavioral_governance/primary_outcome_report.md,989,96e22312b16a61191865984f8e2f90af971f1cf5fa8dbe0d05b24053a647bf54
artifacts/behavioral_governance/primary_outcome_statistics.json,2126,84b919335740673932400112f17895c2322fd6283e605b14d38190ddd3b24094
artifacts/behavioral_governance/selector_comparison.csv,835,140fa0d0d47e453bdd84d8fdd8dcb1742ad8d0318e1cc3d2bd5e17d6e05aff71
artifacts/behavioral_governance_repeat/repeat_manifest.json,112,ee39a70fd6f1dda03bf3267b7ae1ed8797b8407a109031d6265ba76de19d612e
artifacts/behavioral_governance_repeat/repeat_report.md,296,bb9c9849a1eebf46e7c76997774b31b9d286a805513b0f7ff7734eb8b18f298f
artifacts/behavioral_governance_repeat/repeat_results.csv,594,bc34007d0672d3eb4b1dfcf4001ca55d4d1185b31ef1f158b5c6ed5fdae799be
artifacts/behavioral_governance_repeat/sensitivity_results.csv,4298,57d8a9365a54fb6ebf1c50a445b475b3e2e67e7b55b8b6d55fc260430b5d1b26
artifacts/behavioral_policies/behavioral_distinction_matrix.csv,3798,1caf1e8950294460aa7570ba59ac262cf8dc067b8263d875f167d548bfe93d2b
artifacts/behavioral_policies/behavioral_distinction_report.md,379,2e7b6770234b67af9c216a2e7181573fb1ce5c43dbd45c2a1fd9671169207002
artifacts/behavioral_policies/policy_definitions.json,8715,3668fb23a35a078d3d579cb7f4bb3af9880ac74bcb7266e5fe72789f1c4fc98b
artifacts/behavioral_policies/policy_definitions.md,855,dd31c9fe1b3826104368ba4767449762ab52e7ffd96d3567f8b1cd23d35d231b
artifacts/certificates/README.md,157,ecfb982c1af9234e98d3be452c62bbe5877162c75247814b24f532d9cdab1c71
artifacts/crag_evaluator_mapping_v2/evaluator_mapping_diagnostics.csv,263,c9e56e5bc01f5fff6f1a2ee04f354deea2e03e523112c8d726a666055478b01c
artifacts/crag_evaluator_mapping_v2/evaluator_mapping_v2_manifest.json,805,e1c2fe58cb48ce1115e008a43fbec6efb1f54f869300ce7bb0d7bafca8f7358a
artifacts/crag_evaluator_mapping_v2/evaluator_mapping_v2_report.md,256,1c0cbb8e71d05e9ce661f1a8d1c0ba0a97dae38d455a4e00c7c20ea19067ea34
artifacts/crag_evaluator_mapping_v2/evaluator_mapping_v2_result.json,805,e1c2fe58cb48ce1115e008a43fbec6efb1f54f869300ce7bb0d7bafca8f7358a
artifacts/crag_evaluator_mapping_v2/evaluator_schema_report.md,188,0894347656f4bbf6361487e97666661a04e867550bd64254f1944caf6a79c56b
artifacts/current_ragwarrant_evidence/ragwarrant_crag_mock_api_validation_v1_20260809-165415-92d8c0edd4/crag_mock_api_budget_latency_report.json,258,202a77b86077efb13d54c040d1e371bd30729369fed1ac07a710f03a16180f23
artifacts/current_ragwarrant_evidence/ragwarrant_crag_mock_api_validation_v1_20260809-165415-92d8c0edd4/crag_mock_api_candidate_metrics.csv,1431,6750159ccca21082e3b48c8a5f21f458c786a588767f414a2e73913fdedec2ff
artifacts/current_ragwarrant_evidence/ragwarrant_crag_mock_api_validation_v1_20260809-165415-92d8c0edd4/crag_mock_api_confirmatory_candidate_metrics.csv,1471,dc18e91757d38e4050bfb38b614ba447648286ed77fcfce5c926d2099158062d
artifacts/current_ragwarrant_evidence/ragwarrant_crag_mock_api_validation_v1_20260809-165415-92d8c0edd4/crag_mock_api_domain_task_sample.csv,217566,6b02db6a46ce66072032c70928bb6733ea57cb0d992920e13cc6b0c5d67f38fa
artifacts/current_ragwarrant_evidence/ragwarrant_crag_mock_api_validation_v1_20260809-165415-92d8c0edd4/crag_mock_api_per_query_results.csv,2805896,1bc193926e1b2236651344fbc73bb8e80bd4e8af737abc3ddce4315c6a511392
artifacts/current_ragwarrant_evidence/ragwarrant_crag_mock_api_validation_v1_20260809-165415-92d8c0edd4/crag_mock_api_selection_report.json,2030,1698a32fbe4a330889cf10f9d6d977eb7c29657cd824d72ea9e1a6330dea9edd
artifacts/current_ragwarrant_evidence/ragwarrant_crag_mock_api_validation_v1_20260809-165415-92d8c0edd4/crag_mock_api_server_logs_sanitized.txt,3127,51116e9a56730635454d51be1a0646ba04465d40520c1d9f296eaa02103198dd
artifacts/current_ragwarrant_evidence/ragwarrant_crag_mock_api_validation_v1_20260809-165415-92d8c0edd4/crag_mock_api_statistical_analysis.json,988,b7f4c282a8a9bc8575b557a944f101ee78e985251ab2fd5acac1c1d85a4205ed
artifacts/current_ragwarrant_evidence/ragwarrant_crag_mock_api_validation_v1_20260809-165415-92d8c0edd4/crag_mock_api_utility_sensitivity.csv,3002,54a3f28c234183b8ef06a530017298527e03d27b0e7fe1b1a6f48a4956b54bf2
artifacts/current_ragwarrant_evidence/ragwarrant_crag_mock_api_validation_v1_20260809-165415-92d8c0edd4/crag_mock_api_utility_sensitivity.json,877,a085fff0c1d8e5a6f074f6c12308bcae09fbab453f9970e1deb1d4b11837a3b8
artifacts/current_ragwarrant_evidence/ragwarrant_crag_mock_api_validation_v1_20260809-165415-92d8c0edd4/crag_mock_api_validation_freeze_manifest.json,55649,26bd312b54a0fc3e486b0be59e52373009587f1cb4014ff61ac0be8f65ee4665
artifacts/current_ragwarrant_evidence/ragwarrant_crag_mock_api_validation_v1_20260809-165415-92d8c0edd4/crag_mock_api_validation_manifest.json,808,92a4ac6892304fd7447f5501a9d10c2c135388a32a68e04a7a4cd25d0999658f
artifacts/current_ragwarrant_evidence/ragwarrant_crag_mock_api_validation_v1_20260809-165415-92d8c0edd4/crag_mock_api_validation_report.md,501,407ec80c2969f79495fd8270a3c873d56100b720be4f68850b36b876d95fe545
artifacts/current_ragwarrant_evidence/ragwarrant_crag_mock_api_validation_v1_20260809-165415-92d8c0edd4/input_config.yaml,822,baad567a0f93a912f6d0f46f3dc902288037e77588649b1943cb716be8e20c09
artifacts/current_ragwarrant_evidence/ragwarrant_crag_mock_api_validation_v1_20260809-165415-92d8c0edd4/no_overwrite_audit.json,327,5eea1699983339c5a7faf74495c310cc4b4c2ffa15f5cc438cb0837a957ef952
artifacts/current_ragwarrant_evidence/ragwarrant_crag_mock_api_validation_v1_20260809-165415-92d8c0edd4/run_manifest.json,1121,30597afab3caad8ea39f21d1913b9bb218fdaf01e6725f77f92d9780b74755cc
artifacts/deployment_readiness/deployment_readiness_manifest.json,1424,e0f91d1655c5a54b817f22585ff243de4f7cad19453fc4d6582fb46cf146c264
artifacts/deployment_readiness/deployment_readiness_report.md,528,8e84b548be223fe6632ea3820a037d9e381498da17dbb451123e6cc23b76214d
artifacts/deployment_readiness/deployment_target_matrix.csv,1047,a998cdaeb0566438db321d41fde656df6ca6076c01ea759a653576e64c307dd2
artifacts/deployment_readiness/deployment_validation_results.csv,348,ef6dd6f5ea033df21bf3b52abf59704770829af5c7691c9ab08b763bc4082117
artifacts/deployment_readiness/promotion_decision.json,1325,5045f4b17265681475caa39566400a455aac15f00c480cbbebf62723cab8ab79
artifacts/docker_hardening/container_output_file_inventory.csv,457,b0f55b314235a1c38dd081bc0875209dd562a90b42c2770e569f46d8c4b06f07
artifacts/docker_hardening/container_runtime_diagnostics.json,571,29d6afd6a4cb0221da79cdfa6c4d66f596390b65caed760aa30715d0ba773800
artifacts/docker_hardening/container_runtime_diagnostics.md,337,75cdc8639a21210dc15bf5ca487d5a78bcc629638ec4748e186af08b58760d0d
artifacts/docker_hardening/container_security_scan_manifest.json,371,f7f8a28d286a74bd0486c1668b4743562eafc4731d06d7aee36b05c08877fdbf
artifacts/docker_hardening/container_security_scan_report.md,151,10a31f99fd8487c29fb8187ffb453c9849798b50e1934715216d3896e32b52f0
artifacts/docker_hardening/container_security_scan_summary.csv,261,5180e07d915e8f544962da3e98a13d63f759281655678236511be954ba8e3836
artifacts/docker_hardening/container_smoke_test_manifest.json,887,ade3da1f912b688a0449936ce83d657380d1a73d26e98e5115c0c14185119a10
artifacts/docker_hardening/container_smoke_test_report.md,261,25267abc4716a2fff6998b9a0997447bc3ab689b53eeb5cc4681547278e45ceb
artifacts/docker_hardening/container_smoke_test_results.csv,331,f1d41dacdedbdc9b6ce845b71ba0eec0cfd0b8639ce2e35fb3f9c3ca7eaa4177
artifacts/docker_hardening/docker_static_validation.csv,1452,3d627ef49e38a6cfae880103b8c7e75fc94e1265e12df5cbb7ac90fedcd1b4b7
artifacts/docker_hardening/docker_static_validation.json,326,8e1ebb431b5b16f234568b298dafa384e24fab2d8fc5d198496e0b8addabeb0a
artifacts/docker_hardening/docker_static_validation_report.md,102,6136b1747e2b533e9daafad25056d7936025db6f5f83e1aef7fb337e11b81afb
artifacts/docker_hardening/promotion_decision_container.json,1136,bdb948c598d77e1442cb3850f7d15260251a37ebdec3dd2204b52dba1531d105
artifacts/external_evaluator_adapters/external_evaluator_demo_report.md,333,c2bb4579962c71cd9055ec9c50d5430b2329d2c5d355f6eb2b3e0e5b16b0bded
artifacts/external_evaluator_adapters/external_evaluator_manifest.json,761,d22ccf0b8bfebb5ebd982fc09b173f20b3db7bd19d2b8c17774e546ab897164e
artifacts/external_evaluator_adapters/external_metric_summary.csv,449,5af7151d95110439f21d305a1cc0b937f45da6b23bb101e36bf0fc7c2264c0ce
artifacts/external_evaluator_adapters/normalized_external_metrics.csv,1549,9b4d5d745fc80af725e6f34fa62e5db3eb717025733c5f3d3e6742baa453c4aa
artifacts/external_evaluator_adapters/promotion_decision_from_external_metrics.json,761,d22ccf0b8bfebb5ebd982fc09b173f20b3db7bd19d2b8c17774e546ab897164e
artifacts/external_evaluator_adapters_v2/external_evaluator_demo_report.md,178,272f019796122042498785c9366d273c832ee51ae388a8e73f44b33a5f97276c
artifacts/external_evaluator_adapters_v2/external_evaluator_manifest.json,533,c83f031d7918eb8ae0744ab27f406e3194480b21e798788e8f2cfb4bed0b631f
artifacts/external_evaluator_adapters_v2/external_metric_summary.csv,97,9ee13b7a43107d0d7bb36df92dc2e15c4e5f7d1f02abdf2abedcd48d3358d4e2
artifacts/external_evaluator_adapters_v2/normalized_external_metrics.csv,2412,a3244b1688c5bb9c260149961c767df9201c53b19571cbb05e43e526d26cbebf
artifacts/external_evaluator_adapters_v2/promotion_decision_from_external_metrics.json,533,c83f031d7918eb8ae0744ab27f406e3194480b21e798788e8f2cfb4bed0b631f
artifacts/fresh_clone_reproducibility/fresh_clone_commands.txt,840,866bfdabca7ca4cbfa330f34e3475e574f3322620b18edbddd373d8f37d30857
artifacts/fresh_clone_reproducibility/fresh_clone_manifest.json,388,c60cdbcde5555b396ea69478b18caf4d6ed7569261b3c85d5279e3294a323c0a
artifacts/fresh_clone_reproducibility/fresh_clone_report.md,194,ce23cd89d6539cd58612dbfb8b7874cf77a9254210877bd2ae430858219643da
artifacts/fresh_clone_reproducibility/fresh_clone_results.json,4024,ab069ab5bd66169e87997429859572144c278a62006b33878dc8960e805ac81a
artifacts/fresh_live_crag_behavioral_governance/live_crag_acquisition_report.md,321,6d5c2954dfabf8e9bd592ffd2788e8a9dc788f63ef0088f7c5bae865fbbac031
artifacts/fresh_live_crag_behavioral_governance/live_crag_manifest.json,2428,5ae5d3c47052c4276d86c8f2acdf972a398ab9236e4f7d59d07f207910220cbf
artifacts/fresh_live_crag_behavioral_governance/pareto_frontier.csv,34,75d1a80cd35584bfd9f7c2bc4c4a9bd89676632b0dc813f05cc7ffe3c44eaa3a
artifacts/fresh_live_crag_behavioral_governance/per_query_policy_results.csv,182501,fa11f9bf2fc9ff6e0cca870060a92d7e7229d01e303019dafdb7d5c09eabf811
artifacts/fresh_live_crag_behavioral_governance/policy_summary_metrics.csv,3209,1d86a452529e9a314d2d9cee56c40359834e1e1fdad4c9692e7433cf80b71748
artifacts/fresh_live_crag_behavioral_governance/primary_outcome_report.md,484,479298196ad124950cb82bc8ec5f7103383cdb02f590edaede175b5e5add9d6e
artifacts/fresh_live_crag_behavioral_governance/primary_outcome_statistics.json,2428,5ae5d3c47052c4276d86c8f2acdf972a398ab9236e4f7d59d07f207910220cbf
artifacts/fresh_live_crag_behavioral_governance/selector_comparison.csv,349,5d6d4ded3250bea0c8975e8a6f0b7be15ae37cb121ba6d32559140321440c331
artifacts/fresh_live_crag_behavioral_governance/split_manifest.json,232,53cbeb78e72016f1820466c8730ab8030d8eb2e1c1a3184349034e4c883da4c3
artifacts/generative_llm_validation/crag/generative_crag_manifest.json,733,0741851bc185ba9ca921fcb33eb3332ed5dc202f0fedfbf495021d625929fcf9
artifacts/generative_llm_validation/crag/generator_environment_report.md,257,7e51f34f05c23f295dd6a02f85f612a04bfa4b79bef54acde0b3bf9fc8a9a41f
artifacts/generative_llm_validation/crag/pareto_frontier.csv,374,9889c135f4b98526029d3cc4fb3a10be3f45dc9ea04f8411b0d36a39565c4a2d
artifacts/generative_llm_validation/crag/per_query_generation_metrics.csv,61480,a43609a8e21dc04f018e6e13691d1264a7d823e6137f888caa0c7d08f2615f42
artifacts/generative_llm_validation/crag/policy_summary_metrics.csv,1023,963e70b480ae0cc49d643b6c972e4ab4f69412f89ffb57ae9f7b6767b745d80a
artifacts/generative_llm_validation/crag/primary_outcome_report.md,383,af515cb43a4bc80fce5ac825ba96ba4bdcc6bdea5fc09a888a749b43cf00618a
artifacts/generative_llm_validation/crag/primary_outcome_statistics.json,2130,fe95881483451bb3de3178a19540de8add913ac6bdcbab85e06247ccac786257
artifacts/generative_llm_validation/crag/quality_signal_diagnostics.csv,1226,b0b2713b1859f294738f7a3469caea7d705f2b2ea5c876d28a67fc9383b8fbad
artifacts/generative_llm_validation/crag/selector_comparison.csv,221,c6d780d11e9c030cb387a1f432332ec111a06b08d88d201bd4a538c9ef2c97a2
artifacts/generative_llm_validation/crag_evaluator_mapping/evaluator_mapping_diagnostics.csv,700,e22b17f0362fe28c53500642dab86f0db755e54051861d391f03b23942d48f86
artifacts/generative_llm_validation/crag_evaluator_mapping/evaluator_mapping_manifest.json,552,9305f1ba6f5686f5c7bca5332139490225e186817f04eef5bf6c70fb51e50d82
artifacts/generative_llm_validation/crag_evaluator_mapping/evaluator_mapping_report.md,336,c537dcc86f32aa3c96008b8c5849857218cfecba8a3c25dac880d3ed8ef253d9
artifacts/generative_llm_validation/crag_evaluator_mapping/evaluator_mapping_result.json,796,2603c40e5cf79a2fb46f83cc03401ba13ac8d0f829c9cd5df441a11ba0012a1a
artifacts/generative_llm_validation/crag_evaluator_mapping/evaluator_schema_report.md,324,fcf6cc80cdbd63f3423188355ed790c852efd456a72a02a885d626c3cae73b7b
artifacts/generative_llm_validation/crag_llama3_2_3b_guarded_latency_offset_0/generative_crag_manifest.json,704,d6194befe2beb7483e487f695355cf985600df3dccb0e0a2ccae015f5b8213b5
artifacts/generative_llm_validation/crag_llama3_2_3b_guarded_latency_offset_0/generator_environment_report.md,228,390295863386d90dfd97a32fb1ca629c0ce7ff340114e7dfe3372c7cefdc11be
artifacts/generative_llm_validation/crag_llama3_2_3b_guarded_latency_offset_0/pareto_frontier.csv,216,06213925acdba7b306c66b4b9a6e466001843316d717718c96a7fae06595fb95
artifacts/generative_llm_validation/crag_llama3_2_3b_guarded_latency_offset_0/per_query_generation_metrics.csv,88702,b0bac25b7bb983a8d8d3f27381fa63cb77aa4fa647cf2cb6422efadd751b8cb7
artifacts/generative_llm_validation/crag_llama3_2_3b_guarded_latency_offset_0/policy_summary_metrics.csv,1053,8c337cc8c6f8d296716a7468a05f65093b5b999f2521c88c23c0ed53de68677a
artifacts/generative_llm_validation/crag_llama3_2_3b_guarded_latency_offset_0/primary_outcome_report.md,351,40f8bffb3fd502b531d535e6da5ce684db892960c4317174fbd5b4d0fbf7a7ba
artifacts/generative_llm_validation/crag_llama3_2_3b_guarded_latency_offset_0/primary_outcome_statistics.json,3099,4657bda6ba8ecb3125b8345c1657f3ce7d205dd755cc2351e635e19b38b755d8
artifacts/generative_llm_validation/crag_llama3_2_3b_guarded_latency_offset_0/quality_signal_diagnostics.csv,1202,a9d60b11f0a995180569e6db522c442deb4b0b0e36ed433955c12dd719faac0e
artifacts/generative_llm_validation/crag_llama3_2_3b_guarded_latency_offset_0/selector_comparison.csv,523,1a9d5f0849c6be55a11ea25e74c620236438cfafd35f9ca335a41554a2beebf0
artifacts/generative_llm_validation/crag_llama3_2_3b_guarded_latency_offset_24/generative_crag_manifest.json,704,0c68c9e46dc594206f5558f6428b87181af61265cbe0fe92ff151002173bebec
artifacts/generative_llm_validation/crag_llama3_2_3b_guarded_latency_offset_24/generator_environment_report.md,228,390295863386d90dfd97a32fb1ca629c0ce7ff340114e7dfe3372c7cefdc11be
artifacts/generative_llm_validation/crag_llama3_2_3b_guarded_latency_offset_24/pareto_frontier.csv,126,a1ceeb78af07d14e9aae96ad2c024d5f8c63d498423d69b27e247aca2ef6dbf9
artifacts/generative_llm_validation/crag_llama3_2_3b_guarded_latency_offset_24/per_query_generation_metrics.csv,89317,e9ac33951285e3156e4475fd98e149df48b3abe54d249da8d480fa72eeba3928
artifacts/generative_llm_validation/crag_llama3_2_3b_guarded_latency_offset_24/policy_summary_metrics.csv,1044,1e6e3c7a5abe4092f08de9ccc7c0f58df6f38e284287cc8963faa8764e7bedc6
artifacts/generative_llm_validation/crag_llama3_2_3b_guarded_latency_offset_24/primary_outcome_report.md,351,40f8bffb3fd502b531d535e6da5ce684db892960c4317174fbd5b4d0fbf7a7ba
artifacts/generative_llm_validation/crag_llama3_2_3b_guarded_latency_offset_24/primary_outcome_statistics.json,3083,cd5b487f880af2625f8dea8ad6bdce382a5c9f27493de71ee79b833bd2fc984e
artifacts/generative_llm_validation/crag_llama3_2_3b_guarded_latency_offset_24/quality_signal_diagnostics.csv,1172,c5fa461a753cb6fde8755d909e0ceef7ec0ae53eef2d0f813db84b9ca392ba6b
artifacts/generative_llm_validation/crag_llama3_2_3b_guarded_latency_offset_24/selector_comparison.csv,523,1a9d5f0849c6be55a11ea25e74c620236438cfafd35f9ca335a41554a2beebf0
artifacts/generative_llm_validation/crag_llama3_2_3b_guarded_latency_offset_36/generative_crag_manifest.json,704,0c68c9e46dc594206f5558f6428b87181af61265cbe0fe92ff151002173bebec
artifacts/generative_llm_validation/crag_llama3_2_3b_guarded_latency_offset_36/generator_environment_report.md,228,390295863386d90dfd97a32fb1ca629c0ce7ff340114e7dfe3372c7cefdc11be
artifacts/generative_llm_validation/crag_llama3_2_3b_guarded_latency_offset_36/pareto_frontier.csv,216,06213925acdba7b306c66b4b9a6e466001843316d717718c96a7fae06595fb95
artifacts/generative_llm_validation/crag_llama3_2_3b_guarded_latency_offset_36/per_query_generation_metrics.csv,90391,391ae55f2c1e312b5c4dab72e25ce7b26e7601910a9d2b452b65d69be54933a8
artifacts/generative_llm_validation/crag_llama3_2_3b_guarded_latency_offset_36/policy_summary_metrics.csv,1073,d8c45040a0579f0b1907c2b42e57578993598fcf97da4dca16d47e5e1889acd8
artifacts/generative_llm_validation/crag_llama3_2_3b_guarded_latency_offset_36/primary_outcome_report.md,351,40f8bffb3fd502b531d535e6da5ce684db892960c4317174fbd5b4d0fbf7a7ba
artifacts/generative_llm_validation/crag_llama3_2_3b_guarded_latency_offset_36/primary_outcome_statistics.json,3091,4f5f71c662978dc4f262ed2b7d9dd41d0c8a75a9fbb86e193e0318136d67bee4
artifacts/generative_llm_validation/crag_llama3_2_3b_guarded_latency_offset_36/quality_signal_diagnostics.csv,1228,9205a0b4ddc8d46c5324c059a2c001b565cb0eec9a642b2d1a4c78106b4298d0
artifacts/generative_llm_validation/crag_llama3_2_3b_guarded_latency_offset_36/selector_comparison.csv,523,1a9d5f0849c6be55a11ea25e74c620236438cfafd35f9ca335a41554a2beebf0
artifacts/generative_llm_validation/crag_llama3_2_3b_guarded_latency_offset_60/generative_crag_manifest.json,704,0c68c9e46dc594206f5558f6428b87181af61265cbe0fe92ff151002173bebec
artifacts/generative_llm_validation/crag_llama3_2_3b_guarded_latency_offset_60/generator_environment_report.md,228,390295863386d90dfd97a32fb1ca629c0ce7ff340114e7dfe3372c7cefdc11be
artifacts/generative_llm_validation/crag_llama3_2_3b_guarded_latency_offset_60/pareto_frontier.csv,126,a1ceeb78af07d14e9aae96ad2c024d5f8c63d498423d69b27e247aca2ef6dbf9
artifacts/generative_llm_validation/crag_llama3_2_3b_guarded_latency_offset_60/per_query_generation_metrics.csv,89729,5dda1ab5d1388e98be2f959c41652d64ff0b0b56eb343ffceba553390dc8c75b
artifacts/generative_llm_validation/crag_llama3_2_3b_guarded_latency_offset_60/policy_summary_metrics.csv,1045,6ebd70c763d3267b280bafbd54cc48b689210276b4aaaaf57c58a0e1d39dfa2c
artifacts/generative_llm_validation/crag_llama3_2_3b_guarded_latency_offset_60/primary_outcome_report.md,351,40f8bffb3fd502b531d535e6da5ce684db892960c4317174fbd5b4d0fbf7a7ba
artifacts/generative_llm_validation/crag_llama3_2_3b_guarded_latency_offset_60/primary_outcome_statistics.json,3064,8894279375955b165c94218daecede21a69021fc2526fd26c9df6951bed11c55
artifacts/generative_llm_validation/crag_llama3_2_3b_guarded_latency_offset_60/quality_signal_diagnostics.csv,1189,c3ce0cb837cb7d7df3422d344069078918130398f3edf9cbebd734623f58a676
artifacts/generative_llm_validation/crag_llama3_2_3b_guarded_latency_offset_60/selector_comparison.csv,523,1a9d5f0849c6be55a11ea25e74c620236438cfafd35f9ca335a41554a2beebf0
artifacts/generative_llm_validation/crag_llama3_2_3b_latency_selector_offset_0/generative_crag_manifest.json,721,8d2508412e61165a2e88905c0076299b4d80a6ce2c85a1cbc724c430eeb30f86
artifacts/generative_llm_validation/crag_llama3_2_3b_latency_selector_offset_0/generator_environment_report.md,245,8a315e9adda899b95dc851af76830254ffa21962bf8aefe2a19e798fe4ebbaeb
artifacts/generative_llm_validation/crag_llama3_2_3b_latency_selector_offset_0/pareto_frontier.csv,366,c74b29e1f74dd77d9e331691e5e90e2225b787aed21e88cf216246e70eb8e1d7
artifacts/generative_llm_validation/crag_llama3_2_3b_latency_selector_offset_0/per_query_generation_metrics.csv,81160,c5b9576ebb22f677f34ef0c016c837cfdfa4c3b21f0cd8450344f2d0a73fa7ed
artifacts/generative_llm_validation/crag_llama3_2_3b_latency_selector_offset_0/policy_summary_metrics.csv,960,be3444dbaa29a766806e39db60916e8b0f00f130c6b2d505ee3138907a301b13
artifacts/generative_llm_validation/crag_llama3_2_3b_latency_selector_offset_0/primary_outcome_report.md,368,06b01003a9437d8d05d1f58126ca32c257247482639eab1dd5c8395e59ed84e8
artifacts/generative_llm_validation/crag_llama3_2_3b_latency_selector_offset_0/primary_outcome_statistics.json,2793,a8c43a7a9a35c439790ea1c77a953ba5db953f7d97d3883a3d720c30b6d9ba2d
artifacts/generative_llm_validation/crag_llama3_2_3b_latency_selector_offset_0/quality_signal_diagnostics.csv,1201,68d7cae5c0c183794459fd53f849e914a2be4c4eb4d2d21a1ba82fbd80a7595b
artifacts/generative_llm_validation/crag_llama3_2_3b_latency_selector_offset_0/selector_comparison.csv,463,893c44e5945d26824569fcc0af68dc35dd98d5f5f6662d24bbec1b838ef6b3c9
artifacts/generative_llm_validation/crag_llama3_2_3b_latency_selector_offset_24/generative_crag_manifest.json,739,860188cea191315c61f7ef088b145bb89f618980e7da77c5fffe9f9c2d9c241e
artifacts/generative_llm_validation/crag_llama3_2_3b_latency_selector_offset_24/generator_environment_report.md,263,ad6da48f3c58221b72a42fb32addad313b8f1c5e33c9b39bfa91724f188aa296
artifacts/generative_llm_validation/crag_llama3_2_3b_latency_selector_offset_24/pareto_frontier.csv,191,53fd626e0a5f9732147a9bd421f6f20dd6220d96c89d22558375c887ad41cf76
artifacts/generative_llm_validation/crag_llama3_2_3b_latency_selector_offset_24/per_query_generation_metrics.csv,81754,295a56d303aa038d90a5afda5010a46f6b574e2797031394c400ba1f078cdbf6
artifacts/generative_llm_validation/crag_llama3_2_3b_latency_selector_offset_24/policy_summary_metrics.csv,956,ac08e7799c18045ef0304c23c033892121ccc4961d0f63bd7001df3c77f1bc1a
artifacts/generative_llm_validation/crag_llama3_2_3b_latency_selector_offset_24/primary_outcome_report.md,386,5c6af36c1c80836e9fb9c67799f23f17d3633e74e3ed96dfc279151dc549d2d6
artifacts/generative_llm_validation/crag_llama3_2_3b_latency_selector_offset_24/primary_outcome_statistics.json,2732,7be2f78009c02cd50d95f72c3027cb35dc2b273468cd8389424cbb2dd5af2451
artifacts/generative_llm_validation/crag_llama3_2_3b_latency_selector_offset_24/quality_signal_diagnostics.csv,1199,f76cb7f47c0c5ce3087d818345b086fec6df21c2e4ef4459fb8b0240bbd683a2
artifacts/generative_llm_validation/crag_llama3_2_3b_latency_selector_offset_24/selector_comparison.csv,463,893c44e5945d26824569fcc0af68dc35dd98d5f5f6662d24bbec1b838ef6b3c9
artifacts/generative_llm_validation/crag_llama3_2_3b_latency_selector_offset_36/generative_crag_manifest.json,721,bbb2395d8910eed495efd00f9c4494a2e73328319cddceaf089c755a0dfe7fe3
artifacts/generative_llm_validation/crag_llama3_2_3b_latency_selector_offset_36/generator_environment_report.md,245,8a315e9adda899b95dc851af76830254ffa21962bf8aefe2a19e798fe4ebbaeb
artifacts/generative_llm_validation/crag_llama3_2_3b_latency_selector_offset_36/pareto_frontier.csv,289,94c3db0680e7abf0b2847a679fc3824e001f761a1cae0964dc4a5151d6b1ea25
artifacts/generative_llm_validation/crag_llama3_2_3b_latency_selector_offset_36/per_query_generation_metrics.csv,82709,81d026a58b37457630269af54ce4123920d57c4f9b142d4ca1d037f49191bb05
artifacts/generative_llm_validation/crag_llama3_2_3b_latency_selector_offset_36/policy_summary_metrics.csv,982,b50e41d95320576f13e65392ec8effa6e75756076e819044bee1c11708a53d64
artifacts/generative_llm_validation/crag_llama3_2_3b_latency_selector_offset_36/primary_outcome_report.md,368,06b01003a9437d8d05d1f58126ca32c257247482639eab1dd5c8395e59ed84e8
artifacts/generative_llm_validation/crag_llama3_2_3b_latency_selector_offset_36/primary_outcome_statistics.json,2751,ca506370476abf74423ef6a61547ef4ae9efb8787c54bb98cde13dcda3e74d65
artifacts/generative_llm_validation/crag_llama3_2_3b_latency_selector_offset_36/quality_signal_diagnostics.csv,1229,8742e5eed61d9752ec0a2cb58a6cf98e80beb52e708cba95518a5e7d11281343
artifacts/generative_llm_validation/crag_llama3_2_3b_latency_selector_offset_36/selector_comparison.csv,463,893c44e5945d26824569fcc0af68dc35dd98d5f5f6662d24bbec1b838ef6b3c9
artifacts/generative_llm_validation/crag_llama3_2_3b_latency_selector_offset_60/generative_crag_manifest.json,721,bbb2395d8910eed495efd00f9c4494a2e73328319cddceaf089c755a0dfe7fe3
artifacts/generative_llm_validation/crag_llama3_2_3b_latency_selector_offset_60/generator_environment_report.md,245,8a315e9adda899b95dc851af76830254ffa21962bf8aefe2a19e798fe4ebbaeb
artifacts/generative_llm_validation/crag_llama3_2_3b_latency_selector_offset_60/pareto_frontier.csv,289,94c3db0680e7abf0b2847a679fc3824e001f761a1cae0964dc4a5151d6b1ea25
artifacts/generative_llm_validation/crag_llama3_2_3b_latency_selector_offset_60/per_query_generation_metrics.csv,82147,612178b0c6b2f3aff1aa1446a3ad9865210c4236102496a060c56757ca30cefa
artifacts/generative_llm_validation/crag_llama3_2_3b_latency_selector_offset_60/policy_summary_metrics.csv,951,25ba2b53438111b63da1d372215c0b79846beed8fc6e79ad6c83f7041004a1a0
artifacts/generative_llm_validation/crag_llama3_2_3b_latency_selector_offset_60/primary_outcome_report.md,368,06b01003a9437d8d05d1f58126ca32c257247482639eab1dd5c8395e59ed84e8
artifacts/generative_llm_validation/crag_llama3_2_3b_latency_selector_offset_60/primary_outcome_statistics.json,2796,875bb5d7aa13d3351ce0801c4de0c3e5fb889020001f5621c75b44179b755639
artifacts/generative_llm_validation/crag_llama3_2_3b_latency_selector_offset_60/quality_signal_diagnostics.csv,1197,2ecadd2bb1845e21413a0bb38da73a0d59577ebd8a924fd46a75af96ff1106b1
artifacts/generative_llm_validation/crag_llama3_2_3b_latency_selector_offset_60/selector_comparison.csv,463,893c44e5945d26824569fcc0af68dc35dd98d5f5f6662d24bbec1b838ef6b3c9
artifacts/generative_llm_validation/crag_llama3_2_3b_learned_guarded_latency_offset_0/generative_crag_manifest.json,704,d6194befe2beb7483e487f695355cf985600df3dccb0e0a2ccae015f5b8213b5
artifacts/generative_llm_validation/crag_llama3_2_3b_learned_guarded_latency_offset_0/generator_environment_report.md,228,390295863386d90dfd97a32fb1ca629c0ce7ff340114e7dfe3372c7cefdc11be
artifacts/generative_llm_validation/crag_llama3_2_3b_learned_guarded_latency_offset_0/pareto_frontier.csv,131,ebea0bbf611f7b2b204a9ccdd70effad11812b13cce08387e5a2c4bcc6bd205d
artifacts/generative_llm_validation/crag_llama3_2_3b_learned_guarded_latency_offset_0/per_query_generation_metrics.csv,96367,087f29f913e7b1d6f635efee4d474ea239209d9a045390421dc55a9fe372f039
artifacts/generative_llm_validation/crag_llama3_2_3b_learned_guarded_latency_offset_0/policy_summary_metrics.csv,1150,83a1004da3ab378184162e43b61035109d4ee7bdec0315ef4749fe9e407dc9d0
artifacts/generative_llm_validation/crag_llama3_2_3b_learned_guarded_latency_offset_0/primary_outcome_report.md,351,40f8bffb3fd502b531d535e6da5ce684db892960c4317174fbd5b4d0fbf7a7ba
artifacts/generative_llm_validation/crag_llama3_2_3b_learned_guarded_latency_offset_0/primary_outcome_statistics.json,4325,013f8f3528b498c5d2607e6b44897ad40d048dd91dcc3a509b32824bbdd18ad8
artifacts/generative_llm_validation/crag_llama3_2_3b_learned_guarded_latency_offset_0/quality_signal_diagnostics.csv,1201,bd3bdfd7d956d323de93d9e0f49d603a1ba7ba299d1efc9a8c9de76c8a6e1c1a
artifacts/generative_llm_validation/crag_llama3_2_3b_learned_guarded_latency_offset_0/selector_comparison.csv,577,910d3514660cce524dfbae96f20c2a0b4d1cfd0559300488b86539ff94acdf7c
artifacts/generative_llm_validation/crag_llama3_2_3b_learned_guarded_latency_offset_24/generative_crag_manifest.json,739,860188cea191315c61f7ef088b145bb89f618980e7da77c5fffe9f9c2d9c241e
artifacts/generative_llm_validation/crag_llama3_2_3b_learned_guarded_latency_offset_24/generator_environment_report.md,263,ad6da48f3c58221b72a42fb32addad313b8f1c5e33c9b39bfa91724f188aa296
artifacts/generative_llm_validation/crag_llama3_2_3b_learned_guarded_latency_offset_24/pareto_frontier.csv,131,ebea0bbf611f7b2b204a9ccdd70effad11812b13cce08387e5a2c4bcc6bd205d
artifacts/generative_llm_validation/crag_llama3_2_3b_learned_guarded_latency_offset_24/per_query_generation_metrics.csv,96970,be94931512d0ed87defce7cbdfb814ae26da4ea319a34e6207efc583be5905fd
artifacts/generative_llm_validation/crag_llama3_2_3b_learned_guarded_latency_offset_24/policy_summary_metrics.csv,1145,271b05761d37060821541123523df0859d2c4bd46506387fd38a859d130ae104
artifacts/generative_llm_validation/crag_llama3_2_3b_learned_guarded_latency_offset_24/primary_outcome_report.md,386,5c6af36c1c80836e9fb9c67799f23f17d3633e74e3ed96dfc279151dc549d2d6
artifacts/generative_llm_validation/crag_llama3_2_3b_learned_guarded_latency_offset_24/primary_outcome_statistics.json,4277,7f21ab815ac0446d1d2b659fef481347d834d6d01df392dc5dcb2d2336b5d242
artifacts/generative_llm_validation/crag_llama3_2_3b_learned_guarded_latency_offset_24/quality_signal_diagnostics.csv,1199,79ed4e859eb459ad2ab85cd5c3819c7990b0ce606af1fe600da1456205d1ab35
artifacts/generative_llm_validation/crag_llama3_2_3b_learned_guarded_latency_offset_24/selector_comparison.csv,577,910d3514660cce524dfbae96f20c2a0b4d1cfd0559300488b86539ff94acdf7c
artifacts/generative_llm_validation/crag_llama3_2_3b_learned_guarded_latency_offset_36/generative_crag_manifest.json,721,bbb2395d8910eed495efd00f9c4494a2e73328319cddceaf089c755a0dfe7fe3
artifacts/generative_llm_validation/crag_llama3_2_3b_learned_guarded_latency_offset_36/generator_environment_report.md,245,8a315e9adda899b95dc851af76830254ffa21962bf8aefe2a19e798fe4ebbaeb
artifacts/generative_llm_validation/crag_llama3_2_3b_learned_guarded_latency_offset_36/pareto_frontier.csv,131,ebea0bbf611f7b2b204a9ccdd70effad11812b13cce08387e5a2c4bcc6bd205d
artifacts/generative_llm_validation/crag_llama3_2_3b_learned_guarded_latency_offset_36/per_query_generation_metrics.csv,98125,57a922d9f2d8479c4775c87f926e42a47beb64e5995012295f1798b1a8cd788c
artifacts/generative_llm_validation/crag_llama3_2_3b_learned_guarded_latency_offset_36/policy_summary_metrics.csv,1165,afdf5c229e08d91692378ae7122c0a0a474620754d08d83b4177f345dbeb905b
artifacts/generative_llm_validation/crag_llama3_2_3b_learned_guarded_latency_offset_36/primary_outcome_report.md,368,06b01003a9437d8d05d1f58126ca32c257247482639eab1dd5c8395e59ed84e8
artifacts/generative_llm_validation/crag_llama3_2_3b_learned_guarded_latency_offset_36/primary_outcome_statistics.json,4264,7592b8b4cf25c939efb9a487bb6be9c51d18f94457fdbce4a190a2f2b801f38f
artifacts/generative_llm_validation/crag_llama3_2_3b_learned_guarded_latency_offset_36/quality_signal_diagnostics.csv,1230,1dd20c694af61522463af3417377d2f6cbcdca7ea9432ed0295c9f9adc84bdb9
artifacts/generative_llm_validation/crag_llama3_2_3b_learned_guarded_latency_offset_36/selector_comparison.csv,577,910d3514660cce524dfbae96f20c2a0b4d1cfd0559300488b86539ff94acdf7c
artifacts/generative_llm_validation/crag_llama3_2_3b_learned_guarded_latency_offset_60/generative_crag_manifest.json,721,bbb2395d8910eed495efd00f9c4494a2e73328319cddceaf089c755a0dfe7fe3
artifacts/generative_llm_validation/crag_llama3_2_3b_learned_guarded_latency_offset_60/generator_environment_report.md,245,8a315e9adda899b95dc851af76830254ffa21962bf8aefe2a19e798fe4ebbaeb
artifacts/generative_llm_validation/crag_llama3_2_3b_learned_guarded_latency_offset_60/pareto_frontier.csv,131,ebea0bbf611f7b2b204a9ccdd70effad11812b13cce08387e5a2c4bcc6bd205d
artifacts/generative_llm_validation/crag_llama3_2_3b_learned_guarded_latency_offset_60/per_query_generation_metrics.csv,97381,ba6f5f63270bb81e82ae84ddc72fe9f790e97c08097645190d75c5ea1be7bc11
artifacts/generative_llm_validation/crag_llama3_2_3b_learned_guarded_latency_offset_60/policy_summary_metrics.csv,1140,32619b49f3e1ea9a1d91ad4b2d7b6f9f2dd62ab600bf84c84c61e4aa60b70b51
artifacts/generative_llm_validation/crag_llama3_2_3b_learned_guarded_latency_offset_60/primary_outcome_report.md,368,06b01003a9437d8d05d1f58126ca32c257247482639eab1dd5c8395e59ed84e8
artifacts/generative_llm_validation/crag_llama3_2_3b_learned_guarded_latency_offset_60/primary_outcome_statistics.json,4336,979bd9db3e383f043002bcbae0d5fda8edf7fc9ed40c9ff5a42e9e48a12d2bf1
artifacts/generative_llm_validation/crag_llama3_2_3b_learned_guarded_latency_offset_60/quality_signal_diagnostics.csv,1213,1d48e3e420f6fc6802fd68e1f79988a4ef1ad08fd1199c8872125782db6e2c7f
artifacts/generative_llm_validation/crag_llama3_2_3b_learned_guarded_latency_offset_60/selector_comparison.csv,577,910d3514660cce524dfbae96f20c2a0b4d1cfd0559300488b86539ff94acdf7c
artifacts/generative_llm_validation/crag_llama3_2_3b_offset_0/generative_crag_manifest.json,704,d6194befe2beb7483e487f695355cf985600df3dccb0e0a2ccae015f5b8213b5
artifacts/generative_llm_validation/crag_llama3_2_3b_offset_0/generator_environment_report.md,228,390295863386d90dfd97a32fb1ca629c0ce7ff340114e7dfe3372c7cefdc11be
artifacts/generative_llm_validation/crag_llama3_2_3b_offset_0/pareto_frontier.csv,379,4e277240bb43d93aac9b0e1fc56ec8b580a15a231b0c2a9586a55fe029e2cdc3
artifacts/generative_llm_validation/crag_llama3_2_3b_offset_0/per_query_generation_metrics.csv,81116,757379ffc616e921c9931af6c0aded86f58acfb457278a7cf3c9b24cdde33701
artifacts/generative_llm_validation/crag_llama3_2_3b_offset_0/policy_summary_metrics.csv,961,76e624a758dbdb8c29a28608b6a77690592ad652537500f3330d22a9445c620b
artifacts/generative_llm_validation/crag_llama3_2_3b_offset_0/primary_outcome_report.md,351,40f8bffb3fd502b531d535e6da5ce684db892960c4317174fbd5b4d0fbf7a7ba
artifacts/generative_llm_validation/crag_llama3_2_3b_offset_0/primary_outcome_statistics.json,2178,751266a293ae17d55cc5e33675ac27fcc457339a497ecabc60bcc3d82a5d5fdb
artifacts/generative_llm_validation/crag_llama3_2_3b_offset_0/quality_signal_diagnostics.csv,1201,68d7cae5c0c183794459fd53f849e914a2be4c4eb4d2d21a1ba82fbd80a7595b
artifacts/generative_llm_validation/crag_llama3_2_3b_offset_0/selector_comparison.csv,228,6ac61b1c237ead416899e6bcdf95e1bc22fd322e8df7a1b69cc6eee595d3527f
artifacts/generative_llm_validation/crag_llama3_2_3b_offset_24/generative_crag_manifest.json,704,0c68c9e46dc594206f5558f6428b87181af61265cbe0fe92ff151002173bebec
artifacts/generative_llm_validation/crag_llama3_2_3b_offset_24/generator_environment_report.md,228,390295863386d90dfd97a32fb1ca629c0ce7ff340114e7dfe3372c7cefdc11be
artifacts/generative_llm_validation/crag_llama3_2_3b_offset_24/pareto_frontier.csv,279,3a967ac5cdf515ad832a4e6af2f1d0bfdc08d12cc9fe0d7dd5b5aa9600bb4dbc
artifacts/generative_llm_validation/crag_llama3_2_3b_offset_24/per_query_generation_metrics.csv,81740,4df564a0d0b48a171f007e815cdda944302685aceb2be9d486f7490c5a586681
artifacts/generative_llm_validation/crag_llama3_2_3b_offset_24/policy_summary_metrics.csv,956,cd7dec8f4acf6188e6570175136f24247c473988c394935733be9f3febf5f6a3
artifacts/generative_llm_validation/crag_llama3_2_3b_offset_24/primary_outcome_report.md,351,40f8bffb3fd502b531d535e6da5ce684db892960c4317174fbd5b4d0fbf7a7ba
artifacts/generative_llm_validation/crag_llama3_2_3b_offset_24/primary_outcome_statistics.json,2045,7227bcd55ba1f19914b25dc5af435aaefa83d6dcfb836abe2899934f31492438
artifacts/generative_llm_validation/crag_llama3_2_3b_offset_24/quality_signal_diagnostics.csv,1199,f76cb7f47c0c5ce3087d818345b086fec6df21c2e4ef4459fb8b0240bbd683a2
artifacts/generative_llm_validation/crag_llama3_2_3b_offset_24/selector_comparison.csv,204,54add0d81ef9d55892b5ae204c3879b761198391a8a0cf1712c0ad50e16a25ae
artifacts/generative_llm_validation/crag_llama3_2_3b_offset_36/generative_crag_manifest.json,704,0c68c9e46dc594206f5558f6428b87181af61265cbe0fe92ff151002173bebec
artifacts/generative_llm_validation/crag_llama3_2_3b_offset_36/generator_environment_report.md,228,390295863386d90dfd97a32fb1ca629c0ce7ff340114e7dfe3372c7cefdc11be
artifacts/generative_llm_validation/crag_llama3_2_3b_offset_36/pareto_frontier.csv,365,5d64f79f47c348fb500892d38fff95b28969798f34529c5cf68ab036ed0d37f6
artifacts/generative_llm_validation/crag_llama3_2_3b_offset_36/per_query_generation_metrics.csv,82687,b3d99f511376ea932c77068d97ba677f169b469daea249faaf41cfa2755d1c30
artifacts/generative_llm_validation/crag_llama3_2_3b_offset_36/policy_summary_metrics.csv,981,ca2bae1f11e3a55be4a4698d5cc0b574fa32f78b8caf7c01f5a5be02f56f712e
artifacts/generative_llm_validation/crag_llama3_2_3b_offset_36/primary_outcome_report.md,351,40f8bffb3fd502b531d535e6da5ce684db892960c4317174fbd5b4d0fbf7a7ba
artifacts/generative_llm_validation/crag_llama3_2_3b_offset_36/primary_outcome_statistics.json,2168,1a162d639f62834b6e027a1599992701b70a25ec0187614438e15de82dc71ee1
artifacts/generative_llm_validation/crag_llama3_2_3b_offset_36/quality_signal_diagnostics.csv,1229,8742e5eed61d9752ec0a2cb58a6cf98e80beb52e708cba95518a5e7d11281343
artifacts/generative_llm_validation/crag_llama3_2_3b_offset_36/selector_comparison.csv,234,a3a38932e1bf4e21ea23b298b1551737cfac477b33963d6bd60d22fd99750add
artifacts/generative_llm_validation/crag_llama3_2_3b_offset_60/generative_crag_manifest.json,704,0c68c9e46dc594206f5558f6428b87181af61265cbe0fe92ff151002173bebec
artifacts/generative_llm_validation/crag_llama3_2_3b_offset_60/generator_environment_report.md,228,390295863386d90dfd97a32fb1ca629c0ce7ff340114e7dfe3372c7cefdc11be
artifacts/generative_llm_validation/crag_llama3_2_3b_offset_60/pareto_frontier.csv,225,2b31cd9b54dda206786d3f6d18a73d4e001ee994d69461701ce35157be924d72
artifacts/generative_llm_validation/crag_llama3_2_3b_offset_60/per_query_generation_metrics.csv,82143,76d28deaacc709e8f871bfa75e3849ad422f45fb355e4cdb1c2999b1125cdb78
artifacts/generative_llm_validation/crag_llama3_2_3b_offset_60/policy_summary_metrics.csv,954,48d0aed58a458ab6d091088c95fc0ba4c9c4cb90af6750c1954d336429e2e7da
artifacts/generative_llm_validation/crag_llama3_2_3b_offset_60/primary_outcome_report.md,351,40f8bffb3fd502b531d535e6da5ce684db892960c4317174fbd5b4d0fbf7a7ba
artifacts/generative_llm_validation/crag_llama3_2_3b_offset_60/primary_outcome_statistics.json,2103,87359a9d77219e5aa5f97d0e466a7847f886fbad55512b6e21dcc598cfeb0262
artifacts/generative_llm_validation/crag_llama3_2_3b_offset_60/quality_signal_diagnostics.csv,1197,2ecadd2bb1845e21413a0bb38da73a0d59577ebd8a924fd46a75af96ff1106b1
artifacts/generative_llm_validation/crag_llama3_2_3b_offset_60/selector_comparison.csv,246,b15efc4ed33fd43f060307628cd528688ed7ae0cd542ab155d3eeedcec60999a
artifacts/generative_llm_validation/crag_quality_risk_guardrail_v2/audit_manifest.json,4742,f9019016d01f2172ee4181e361c2ef4a0661adaa03ae3795d083bf866b3694ec
artifacts/generative_llm_validation/crag_quality_risk_guardrail_v2/heldout_offset_results.csv,1647,d9ce6059ae10259d61cde0a9738ac9d40e56d78dc34759933ba39a0fd05dc055
artifacts/generative_llm_validation/crag_quality_risk_guardrail_v2/pooled_training_rows.csv,13307,a259405a43776fd7eff5855b782c2463dd14fa91a2cd909bbf168cbb3cf1a0ed
artifacts/generative_llm_validation/crag_quality_risk_guardrail_v2/predictor_rules.csv,77970,0c93226b7dc63176c81ec199e5c459808401223dda500ffe17efef940ed7e551
artifacts/generative_llm_validation/crag_quality_risk_guardrail_v2/predictor_rules.json,758382,d99a27cf03709e0dd652a91b3691906c48f43127a8e018cf14148b304c32acca
artifacts/generative_llm_validation/crag_quality_risk_guardrail_v2/primary_outcome_report.md,782,7f41e9711308711032c82864d227e2ba9c803284948227043c65725cb8069122
artifacts/generative_llm_validation/crag_quality_risk_guardrail_v2/primary_outcome_statistics.json,4742,f9019016d01f2172ee4181e361c2ef4a0661adaa03ae3795d083bf866b3694ec
artifacts/generative_llm_validation/crag_repeat/generative_crag_manifest.json,701,e3f7661c5e085d407f132ad6143f3f49fcc64a6011a86c9fc2eff8afd541b2b4
artifacts/generative_llm_validation/crag_repeat/generator_environment_report.md,225,2ae6e22a55255e848516977a88c00fd8f0fee9d80a33d77b7fde1891aa8423c3
artifacts/generative_llm_validation/crag_repeat/pareto_frontier.csv,450,89c3a51afd8d2028e36f7facd6f18aeb11b0f79905aafa8dad3e0163b385fde4
artifacts/generative_llm_validation/crag_repeat/per_query_generation_metrics.csv,61739,c9ff5ed4527c6f1128790dd629c812478d928954936ac895ef6b486b528cb6c4
artifacts/generative_llm_validation/crag_repeat/policy_summary_metrics.csv,1030,5bce3a05d6e9f9c93de0aab39d973da277cb6a0901f551c989097fa85849414c
artifacts/generative_llm_validation/crag_repeat/primary_outcome_report.md,351,40f8bffb3fd502b531d535e6da5ce684db892960c4317174fbd5b4d0fbf7a7ba
artifacts/generative_llm_validation/crag_repeat/primary_outcome_statistics.json,1997,85dcf5973d02e396941d74fdae54e9e3c1aa0d39ca4c5f550d86621f96bdf7ac
artifacts/generative_llm_validation/crag_repeat/quality_signal_diagnostics.csv,1255,419f2cd16aa25dae2a0a9c099d82abf2f26b7c91953cbe05fa9bf07a419d4b5c
artifacts/generative_llm_validation/crag_repeat/selector_comparison.csv,230,338cdbde6799947d9f9de265d2217082a3e5b13d27746eba02f4d00332f6bb60
artifacts/generative_llm_validation/crag_repeat_offset_36/generative_crag_manifest.json,701,e3f7661c5e085d407f132ad6143f3f49fcc64a6011a86c9fc2eff8afd541b2b4
artifacts/generative_llm_validation/crag_repeat_offset_36/generator_environment_report.md,225,2ae6e22a55255e848516977a88c00fd8f0fee9d80a33d77b7fde1891aa8423c3
artifacts/generative_llm_validation/crag_repeat_offset_36/pareto_frontier.csv,471,8e9e412179f300a405f359fb55a1c15e9c0b1f89a1df3d25b33ba9d9a3d1221d
artifacts/generative_llm_validation/crag_repeat_offset_36/per_query_generation_metrics.csv,62330,651bee86eccfe482e93f1f56162ce73339a92b842cc2372a9d002adbfc888b87
artifacts/generative_llm_validation/crag_repeat_offset_36/policy_summary_metrics.csv,1002,63fa0e67e5cf5c165eb330dfb8e99d055a97bd966f7a3db9fd163947815043b7
artifacts/generative_llm_validation/crag_repeat_offset_36/primary_outcome_report.md,351,40f8bffb3fd502b531d535e6da5ce684db892960c4317174fbd5b4d0fbf7a7ba
artifacts/generative_llm_validation/crag_repeat_offset_36/primary_outcome_statistics.json,2017,fb60185f54964241e0689504d3c5ebc6576d1b346a2cead6b1d703ccdc20428d
artifacts/generative_llm_validation/crag_repeat_offset_36/quality_signal_diagnostics.csv,1212,6e3cab1b5a6528e187ba61bcdc55505f32e9bb608cd4c02d653fc5cf1abb35e9
artifacts/generative_llm_validation/crag_repeat_offset_36/selector_comparison.csv,230,338cdbde6799947d9f9de265d2217082a3e5b13d27746eba02f4d00332f6bb60
artifacts/generative_llm_validation/crag_repeat_offset_60/generative_crag_manifest.json,701,e3f7661c5e085d407f132ad6143f3f49fcc64a6011a86c9fc2eff8afd541b2b4
artifacts/generative_llm_validation/crag_repeat_offset_60/generator_environment_report.md,225,2ae6e22a55255e848516977a88c00fd8f0fee9d80a33d77b7fde1891aa8423c3
artifacts/generative_llm_validation/crag_repeat_offset_60/pareto_frontier.csv,365,5d64f79f47c348fb500892d38fff95b28969798f34529c5cf68ab036ed0d37f6
artifacts/generative_llm_validation/crag_repeat_offset_60/per_query_generation_metrics.csv,63318,95f8aefeba4ba83ee3e416da757efc9016462599bfc22f588118392c1364e136
artifacts/generative_llm_validation/crag_repeat_offset_60/policy_summary_metrics.csv,1046,75e9cee8044c8b36da01b0fcdcbc898f5499079d046b734921ebff120d7585e6
artifacts/generative_llm_validation/crag_repeat_offset_60/primary_outcome_report.md,351,40f8bffb3fd502b531d535e6da5ce684db892960c4317174fbd5b4d0fbf7a7ba
artifacts/generative_llm_validation/crag_repeat_offset_60/primary_outcome_statistics.json,2005,b11d9b01dbfe129690e835fe8ac1c8395797ad9e546267ba9419c7f363ba223a
artifacts/generative_llm_validation/crag_repeat_offset_60/quality_signal_diagnostics.csv,1235,6942bd33aa34b0a1e6947616903c9b9df86d5dc5bf6ac82a855ff7bf4a83a2bb
artifacts/generative_llm_validation/crag_repeat_offset_60/selector_comparison.csv,234,a3a38932e1bf4e21ea23b298b1551737cfac477b33963d6bd60d22fd99750add
artifacts/generative_llm_validation/crag_second_model_gpt_oss_20b_offset_0/generative_crag_manifest.json,704,50cfd63d83a05d7288b8e194e35f66bebec5478df5979ac2a090ecbb6ffe8093
artifacts/generative_llm_validation/crag_second_model_gpt_oss_20b_offset_0/generator_environment_report.md,228,91322b259393866290a302f48fc63073811fbd6240b36ea0c4d336dcab4eceab
artifacts/generative_llm_validation/crag_second_model_gpt_oss_20b_offset_0/pareto_frontier.csv,303,64161198d42259972bac69b4d2e9ffe4831a9528b03c42e71932422b7e1209b2
artifacts/generative_llm_validation/crag_second_model_gpt_oss_20b_offset_0/per_query_generation_metrics.csv,60100,964bd44c55aa8a097be4fb98b7b325bfe94239ac9499607fb712269bff67ba65
artifacts/generative_llm_validation/crag_second_model_gpt_oss_20b_offset_0/policy_summary_metrics.csv,1006,81e4af2f568566b76553adc9e0489e1f5754b56ca3ccff00b71146ee848be3c4
artifacts/generative_llm_validation/crag_second_model_gpt_oss_20b_offset_0/primary_outcome_report.md,351,40f8bffb3fd502b531d535e6da5ce684db892960c4317174fbd5b4d0fbf7a7ba
artifacts/generative_llm_validation/crag_second_model_gpt_oss_20b_offset_0/primary_outcome_statistics.json,1973,52600d95f8e594c3c76e18df39e2c1518cd7fcaa9d9dacbf6fb29d87ea9590fb
artifacts/generative_llm_validation/crag_second_model_gpt_oss_20b_offset_0/quality_signal_diagnostics.csv,1216,023592a47dc6be4574d969f7683b2419fc015809b03e849fe390523194771daa
artifacts/generative_llm_validation/crag_second_model_gpt_oss_20b_offset_0/selector_comparison.csv,246,b15efc4ed33fd43f060307628cd528688ed7ae0cd542ab155d3eeedcec60999a
artifacts/generative_llm_validation/crag_second_model_gpt_oss_20b_offset_24/generative_crag_manifest.json,704,d27f713bfef0dd1ffa9ac5c18560749f734bf473b79ed5aec5926f598e0a8c61
artifacts/generative_llm_validation/crag_second_model_gpt_oss_20b_offset_24/generator_environment_report.md,228,91322b259393866290a302f48fc63073811fbd6240b36ea0c4d336dcab4eceab
artifacts/generative_llm_validation/crag_second_model_gpt_oss_20b_offset_24/pareto_frontier.csv,288,cba7dab69e66824be17890b9960b795861c80d9b1f18352c9e75775256125897
artifacts/generative_llm_validation/crag_second_model_gpt_oss_20b_offset_24/per_query_generation_metrics.csv,60793,e0a1c162f8b51f26a3aaea460e00d3902d3f9552378f99fbdd240c8e22b68945
artifacts/generative_llm_validation/crag_second_model_gpt_oss_20b_offset_24/policy_summary_metrics.csv,1014,912b7452cd3de547eefc28b3ec2851a5e299b110ec90adba7c8d620fccf30c88
artifacts/generative_llm_validation/crag_second_model_gpt_oss_20b_offset_24/primary_outcome_report.md,351,40f8bffb3fd502b531d535e6da5ce684db892960c4317174fbd5b4d0fbf7a7ba
artifacts/generative_llm_validation/crag_second_model_gpt_oss_20b_offset_24/primary_outcome_statistics.json,1980,aab5a21044c71f3bf0e3417691bb4fd400244cb0a867d220beb68d8d83323996
artifacts/generative_llm_validation/crag_second_model_gpt_oss_20b_offset_24/quality_signal_diagnostics.csv,1223,66360bb4dd121b19dcc3d4a94533c4f200c127e9d18ce54869b4316954b32a29
artifacts/generative_llm_validation/crag_second_model_gpt_oss_20b_offset_24/selector_comparison.csv,234,a3a38932e1bf4e21ea23b298b1551737cfac477b33963d6bd60d22fd99750add
artifacts/generative_llm_validation/crag_second_model_gpt_oss_20b_offset_36/generative_crag_manifest.json,704,d27f713bfef0dd1ffa9ac5c18560749f734bf473b79ed5aec5926f598e0a8c61
artifacts/generative_llm_validation/crag_second_model_gpt_oss_20b_offset_36/generator_environment_report.md,228,91322b259393866290a302f48fc63073811fbd6240b36ea0c4d336dcab4eceab
artifacts/generative_llm_validation/crag_second_model_gpt_oss_20b_offset_36/pareto_frontier.csv,389,2648c64066041b90e46ca9db94e0b25d6db3ac79166f6439e828ed856526a6f4
artifacts/generative_llm_validation/crag_second_model_gpt_oss_20b_offset_36/per_query_generation_metrics.csv,60236,491c663faf850a3ea6e5daee0bd23248b51ccc73a6b2b1def12f60951050744d
artifacts/generative_llm_validation/crag_second_model_gpt_oss_20b_offset_36/policy_summary_metrics.csv,1028,8f4416d69ab2a4c5e3463d7b277c94510d6532a5b714d5b1059bba36fddcc8ae
artifacts/generative_llm_validation/crag_second_model_gpt_oss_20b_offset_36/primary_outcome_report.md,351,40f8bffb3fd502b531d535e6da5ce684db892960c4317174fbd5b4d0fbf7a7ba
artifacts/generative_llm_validation/crag_second_model_gpt_oss_20b_offset_36/primary_outcome_statistics.json,2010,8cb16fffc67e8f7d3ed2cf02ff2ea11c87a51855d6455c89d25e51c1f161483c
artifacts/generative_llm_validation/crag_second_model_gpt_oss_20b_offset_36/quality_signal_diagnostics.csv,1210,2e52f9edcb3252943727b8bd4f7005af9feb976009c8df61f2185d3ead599fb8
artifacts/generative_llm_validation/crag_second_model_gpt_oss_20b_offset_36/selector_comparison.csv,246,b15efc4ed33fd43f060307628cd528688ed7ae0cd542ab155d3eeedcec60999a
artifacts/generative_llm_validation/crag_second_model_gpt_oss_20b_offset_60/generative_crag_manifest.json,704,d27f713bfef0dd1ffa9ac5c18560749f734bf473b79ed5aec5926f598e0a8c61
artifacts/generative_llm_validation/crag_second_model_gpt_oss_20b_offset_60/generator_environment_report.md,228,91322b259393866290a302f48fc63073811fbd6240b36ea0c4d336dcab4eceab
artifacts/generative_llm_validation/crag_second_model_gpt_oss_20b_offset_60/pareto_frontier.csv,290,21a5be0bc70f767cdd458c31096a53729e971c4be29c1b621c86ced9b50b1282
artifacts/generative_llm_validation/crag_second_model_gpt_oss_20b_offset_60/per_query_generation_metrics.csv,59995,978c84226013400da5956a56c6f0181489082f5cd64234fd66b246be6ea59d32
artifacts/generative_llm_validation/crag_second_model_gpt_oss_20b_offset_60/policy_summary_metrics.csv,1013,14c6b9911f6d59387726a3d983bf4861b6c264b4d66aa56a02216791887e43a3
artifacts/generative_llm_validation/crag_second_model_gpt_oss_20b_offset_60/primary_outcome_report.md,351,40f8bffb3fd502b531d535e6da5ce684db892960c4317174fbd5b4d0fbf7a7ba
artifacts/generative_llm_validation/crag_second_model_gpt_oss_20b_offset_60/primary_outcome_statistics.json,1897,75894d5e7d403a729148903268b882483f8010d3900f50f007b54d214113ae2f
artifacts/generative_llm_validation/crag_second_model_gpt_oss_20b_offset_60/quality_signal_diagnostics.csv,1210,089c92896c7059b9084929cd687f7005e7cb4a7de5acdd7be282a6c1eb822f8c
artifacts/generative_llm_validation/crag_second_model_gpt_oss_20b_offset_60/selector_comparison.csv,204,54add0d81ef9d55892b5ae204c3879b761198391a8a0cf1712c0ad50e16a25ae
artifacts/generative_llm_validation/hotpotqa/generative_hotpotqa_manifest.json,621,37f93590f7e37a0103f461f491f3b75f0f81a5b12870fb233b982042c13e86e0
artifacts/generative_llm_validation/hotpotqa/generator_environment_report.md,231,9c8c30206559362cfc99220ec22ceb7636b19bd57069702c63b92212c4fa6dff
artifacts/generative_llm_validation/hotpotqa/pareto_frontier.csv,291,af8cf00334698d660f4cde62712b75c99ee051ce04d067cdbe4b4bc7c0ac6231
artifacts/generative_llm_validation/hotpotqa/per_query_generation_metrics.csv,45134,2924d259ca3d553887a0d5d303e1397005d96773661705b5cb119830d1032d29
artifacts/generative_llm_validation/hotpotqa/policy_summary_metrics.csv,678,da98d17f9b692e2ddc0a43751b94d5d52ad3d5ba57ab5ff2bd97c7eaf339eb7f
artifacts/generative_llm_validation/hotpotqa/primary_outcome_report.md,227,4fd7309c1161b7c142b36d248fdf212b10d7cf253a837b591178750416ea4cf6
artifacts/generative_llm_validation/hotpotqa/primary_outcome_statistics.json,1854,edc2a8f936fa2a1ce879283af217c3f839558e506f9b86114042a68e7d0fda2f
artifacts/generative_llm_validation/hotpotqa/quality_signal_diagnostics.csv,1174,20a3cfb73ae6cdfb4ab33f62c49a0bf21e079d49fbfbba5c6ba48222c0339a97
artifacts/generative_llm_validation/hotpotqa/selector_comparison.csv,228,388fa17d6242a183617f78df6b93ba1731f20ccd4ee8a846740079af5e9bd67d
artifacts/generative_llm_validation/hotpotqa_quality_signal_audit/audit_manifest.json,1072,8cd9664e234eb6cd518d50613982460a3e84a8462d097c3c35c28bcf0a4a0893
artifacts/generative_llm_validation/hotpotqa_quality_signal_audit/generative_hotpotqa_manifest.json,621,37f93590f7e37a0103f461f491f3b75f0f81a5b12870fb233b982042c13e86e0
artifacts/generative_llm_validation/hotpotqa_quality_signal_audit/generator_environment_report.md,231,9c8c30206559362cfc99220ec22ceb7636b19bd57069702c63b92212c4fa6dff
artifacts/generative_llm_validation/hotpotqa_quality_signal_audit/pareto_frontier.csv,355,6c91071299fa88a2f857f0ae562371dca2604d8fff6b14a66f98563b8086e77d
artifacts/generative_llm_validation/hotpotqa_quality_signal_audit/per_query_generation_metrics.csv,45919,62ffdd1a0779fb05e968a2fd98c81d46ae56565b4e89c347531bb181424c1e06
artifacts/generative_llm_validation/hotpotqa_quality_signal_audit/policy_summary_metrics.csv,691,b96bd3497139805dd80a8e44399ea914485bcb5f053af6e730c7c181f39f5f5a
artifacts/generative_llm_validation/hotpotqa_quality_signal_audit/primary_outcome_report.md,227,4fd7309c1161b7c142b36d248fdf212b10d7cf253a837b591178750416ea4cf6
artifacts/generative_llm_validation/hotpotqa_quality_signal_audit/primary_outcome_statistics.json,1875,9598a547b47c229b7432edc4b5969250cf9f83d2db8e2015b270e60e73783f28
artifacts/generative_llm_validation/hotpotqa_quality_signal_audit/quality_signal_audit_report.md,414,ee0c68fc70bbc9dcbc82672998beae3d9298c6198ba795fed145fd1403039479
artifacts/generative_llm_validation/hotpotqa_quality_signal_audit/quality_signal_diagnostics.csv,1199,186959f6b21d4022f58a6e495224c2d58d71f98336b396bb8cde0f9f9c46c941
artifacts/generative_llm_validation/hotpotqa_quality_signal_audit/selector_comparison.csv,225,a582809d7f6e7c6a37661f55c9e3fdb08b4fc31d953fe47dd8af5aecc01641c4
artifacts/hotpotqa_behavioral_governance/behavioral_distinction_matrix.csv,5018,a645094259bffc9f8f828f20378f4dd9755a06d97f263ce6e446a38994db33b8
artifacts/hotpotqa_behavioral_governance/hotpotqa_acquisition_manifest.json,3122,03435e82c90cf8795bc0971c11239b4b07d8288e5e61aae282dcaeddab483fba
artifacts/hotpotqa_behavioral_governance/hotpotqa_license_report.md,370,176310ff7ca089a98b57880ff4988bccf256b0947592bca261d1cd51fd9021b1
artifacts/hotpotqa_behavioral_governance/hotpotqa_quality_measurement_report.md,439,9fde0995e8b3b576169586efb58bce05df474906d2aaa861c14ef10630553f14
artifacts/hotpotqa_behavioral_governance/hotpotqa_split_manifest.json,317,a0f07d4c935b58c7e03ab63dff11cc94fe3331ad92af1626de5852037669746c
artifacts/hotpotqa_behavioral_governance/pareto_frontier.csv,2154,86bcfd45865109e8e1855c6e3bff7278ed0739c13ef0eda76af949129e5bbbec
artifacts/hotpotqa_behavioral_governance/per_query_policy_results.csv,2540317,8d867414453ef59a45091942d5c307cbee8024216571098f725902e62f650ea4
artifacts/hotpotqa_behavioral_governance/policy_summary_metrics.csv,4492,d75db34661a360d2f5b159d5a88db07b3f6ffedc4474172c58b0c539ca242490
artifacts/hotpotqa_behavioral_governance/primary_outcome_report.md,716,b529f361c014ac7d3ecdd7140347e960e6a79857d9120e26a3ac9df480d6680a
artifacts/hotpotqa_behavioral_governance/primary_outcome_statistics.json,3122,03435e82c90cf8795bc0971c11239b4b07d8288e5e61aae282dcaeddab483fba
artifacts/hotpotqa_behavioral_governance/selector_comparison.csv,410,19409ec8daf6c476440c3d55c9c983429d6100b1f91958e759145ba883b00904
artifacts/hotpotqa_behavioral_governance/split_manifest.json,317,a0f07d4c935b58c7e03ab63dff11cc94fe3331ad92af1626de5852037669746c
artifacts/hotpotqa_quality_signal_audit_v2/audit_manifest.json,1231,67c647c6d16b189345d3117deff0bf92f9af1f4b61f71c550cb9adaa01415ff9
artifacts/hotpotqa_quality_signal_audit_v2/audit_report.md,273,3790e0aa04b77d01689444010d6ce7808bea68ae7be86b7a78a66ac0be7c97be
artifacts/hotpotqa_quality_signal_audit_v2/policy_summary_metrics.csv,400,9bb7a30136b952d9fd507f3814ec461e0f7bb5b6a337755f1728500ec9854a64
artifacts/hotpotqa_quality_signal_audit_v2/primary_outcome_statistics.json,1231,67c647c6d16b189345d3117deff0bf92f9af1f4b61f71c550cb9adaa01415ff9
artifacts/hotpotqa_quality_signal_audit_v2/quality_signal_diagnostics.csv,1050,e6890fc5f84b03ac05125cd26fe89a9cb629d8b11856d7047955c469c16baf20
artifacts/manifests/README.md,141,ebb4cc240810de60c111022581256d86de36a7b5b571a779660a1abb977146d0
artifacts/public_mini_governance_job/environment_inspection.json,276,afff7860cb222d07dbd7d8ac176ce214754e0fec26ed2979a4c78b27ef49ee86
artifacts/public_mini_governance_job/promotion_decision.json,1136,3597b1bc33ddb7609286ce190e413cae712a740083ec2003f7bfe78a12b52e95
artifacts/public_mini_governance_job/public_mini_reproduction/mini_reproduction_manifest.json,671,d8da639ab68ccdb42377ee9036158e74bb51fc4365367840fd5c09a5b802c9e6
artifacts/public_mini_governance_job/public_mini_reproduction/per_query_policy_results.csv,1873,4aaf763abb0b3069ce279ae794218379e9d88b75be19bee7b001144309aee443
artifacts/public_mini_governance_job/public_mini_reproduction/policy_summary_metrics.csv,249,45ec463dac7aaba70db4733a4fbff244b514a29624a090ff593dd40efc925418
artifacts/public_mini_governance_job/public_mini_reproduction/primary_outcome_report.md,460,24f70d9a71e99bf7bfd4bbf2d25e13659664fe7b5a32554889ae122094b7caec
artifacts/public_mini_governance_job/public_mini_reproduction/primary_outcome_statistics.json,671,d8da639ab68ccdb42377ee9036158e74bb51fc4365367840fd5c09a5b802c9e6
artifacts/public_mini_governance_job/public_mini_reproduction/selector_comparison.csv,218,991c45f57ca56f6d39867e356cb5216ef4cd5782d15c32abfc754a1de0a4a071
artifacts/public_mini_governance_job/run_manifest.json,106,e631daf4b9df5ca0b0bfe5500bf54bcdbaa7c92e20c43d2c15f61af4684c0aa2
artifacts/public_mini_governance_job/validation_report.json,58,a0bcf13b14d11cdd93b2ce7aada025edbf2aa427b4c892cece83d62cb3db01da
artifacts/public_mini_governance_job/validation_report.md,55,73e3d23f65d50ca2da5a21686b1376a5c150993662e2237ba85ca5d0bac31659
artifacts/public_mini_reproduction/mini_reproduction_manifest.json,671,d8da639ab68ccdb42377ee9036158e74bb51fc4365367840fd5c09a5b802c9e6
artifacts/public_mini_reproduction/per_query_policy_results.csv,1873,4aaf763abb0b3069ce279ae794218379e9d88b75be19bee7b001144309aee443
artifacts/public_mini_reproduction/policy_summary_metrics.csv,249,45ec463dac7aaba70db4733a4fbff244b514a29624a090ff593dd40efc925418
artifacts/public_mini_reproduction/primary_outcome_report.md,460,24f70d9a71e99bf7bfd4bbf2d25e13659664fe7b5a32554889ae122094b7caec
artifacts/public_mini_reproduction/primary_outcome_statistics.json,671,d8da639ab68ccdb42377ee9036158e74bb51fc4365367840fd5c09a5b802c9e6
artifacts/public_mini_reproduction/selector_comparison.csv,218,991c45f57ca56f6d39867e356cb5216ef4cd5782d15c32abfc754a1de0a4a071
artifacts/quality_measurement/per_query_quality_components.csv,2727638,7a92c27ab7fd788ecd7b569286a4fce80251cfbcce6af8d3b08c2751509ad61a
artifacts/quality_measurement/quality_calibration_report.md,503,83cec6315e5b100727098a2a3e16d8ab406916dc06ab8ae68cf3770cd627d147
artifacts/quality_measurement/quality_component_config.yaml,301,857f9a39086bd7ef113381f8b1b714eb33ac2f96b273e5fea023dd0ba0059434
artifacts/quality_measurement/quality_measurement_manifest.json,359,2d8530f8af3a7c97fe64eceed367e5f7f27f54c5d3dad71c464334efed074a84
artifacts/quality_measurement/quality_measurement_result.json,359,2d8530f8af3a7c97fe64eceed367e5f7f27f54c5d3dad71c464334efed074a84
artifacts/selector_ablation_matrix/selector_ablation_manifest.json,707,72f4ad3c15ac46b692fb66bf89522b6579968a98ee501bad3029ee784d6d68ed
artifacts/selector_ablation_matrix/selector_ablation_report.md,470,f5ee62dae9497f05d8988c24a11fa397a0d837afc4ebc7832166192e5465d62b
artifacts/selector_ablation_matrix/selector_ablation_results.csv,1371,a7152e255ca79d4c4931a97c07fc744ea693bb64957f4f27affcd98b090eea38
artifacts/selector_ablation_matrix/selector_ablation_summary.csv,609,057542df7573ff9b9b934d6a4653c5d8b983c5b9a49741426b45403699922c43
artifacts/selector_ablation_matrix/unsafe_selector_cases.csv,164,3a867a711bea9f1f580ac0398966df163ae71a003046be6da1018a02e2792767
artifacts/selector_ablation_stress_v2/selector_ablation_stress_manifest.json,867,0ca1c1b039773df495d521a8eea244f2a7a7eee7ea75882d3f43b76a7fc60bd3
artifacts/selector_ablation_stress_v2/selector_ablation_stress_report.md,213,7827b543274c541c653500712766f75f5002ef03aa7c56ccdae73d12c0cdfb74
artifacts/selector_ablation_stress_v2/selector_ablation_stress_results.csv,1199,99fd972b600a4eb8ea23502193cf1ef7a48222179e6b786f338130ca75618e9f
artifacts/selector_ablation_stress_v2/selector_ablation_stress_summary.csv,350,535e6a91c3e294a48a67df495d0d2c9100649d728b9337909ebb7a2833a9f9c0
artifacts/selector_ablation_stress_v2/unsafe_selector_cases.csv,501,80f8c22fdfd91e93eb7b2d84e34cb114d88998fef921f39b019692bc816f02b6
artifacts/verify_run_demo/artifact_manifest.json,1057,5ec4da4c5e6f98fa9dbd6e5b09f6d70d0065249aa9f87f80c4cf75865a102b45
artifacts/verify_run_demo/artifact_manifest.sha256,89,3c983ecd08b2680062d33f57a971030be44353bd390830e44558f2e17f3b41a2
artifacts/verify_run_demo/verify_run_manifest.json,283,00b0581488b7c3dd8f23a7bd7cf3ff4e647719c24c99b52186d04214bcc3b9c0
artifacts/verify_run_demo/verify_run_report.md,157,95bc8ad5b57209e9ad26483f4b88cc895204d36e1bf453ba7e59c1f335f03264
configs/datasets.yaml,927,dfe3d40615dad952b14619ba384024e725e062ef9c76310ffe99ab68595ead08
configs/experiments/ablation_matrix.yaml,1151,46dbb57bf067fd0d2facc8a052445add6b30e86d9cfca623906b26df8cb92992
configs/experiments/full_spectra_matrix.yaml,1369,b58848cfcbefc894ad37ab81d04aa30459c04833e85a9682d9e2be700af25ec4
configs/experiments/gate_baseline_matrix.yaml,1029,1a043dc349e8519d2993b25b6a508f136288f2f5dd829c7c657c17a5b19f65fe
configs/experiments/gpu_smoke_energy.yaml,882,782b894e63dd95d71a07bf0b5ea63f98962bad36feaf39d4b7c4ba3c4c5874bf
configs/experiments/ragwarrant_aim_hardware_characterization_v1.yaml,259,aef3b910692f757f4774dccc00e7430768c92e576491412afff68e94b4f02fdb
configs/experiments/ragwarrant_aim_hardware_matrix_v1.yaml,173,8201e09376371ecfff6225cf6302873b1a7157f93f70862370e5fa481bbe0f05
configs/experiments/ragwarrant_answer_quality_measurement_v1.yaml,600,0e6845ae4bc98aaa768449cdd2e2908794033ed5bb9a74a3233ff5cd2fbc8a07
configs/experiments/ragwarrant_behavioral_governance_paper_summary_v1.yaml,549,7c6cbf8b8d1e60cc283a1753773979953d440402eab2a2844c3ee6c320983cd5
configs/experiments/ragwarrant_behavioral_governance_primary_outcome_v1.yaml,1549,0e3522c173272e5ed89c9bdeaa7877d38294bb19c9d2fe5f6aee345089e17bf1
configs/experiments/ragwarrant_behavioral_governance_repeat_v1.yaml,380,07a0f0695484d3d9de2dd451112ece35df9f57b6bb91e64e5c727f3bc535220e
configs/experiments/ragwarrant_behaviorally_distinct_policy_suite_v1.yaml,793,85797cc642849a868afb0367403de74d8e14f63686a072cfc2876217a5fd0725
configs/experiments/ragwarrant_beneficial_governance_divergence_search_v1.yaml,447,6fd10500bc5f088dfac1e536f6f5fa8aba8db18404bab9fb8e54591811bf3f76
configs/experiments/ragwarrant_certificate_calibration_v1.yaml,341,fd3d2282710e40efce9ede85fcbaf758467884cfdb0d8cabe61cc7e528e3710e
configs/experiments/ragwarrant_challenge_unlock_v1.yaml,620,30ad6128e864e0d9e6bc06f38bc9248d4d8bdcefc912c3cde92e7834765b9a6c
configs/experiments/ragwarrant_cloud_repro_v1.yaml,334,4fab9730ba53d91be60fa2c0780a26ed94eb6677ffd4a133753388d7380dd2a1
configs/experiments/ragwarrant_confirmatory_provenance_v1.yaml,773,99a3756e34f3fcfaedde9d98f40b6bdec08c651cccdc7d41765f5a7bb0fe8c30
configs/experiments/ragwarrant_confirmatory_provenance_v2.yaml,976,d43109d56ff9b7cd1fa501b8be88a92d239cbbc3f5658c825910bec25adb68c1
configs/experiments/ragwarrant_confirmatory_readiness_gate_v1.yaml,1857,a6637298a49f7e93b74ad2690540679583a1936948eb84ed254495a8c41c65ec
configs/experiments/ragwarrant_container_smoke_tests_v1.yaml,456,62db5073475f0a1e4898463f93ae0c0c5b952b5c2c7f704acef1318a8d9717af
configs/experiments/ragwarrant_continued_investment_decision_memo_v1.yaml,365,7bcca96be4f7c8d0087378bb488bcc86a75e0f9e5f40d519f198eac06a56f83a
configs/experiments/ragwarrant_crag_acquisition_adapter_v1.yaml,1080,4f98b531b9e18b5a306278f12ecb1b0fbc04b964052dd2bd6b85179850a4a758
configs/experiments/ragwarrant_crag_evaluator_mapping_diagnostic_v2.yaml,146,7912cc824d62a7d7aa726e5d08f5450a19539b2609d40799719f36c98c4110ed
configs/experiments/ragwarrant_crag_generated_answer_evaluator_mapping_v1.yaml,420,5fe8788f3c9a807fda84d252172f6940f6b725baf7c7415baa481e09bb49f518
configs/experiments/ragwarrant_crag_generative_llm_validation_v1.yaml,1894,1442b85857f39bc1bb6c72d43c9e13b3e78994a3801cbe17ff7a512f5484417f
configs/experiments/ragwarrant_crag_generative_quality_risk_guardrail_v2.yaml,1419,bafc98adc2ac8828c6a022bd963d8b72f5a5119ea2d332a5888158196910963f
configs/experiments/ragwarrant_crag_governance_evaluation_v1.yaml,549,7ec0ebed64ea5c028b0ade41362f96d9bb3113c6ecea761921c2561903391612
configs/experiments/ragwarrant_crag_manual_approval_decision_v1.yaml,269,e7b351e1379ffae859fe7202026439b4723bce45cc98f31752c3a5dfdf5ca013
configs/experiments/ragwarrant_crag_manual_approval_decision_v2.yaml,961,9495a3a456a9ecaf66cb9a327d71dc30c1a11a1e885ed89009612a8c6ee6bea3
configs/experiments/ragwarrant_crag_mock_api_ablation_v1.yaml,287,d6a9262dd8615c5e00422a9fc4175e56ede8f97d9efc26d377dd54ad7a83bd66
configs/experiments/ragwarrant_crag_mock_api_case_explanation_pack_v1.yaml,329,7da54df0f99ba764139abd5d7a8ede9874ce84432818e03f31e103e28fe017a2
configs/experiments/ragwarrant_crag_mock_api_docker_reproduction_v1.yaml,1180,c87a0e1759bdaa5da3227d79a146d4ce94e500b90ff247781fe643d8af523a7e
configs/experiments/ragwarrant_crag_mock_api_evidence_synthesis_v1.yaml,242,f2b8c0c4503543898f880e9c18073a764c30960d4d82274b2a2919074beb602a
configs/experiments/ragwarrant_crag_mock_api_governance_evaluation_v1.yaml,428,f7fc9f4c631508e10cc781f1ca7ef7e0a6dc382fbb15de0a79e64f3ca4944baf
configs/experiments/ragwarrant_crag_mock_api_path_v1.yaml,578,172aaf41609d41d6dd59ec4cd76ca435054e82090316ce0a1d88ff180e713075
configs/experiments/ragwarrant_crag_mock_api_repeat_validation_v1.yaml,528,e08bc6d370f7c5241a32b0532718c63a557d62902fef6ef209b68c5f5db876f9
configs/experiments/ragwarrant_crag_mock_api_server_smoke_v1.yaml,481,688e75bdea5e2671235485930a12ae545bc4424f4c062e6855e25178a6a53eae
configs/experiments/ragwarrant_crag_mock_api_validation_v1.yaml,822,baad567a0f93a912f6d0f46f3dc902288037e77588649b1943cb716be8e20c09
configs/experiments/ragwarrant_crag_mock_api_validation_v1_docker.yaml,598,231fb53d7e737611e05dbc720350efa33a8bd622b880fc4553d792f0bd950809
configs/experiments/ragwarrant_crag_readiness_gate_v1.yaml,610,d310c61714032dba941c5a987f06a77b952592ca676065d85963012b4a714ae4
configs/experiments/ragwarrant_dataset_acquisition_matrix_v2.yaml,233,cbfb7b12d6fa11aff722ddc9051153c868ea8310fcf6395d5f5607ea7cafbc28
configs/experiments/ragwarrant_dataset_matrix_v3.yaml,152,7ff174fe86b33f286dc323c44f5422c6ceaebae14e98932d428ef000c36a2163
configs/experiments/ragwarrant_dataset_matrix_v4.yaml,349,7bb6cd7410ec733b309a16998bd2a33ff1eaf854bc79374f85466265c849f0c0
configs/experiments/ragwarrant_deployment_readiness_v1.yaml,752,1e9c99074311659415a53c406b39fd38905a7587e3b380b10a7fe36bf15222a8
configs/experiments/ragwarrant_end_to_end_governance_replay_v1.yaml,456,ee2b76b93e786811912ae3a91861e126a6272137ac2732c0bcf815755899a4f2
configs/experiments/ragwarrant_end_to_end_governance_replay_v2.yaml,150,72d9916a4cd1e96bbfe8a6494402c33fbd6c438c1bebc301cf3489b5eed1923c
configs/experiments/ragwarrant_end_to_end_governance_replay_v3.yaml,123,1ccc9c9c395472098c93ad9d14db62038589a4af14065e4f10a4557e0376ea2c
configs/experiments/ragwarrant_end_to_end_public_confirmatory_v1.yaml,346,10f3952aaef909dabc52f26e0284c78a23f9b48bd75ded15104543b7c2371971
configs/experiments/ragwarrant_end_to_end_public_confirmatory_v1_confirmatory.yaml,825,83c67b1f4ec66350302f82a6f975ad6dd65eb39b0d3ccdaf288f5cd6143e639b
configs/experiments/ragwarrant_end_to_end_public_confirmatory_v1_development.yaml,824,948d4b1deef0d897369d06e3190353d0aee74ac5637ecb87c5a6c57db09096a0
configs/experiments/ragwarrant_end_to_end_public_confirmatory_v1_smoke.yaml,785,b52bf9e18b58457a6de4dcd279cdd36cbd0e3f84a069ce816186305bdfe23fdb
configs/experiments/ragwarrant_end_to_end_public_confirmatory_v2.yaml,1126,f5424a9b18f99e943852c16087bc1bf4e30ca2bfae1405862cda54327f6f41e8
configs/experiments/ragwarrant_end_to_end_public_development_v1.yaml,1516,eaf1a880db8ddf20dc84dc2506723cda8ba3a811695ffb40a9684f6e25a8a1af
configs/experiments/ragwarrant_end_to_end_public_development_v2.yaml,990,9f4c730e7368b49da85347a4cd6a82cf6ff51eca3d166dc6eefa45aacc6d15e0
configs/experiments/ragwarrant_end_to_end_public_v1_confirmatory.yaml,1301,71df3b42b21026019fa0eb3419e0273cb562c00012d03d3a4af69549787207d0
configs/experiments/ragwarrant_end_to_end_public_v1_smoke.yaml,968,ce1123ff65436ced205ee45c808eeeccbaab70b0ca7af31edb5fa2d0663c3019
configs/experiments/ragwarrant_end_to_end_robustness_security_v3.yaml,125,02cc81503d6f8d522db54f9b9faa20478716322d15b3b9f45d7554f276d3f7dc
configs/experiments/ragwarrant_end_to_end_robustness_v2.yaml,349,1b3790a74733ecf76e0b1056edb605ef2232d2c209156ff87ea3d5d3385b0973
configs/experiments/ragwarrant_end_to_end_v1.yaml,528,af68e38df8613abeb55c71e7af69854b90045edbb1d616de6c9b0ed50525109e
configs/experiments/ragwarrant_external_evaluator_adapter_demo_v1.yaml,426,9dedacaf990fbd5a208a0c7aaaeb261deec0c23af335879c9f3038a4abfcb5de
configs/experiments/ragwarrant_fresh_clone_reproducibility_v1.yaml,160,fc98d04266bcd39cf5fb40e8d09b5348ca1b858066a907a2e7b0f1c1874dc6b3
configs/experiments/ragwarrant_fresh_live_crag_mock_api_behavioral_governance_v1.yaml,1209,0f55ab0dd5ccb9cbcf00bfbe78fb32ee5bf0c7b3d9c5402d9ecbeb44688454be
configs/experiments/ragwarrant_generated_answer_quality_v1.yaml,578,b681274128896fc260a2075ed8140e6c571d656578ed7d953768e87ffd51251e
configs/experiments/ragwarrant_generative_llm_regime_v1.yaml,367,28781e93818e8cafa83a50b6134364995d4c64dde69a3e1f7092ccf39d7013ba
configs/experiments/ragwarrant_generative_llm_validation_synthesis_v1.yaml,719,8134d024975fb136f77f1f0d6bb8f5df3393718ca0a002bfb83329a0250f6dab
configs/experiments/ragwarrant_generative_llm_validation_v1.yaml,310,2973339a076f801942f6c2ede639e376e196b80343361449afd2798299076314
configs/experiments/ragwarrant_generative_regime_validation_v1.yaml,249,19f7706369206cf626a379823d279d200430c26ad98b0bef1d6bad0e32e6e070
configs/experiments/ragwarrant_generator_cost_model_v1.yaml,346,3eef06e9d64389251d3ce40381ae88262de32f4841f4007018f3b6c9508569ad
configs/experiments/ragwarrant_generator_path_enablement_v2.yaml,244,f5e68dde3134085b5acf6f01f7e8f20cc053f85442e52cd7b35e060aedc4f24a
configs/experiments/ragwarrant_generator_path_enablement_v3.yaml,197,2f805b88fe60d62e1fad2c06f8ccd0bac90dc34363121ac51fd329767b25489d
configs/experiments/ragwarrant_generator_path_enablement_v4.yaml,276,b44f04d62e37d4c0d0a50baba024af6d4697f65e168a6053581b0520d7ee7e2c
configs/experiments/ragwarrant_generator_regime_enablement_v1.yaml,361,c14f27a9c6e26a7c279570e39a90ed83d6615f23b4437fbaf2868019e2065195
configs/experiments/ragwarrant_governance_ablation_confirmatory_v1.yaml,127,37f549b2e2ebba58df47ff8eab07b0f72c02d5d770fc695f8a7c995798ca493e
configs/experiments/ragwarrant_governance_ablation_confirmatory_v2.yaml,572,397101230910ec31a1dbfb934ddd643fe73179be0dbdc2db9a35eaac565d4914
configs/experiments/ragwarrant_governance_ablation_v1.yaml,1193,a28735c97a426e08b1195c124b4c41a6fef9c9fa16cf5a5bf86e43410334cada
configs/experiments/ragwarrant_governance_platform_benchmarks_v1.yaml,607,e8c9b8230c95ed2519995e3ee07ff78075363952d30a3991dfb8d7b8a0f1b37e
configs/experiments/ragwarrant_governance_power_analysis_v2.yaml,184,590ce291a473b00827dc7968baec62618e4e5c70e8869d8631e505b8fc5220a4
configs/experiments/ragwarrant_governance_robustness_security_confirmatory_v1.yaml,138,dbd501c7654b960b6a338308bd318b79fe584b64720c53aacf78ff66ebacb72f
configs/experiments/ragwarrant_governance_superiority_cases_v1.yaml,275,f4551db204c7aa187200d6d0b1aad328d17be24fb4d6601b993ba046cbf3df6c
configs/experiments/ragwarrant_governance_workflow_benchmarks_v1.yaml,349,7cdecaf2dc4f2d13429b2e2a88748491e9d0e6795f2ab29df38bb27fa4baa799
configs/experiments/ragwarrant_governed_selection_confirmatory_v1.yaml,1091,8becf9f7dad75fe226a09de3aa65a990d503ca379b42a87058f375b9cd8afe10
configs/experiments/ragwarrant_governed_selection_confirmatory_v2.yaml,1197,b1d19ca2b51399c8fcbef5869a86798291f7a2a81403e959e3715077e85daf92
configs/experiments/ragwarrant_hotpotqa_behavioral_governance_v1.yaml,1390,eae33c02fe35a2c00b9d2d9487d42c47a95053311d6fceb684cc7d02e3fee039
configs/experiments/ragwarrant_hotpotqa_corpus_reconstruction_v1.yaml,610,4a8ca9d8db8346c4de32d496a224e3545b7fb6d206ae149e429d46b428c73e65
configs/experiments/ragwarrant_hotpotqa_generative_llm_validation_v1.yaml,812,816a25c4f87a91090024684a99650731b0ef6110924d81f0e234cd9c497966a4
configs/experiments/ragwarrant_hotpotqa_generative_quality_signal_audit_v1.yaml,1172,82472b0d04b67738eff33a10a72ca6a7aa717caedf134aa9f2ef244cc0649c55
configs/experiments/ragwarrant_hotpotqa_generative_quality_signal_audit_v2.yaml,232,c5861b16a4c45bb71b896408f2635a5d6a1f481f4c67a2d90a3c427fbf3ff8cc
configs/experiments/ragwarrant_hotpotqa_quality_measurement_v1.yaml,673,1f584969dbb57c2fdc8f3f47755cd81684c72aa6f7a72b8b8e23a7a1d637a274
configs/experiments/ragwarrant_human_eval_execution_readiness_v1.yaml,196,62b4a61d9879d0d4fe8eea18561c36f69647f986e3717c25b9096148ea351305
configs/experiments/ragwarrant_human_eval_execution_readiness_v2.yaml,480,9ad47c9b05b197ddb899f27375549d9deb306901d67246a693cb3ea931b07096
configs/experiments/ragwarrant_human_eval_pilot_readiness_v3.yaml,496,2f547f0382759f94aa025f491ca9c360c5be1a60117de5ed631681d8b0b27fc0
configs/experiments/ragwarrant_human_eval_pilot_v1.yaml,324,1c6a01756f1982ff8ce9cad6f426eec9d2b8143facf99e801e5402c19f8a10dc
configs/experiments/ragwarrant_human_eval_pilot_v4.yaml,483,6574347d35c430760dba7876b02b727b9b5e3df8b01f154327d1ff1c715bb4d1
configs/experiments/ragwarrant_human_eval_sample_v1.yaml,468,5a1d67512e2221fe1977117daf119c6625d20b733e30d96600948676f81e1b20
configs/experiments/ragwarrant_human_eval_sample_v2.yaml,128,e5ab386b33b1e0031ad938503256b719abf684a7c88a410a5ef56836cb45d271
configs/experiments/ragwarrant_human_eval_sample_v3.yaml,128,61201fe24e9b18869dcc7d711c3dfa3ed5d8150748f74b2092f13cf5d09403b8
configs/experiments/ragwarrant_human_eval_validation_v1.yaml,287,710be5229aafa8cdc080c5293d042a2262d5a0b1b2084963ac2df2b6ec1ffdbe
configs/experiments/ragwarrant_human_eval_workflow_setup_v2.yaml,472,66470efd0be710ad5f555cdb878b4672cc5b4815b1de4d638ce8eb5988d59ba5
configs/experiments/ragwarrant_multi_corpus_validation_v1.yaml,370,b12011e5cbff4b3e2e4ba4be2461bcb85efb1b227b05d8d2ce4fd8cc2633f63c
configs/experiments/ragwarrant_multi_corpus_validation_v2.yaml,248,06dfe9ecf684a9f5f4cf67ce2f15b8c40d0e31b3821f633a29c4053c889ff050
configs/experiments/ragwarrant_multi_corpus_validation_v3.yaml,245,8d6a561a658ce5243d8f093503d9c1487ae04bdd86d210720ad8a114db144174
configs/experiments/ragwarrant_multi_corpus_validation_v4.yaml,385,4e3bf1fad96b47b3d2f0a120d8087acbe62dc9ad9cc88b10ebb3d234bde3b035
configs/experiments/ragwarrant_multi_dataset_behavioral_governance_synthesis_v1.yaml,617,a235e35813c3e3bf7e8f2584ec5521165e30c481a2d279a173fae1e54ba65a49
configs/experiments/ragwarrant_multihop_confirmatory_data_verify_v1.yaml,775,42519be2d745fca52aa87479e1e2b4d52e7a3af7e6a547e6031a43e767653ae8
configs/experiments/ragwarrant_natural_divergence_adjudication_v1.yaml,555,f348b0de87397d49a3f14baa0865be164d07dfe56cab84cb37dd82ae4b28410e
configs/experiments/ragwarrant_natural_governance_superiority_v1.yaml,308,0d145be1e03b0303c1c06e45af316e93e28fa36cb2893e3d6c2079f30860636e
configs/experiments/ragwarrant_natural_governance_superiority_v2.yaml,322,41dd4b254257114f14fbc5d86684d92511377549340cf442d379ad67f1066c90
configs/experiments/ragwarrant_natural_governance_superiority_v3.yaml,353,ef673b021bd385de64e284771f16c338df84b87b37922925bbe1c707aa7ffc9c
configs/experiments/ragwarrant_offline_public_row_level_validation_v2.yaml,265,cf9648caae4b074f6f0b4cc467e0861fccdd02aba35b39d8c358ae0f2635bc37
configs/experiments/ragwarrant_open_source_arxiv_readiness_synthesis_v1.yaml,466,0b7ce3b00ac940b6eec07f9799a78011f8c160405d7c2a2001dd34add079659b
configs/experiments/ragwarrant_pareto_constraint_baselines_v1.yaml,533,eabfec43f785477978e3c610de287b03617a9ed2b18d14c1ee5634060d6b7b0d
configs/experiments/ragwarrant_platform_integration_readiness_v2.yaml,402,d8dd5b8f7f6bc7e9fe5e0e6cd4cafeb80b96cea33359305d8390b80a07937817
configs/experiments/ragwarrant_platform_integration_readiness_v3.yaml,380,e55ebe1174f2925f2897b5381751591d536f851a666865e8a0ca53c1373cd018
configs/experiments/ragwarrant_power_analysis_v1.yaml,219,d3b6645e748aa93bf85c6a307e9b94722694123413561261e08400858bdf708f
configs/experiments/ragwarrant_provenance_repair_v1.yaml,391,7537490668dbf697dc82cd9fe5271d890e482e47352e71a4b28426a285b8c518
configs/experiments/ragwarrant_public_mini_reproduction_v1.yaml,361,b482411fd37e4a11134df6b2497a6247ca052ab3249781e2fce0f69f3f33a708
configs/experiments/ragwarrant_rag_compass_niche_analysis_v1.yaml,484,3de663cc1bcec4b8bedb67cc3cb2f43d93a1e6f9123e26171e0084d5e76cf304
configs/experiments/ragwarrant_ragbench_end_to_end_loader_v1.yaml,797,20cfe494fb22cb1f454115630c1048767c3f7cc876c3b302e3d24e59597913d0
configs/experiments/ragwarrant_ragbench_subset_expansion_v1.yaml,858,985bbe1b6addec011cc995fdf348cca1f46c6af349ce435b9da5e71f68e0ef81
configs/experiments/ragwarrant_rc1_arxiv_readiness_synthesis_v1.yaml,198,5bc9588703b66c0a414717d7cc17206cf4cb9a46d9c71988cc489087320be645
configs/experiments/ragwarrant_real_rag_governance_ablation_v1.yaml,846,3fda0d512b22fe09c4bb94948bed185f546cb95d4d257c3dccd3b1da1a592ba8
configs/experiments/ragwarrant_real_rag_reproduction_v1_confirmatory.yaml,2659,56ff645ba4ff68fab8679ed505ca6fa4b1ae342e17fd60d7c73a12e8100287a0
configs/experiments/ragwarrant_real_rag_reproduction_v1_development.yaml,2633,8e014712b47c4dc66e858a713d87b6a51b5d6ffafa786e7899f62f9f920b8269
configs/experiments/ragwarrant_real_rag_reproduction_v1_public_confirmatory.yaml,2763,69d20b16c0351ca7e60d0d0d54c1c2cf9cce421dd467c4f2d05718814b737698
configs/experiments/ragwarrant_real_rag_reproduction_v1_public_development.yaml,2737,0ead68e4ad23259dd217944aa6abead714db8e798ba1ce730991a1033352188c
configs/experiments/ragwarrant_real_rag_reproduction_v1_smoke.yaml,2612,668693f8b21e7eb63b7ef384561afb3d4a109e0e991c5bfc05d5caf42fb72648
configs/experiments/ragwarrant_release_candidate_v1.yaml,167,daadab468a7f2486866f92addb70db7275fdf0be894c7410c4eb0ea3abdbfcbf
configs/experiments/ragwarrant_reproduction_v1.yaml,993,4f6e5a135e06e2f4548a29c78172b680e8b5f6f7e495a44b922e486d2bfa2dbf
configs/experiments/ragwarrant_robustness_security_v1.yaml,355,895526f367bf4049b4527deb4b909ff10a1e5f2bf62f395ca019e7744f41f777
configs/experiments/ragwarrant_robustness_v1.yaml,335,c714b9581975d5a7b8cc3a8d53d780400ef0c1c55cf2a99a4de7f3a6e0e3e833
configs/experiments/ragwarrant_row_level_reconstruction_v1.yaml,846,567019df178d0129b103da5437fa3635977cbad6be79502283e1d06aacfce4ee
configs/experiments/ragwarrant_security_regression_v4.yaml,211,e2f1b79029749eb4e03564248462cf0ec4abee3a3fd1384971092057abf28e4e
configs/experiments/ragwarrant_selection_regret_audit_v1.yaml,535,87f5b3e150056b518634d8f87b1956da2e0919e0702a467c432e7f709daa9b03
configs/experiments/ragwarrant_selection_regret_audit_v2.yaml,289,077117c727088d65db35abe6d6ce4015edd3d0d415158729c7d5153571b30032
configs/experiments/ragwarrant_selector_ablation_matrix_v1.yaml,365,a812e0defb7228a689cebd440ff793cc79c052eedf0d06ec7e26bac3199d0a85
configs/experiments/ragwarrant_selector_ablation_stress_v2.yaml,129,99bc6a1b9f0eee96cefab517badbbe1d9c5af1311b83d2f147a76cbc91773a16
configs/experiments/ragwarrant_statistical_audit_v1.yaml,470,7c6569f2c48a768e7a9215cc8c30c406fa078d2887e14f8018b3e667481c25d0
configs/experiments/ragwarrant_strict_git_provenance_repair_v1.yaml,519,57149aadbffecf60bd0ca1ac4896a9711460bf8272764dff4c33008d629d6976
configs/experiments/smoke_energy.yaml,984,c4dc0019c1555247cd445d8217fdd6dea7e3dd2783d73be820f8cb7eeafad4b4
configs/experiments/snapshot_ablation_matrix.yaml,1253,229ffa3834fc9a0188ebd380f93503f57a5f4dc87ba75eddf6ef6e834ad4d6b3
configs/experiments/snapshot_second_pass_telecom_oilgas.yaml,1372,cfe2ffd62ce2ae8a2ac6e5e2e825355165444e95b0568618130a135bc6f24b62
configs/experiments/snapshot_smoke_energy.yaml,994,fd9753caddec9ade78ae0d9fa922ed844eac40e516d4f4262e2ee513d0bcc3fe
configs/experiments/snapshot_smoke_telecom.yaml,1012,c71b4def5fa03d05a9581dad80519409d088b43d4c8c808bbe0282eb1a9f0315
configs/experiments/snapshot_synthetic_diagnostics.yaml,1054,f2d63773a031bb8cfc9d9aa41ae5f04173b9e59a4f802a054a4592de3d2cb5c6
configs/hardware.yaml,876,ef9687793daea7d0d2d8f9a06f48429afe8530ad3eeaedbc266d7f250409caee
configs/jobs/public_mini_governance_job.yaml,487,dfc72d1f0a47c24a92d5c34cec547323cf71c8c69cbc29470c8aa90fa6702145
configs/optimizers/optimizer_registry.yaml,278,3ea6ed647ab9f5391f11b41f4b0c625731f191580ab01ac08cf10289977f6bad
configs/policy_spaces/end_to_end_public_v2.yaml,402,7b712a5a4efa023ae92a8e280efd68b90244fbdbf30d27ad0d3f2a87b7123169
configs/policy_spaces/governance_confirmatory_policy_space_v1.yaml,284,8705f8fd38401be17afd743da62189170a860b7dd48905d316c8b111651a9f19
configs/policy_spaces/governance_confirmatory_policy_space_v2.yaml,432,0dd852c331b31734722d9429c49a2bcbc68aa835674f790b793aaf8c56ca34a6
configs/policy_spaces/governance_confirmatory_policy_space_v3.yaml,143,8215887fac1eb7f830dadd21d23d77639a6ca0d5ae869bce22be9725069738e5
configs/policy_spaces/governance_confirmatory_policy_space_v4.yaml,497,dc1336f9dd63eeaba31de688598dcb5637d27d61c9259369d96bb02de41a7524
configs/policy_spaces/governance_confirmatory_policy_space_v5.yaml,379,98cdb39f5f8815df1c5a6257af789634878b6bb5bf4f90d881fc3e7ea567283d
configs/policy_spaces/governance_confirmatory_policy_space_v6.yaml,603,8194159e4807a9d6133790d36f59c1dee2b1a0965923221195203317acd0e52f
configs/policy_spaces/governance_confirmatory_policy_space_v7.yaml,470,6665c97e620f508483776d3b6a7d37cf85c0b86490a6da597a72b7c1f6be9f84
configs/policy_spaces/governance_confirmatory_policy_space_v8.yaml,354,99b8e198c4d78e830e4062e9b308b7a6863c063efa987b3185d46c6fb214f362
configs/storage.yaml,725,1b7298a6f87ff87df36a22279fc8476fc09e58b3ba62ea83cf748b24ec6fcce1
data/DATA_AVAILABILITY.md,3900,edd2bbc57eae8b963555233fdbc61b3122624290d0c4aa520697898f7ad7d689
data/README.md,274,0f21633fa46d304be648108b52aa0f9e7f20bf356ea89d51fec229fb6c012e5f
data/dataset_licenses/README.md,248,c1d58fd0aa46ce0727fe10ac3a12c1d4411c625f8219a06099926a18068fa7db
data/dataset_registry.csv,497,2d25dd137218b6eb1082b626fd0a1d8a8770ef476446fbe01247b691b715e4b8
deploy/IMAGE_DIGEST,432,e5aae694690694537ea28321c1cb244ec54cd38c4fae404f14caebbdfd7b51e0
deploy/aws/README.md,301,cd2b131a322124288401774fe74e0d6d3393fe26e0361fa59087f44222a8b9ba
deploy/aws/RUNBOOK.md,2607,4e520e85c53a1d0bcf3faa3d5ecf4ca54d7b29b1eb8f4e88068ae8e6b4c064bf
deploy/aws/batch-job-definition.json,847,571d8a79613f4d309793558dfbbfd9f6f364bda8ef2d27d1eabcdad8df2b98a5
deploy/aws/cloudformation-batch.yaml,1084,eaf4b3252fa20f9556bb091c87a79ab3809c4b476344efa48e899c4271a00409
deploy/aws/cloudformation-ecs-fargate.yaml,1056,4924541b78612780111038d464e4ce430e532afb9571c61a1b3588615df7cc50
deploy/aws/deploy-ecs-fargate.sh,315,2edbfe64c6dcc36229c23c17195911e18cc0b6dd23b2da9e49b32fe52466e949
deploy/aws/ecs-fargate-task.json,1027,ef8abf28d4c144e2ee51a0b652daaabfe7a556fdf4d7271d96a4d6d6fc453a28
deploy/aws/github-actions-aws-ecs-or-batch.yml,350,9cefffdf30b2b91a2ab8eb3400a689d65aa123ab311714c4fd251c90813114db
deploy/aws/run-ecs-task.sh,569,7e2cd165892482e9e9562418ddbc0c5d0ee235e35692a72fc205f167f824883b
deploy/aws/submit-batch-job.sh,317,67e8232f17ffe40202150950ccc025534d058cf78424e68fd7c71e4a39454145
deploy/azure/README.md,348,234ba4c424f03bee9dffa6cddb1c0de85ccddd4ba219eab00839a8e69fc14357
deploy/azure/RUNBOOK.md,2096,07da3dd2fd0c2f2de1843c0fa709974903374e4fb423276a7d6e07b5b86dd6ce
deploy/azure/container-apps-job.bicep,1317,196dfda9220beda7f34be217bc73d38740949c9710aecc9c5dba01329c52b8f8
deploy/azure/container-apps-job.parameters.example.json,232,3577a7e923c03575ebb6749ec1d7837a6c44bd3f3abed771bdf120cf698a437e
deploy/azure/deploy-aca-job.sh,337,23653b1978949be22333cefc41104825d14ffa8873f64cedf895491925f38f5f
deploy/azure/github-actions-azure-container-apps-job.yml,365,1d2180d9dd6ddf417ea5b1b1da8877096fd4d61bb81e039d845bbd966405b8b1
deploy/azure/run-aca-job.sh,344,ec492af53d894a15fb424d094464a0918a3ba61743832c7f93c67d9ed40ce40c
deploy/gcp/README.md,241,0afd53b80027bcc90834d5be708b2f664967018096984af3fed0eedf689de4f4
deploy/gcp/RUNBOOK.md,1947,fc98a2992ac1c385e879fd051e2f392d4e9800a6b0511ba1abdc887043a8a6fb
deploy/gcp/cloud-run-job.yaml,793,08ef62be2d93c8165300b186e90773ffa77e449c97a82539d0030e8d500c9887
deploy/gcp/deploy-cloud-run-job.sh,369,d47f7acebdd6ad3c39557f0cc7fa6e3c16c0b3b26f0cbb2039873c434f38bfd0
deploy/gcp/github-actions-gcp-cloud-run-job.yml,351,3a1be47e0dd3bbb0927765bc0ca5559df9ad93708b96640c595641c5d1e69fa5
deploy/gcp/run-cloud-run-job.sh,241,a7e64f2c7cefb86d8c0d2a4460d838c4989c1843fd634843a07215a278d2188e
deploy/gcp/terraform-cloud-run-job.example.tf,1037,0b840407427801ce4a124bed0b98e85ef01c07f4584dfea89b87a95514eb98eb
deploy/github-actions/README.md,310,e4de774c9bce9386a4366cfc8ed872f48282e1a935a12c72b625a60b386b81f2
deploy/github-actions/build-container.yml,227,b3f0be3fe8eb2ae1a42d94753e4386bcd744d786f50364cc6fed3ec62019a46a
deploy/github-actions/run-public-mini-container.yml,493,70955ec3817a4f8a8ef0275d6d562d61979d86830886e054989a284b06ef777f
deploy/github-actions/validate-docker.yml,348,6afca31d25d9ab9ff49579947ce7cec2f0a887bc9720b1e463a976eee04c5ea6
deploy/kubernetes-kind-validation/kustomization.yaml,622,a0104100b4a7408d4e069a1f79c5c926452449dc0a0e706b25e9670dd45fab2b
deploy/kubernetes-kind-validation/patch-cronjob-image-pull-policy.yaml,110,f7eec3d0cbdd3a6b7824276e1b7d27e5c0d328be59ff3cd7958a1282b221d762
deploy/kubernetes-kind-validation/patch-job-image-pull-policy.yaml,93,ff51e9ce20f5deae89af40d60db45f2bc6623a66ff138b5793549c9aacfeed3c
deploy/kubernetes-kind-validation/public_mini_governance_job.yaml,487,dfc72d1f0a47c24a92d5c34cec547323cf71c8c69cbc29470c8aa90fa6702145
deploy/kubernetes/README.md,1062,7d0055e28a11a76e09ffce76c2467515d2ac1af6f62303ec10538456315ce54a
deploy/kubernetes/kustomization.yaml,133,9d1b8320b58caaf7acd1859c4e4c03a7fda14ac417b9efa3de630fb82486cb7c
deploy/kubernetes/ragwarrant-configmap.example.yaml,265,e2776c90619d9643fa5ee81c59f23869fe1201555c19548060b233af5636939f
deploy/kubernetes/ragwarrant-cronjob.yaml,1801,5ec0c609e60b6144bf07dc0feaadd6e5b248ed8464af5c8c8b9a276de219fa3d
deploy/kubernetes/ragwarrant-job.yaml,1548,ea86b68549abea0b44f92ab5fc8af698a8a7056d0d99334e34018de1d8976a70
deploy/kubernetes/ragwarrant-pvc.example.yaml,167,5cf0c586fecd292e272a45af310b66193c74131788cd0010801e5abd8a8d4357
deploy/kubernetes/ragwarrant-secret.example.yaml,209,86e97a93734ee0d3a1ce9409048c2969d4b540038223e7eeb9e3780ca68833eb
deploy/load-image-reference.sh,398,f1b7201cac9ec60016ac17a9e27f62efd9ff9064cb8eb51d2090b97a4644a2d0
deployment_review/checksums/tracked_file_checksums.sha256,77044,bc9181346e7310c6b9fb12015061edaf118fcd87eb39dcf3de316b1a54ae5e83
deployment_review/cloud_agnostic_deployable_tool_hardening/final_pr_body.md,2090,bc871fc89bd729408fb0182267427b5d4d96f3d36e37846f860af27791829a6c
deployment_review/cloud_agnostic_deployable_tool_hardening/post_validation_report.json,1402,6ab29fbb13c793b12726974796a3eafc2bf2d4daadc68ed750bd7f69d19c8ccf
deployment_review/cloud_agnostic_deployable_tool_hardening/post_validation_report.md,1997,59972c53483ec6507cdece0c3c63a1cee7f6eca13444c1392d18720e2331713d
deployment_review/cloud_agnostic_deployable_tool_hardening/preflight_report.json,785,38696fac8f1ed9bf3183ce2c592bfa47869d62bc44e1d322610330947b25a75f
deployment_review/cloud_agnostic_deployable_tool_hardening/preflight_report.md,967,18cab7b771107b985132b90486d59c20a90f8cf7af2d30b673d22e34bbf8a4a4
deployment_review/deployment_gate_summary.json,1113,f0db3f33a7978a1745ade8c93f5560d524fd48b861e613bb6a5b042f5dbccda9
deployment_review/deployment_gate_summary.md,960,4500a947f73578746d56a1612fa399dab927f9402fe633b9df1719c79010b88c
deployment_review/docker_hardening/docker_asset_inventory.json,473,12e436fcd61f345015708b31dcb2d7d67cc243c7c8aa9e714a5aeee0fdb00be8
deployment_review/docker_hardening/docker_asset_inventory.md,483,cdd2460890c5b012331377ec1184c65652508739e24ba978f805f09c7345bf1c
deployment_review/docker_hardening/final_pr_body.md,3069,359e3e8cfaee1fe40f2b0f7ab952b8d0a99ca0f6078ca3fc071ef2cbd0e29aad
deployment_review/docker_hardening/post_validation_report.json,3101,c73ba7bb67369214a7e66bd845715e997b01f82308e16c53d89737a87e3c0b4f
deployment_review/docker_hardening/post_validation_report.md,3451,66a279a25f7dfa859c10ad7227024706caf755edf9d1618c48b676e9d135e207
deployment_review/docker_hardening/preflight_report.json,581,dbb8c81943f6c1f2fc87aff4c0d8a9106e26d8834aa6ed3d941ce1fb90d07e8c
deployment_review/docker_hardening/preflight_report.md,752,741d421aec23db34fe9fa749ce172d55222cb39bd7cd766b517014be241b1ac1
deployment_review/fresh_live_crag_hotpotqa/post_validation_report.json,1526,b674ccabd5bb3581b0678ab28a8cbf3386b27b7b37113638062286c05274117a
deployment_review/fresh_live_crag_hotpotqa/post_validation_report.md,1980,530eb55719d1f1c245102384eb43175f4d94307ce0fc75ff027739ff4a6ea39e
deployment_review/fresh_live_crag_hotpotqa/preflight_report.json,1123,c397d082fc69d91fb1bde9ee733e8cb40645ad55dd37d0da0a16d52ecb7ef10a
deployment_review/fresh_live_crag_hotpotqa/preflight_report.md,1230,80b2b7aa2fa0afd18bf4e1adb0cd22b94fe124ccf4d5c1b1cdd8b4d286c3fcc9
deployment_review/fresh_live_crag_unblock/final_pr_body.md,2208,9c02cad112f229ca384ca197cea13129eb2376a31389c66ee6a003a9b1c47b52
deployment_review/fresh_live_crag_unblock/post_validation_report.json,1750,35b9751ab13501a5196322ac6730e73afd8d80a065302ea9804df3c4405a630a
deployment_review/fresh_live_crag_unblock/post_validation_report.md,1957,4b120507a202b745ab4208a68f82512225ba36cc7cb1ff60d62a83707ce25163
deployment_review/fresh_live_crag_unblock/preflight_report.json,1302,d7c1eedced03cc0a8897a00993221b25e24fad41c69b09961ccc9dd8e61e74a1
deployment_review/fresh_live_crag_unblock/preflight_report.md,1661,746929535984605ba6a5d168b7e2be343027d65ea91eda46dd82cb85c8df5539
deployment_review/generative_llm_validation/final_pr_body.md,2837,4c9df00eb896784e14a4271039e4af38de412919217dafb98c1111d9381518ef
deployment_review/generative_llm_validation/post_validation_report.json,1044,1d8fa9469e50c1fdd8ec0b132dfa554a4466e47e0735653b3d8531447c822b0a
deployment_review/generative_llm_validation/post_validation_report.md,1356,6a0275a8cdf168c0aa484d140a31ecb3c010a9d7e1af974076744f041f0df1e6
deployment_review/generative_llm_validation/preflight_report.json,677,6c22676174bd22f36d32b20aa77540fa1e6053b56d6743c952e9ae2e74aa061c
deployment_review/generative_llm_validation/preflight_report.md,746,095f327acfe7a39a3fafa587a24f30cc29119d1a4e592da0b91b78fe4fa74576
deployment_review/generative_llm_validation_answer_emission_repair/final_pr_body.md,1815,4ea067e2c682487f3ec118bef3b5c83a0c060f2bfbf31fb1fe86942bd4d5ecc3
deployment_review/generative_llm_validation_answer_emission_repair/post_validation_report.json,1773,5a6ae8c91a9d4e65b6caa4b6c1dddcfdd49febf7ad6a2ee5d4eec612b268773a
deployment_review/generative_llm_validation_answer_emission_repair/post_validation_report.md,2114,06d681c2d1d7c59390d5e4a8a19e554ab16d6ed25464ea18cc0374c53b44c818
deployment_review/generative_llm_validation_guarded_latency/final_pr_body.md,2033,cbda3a3390d3b44fec8fd8de3341ccb066e1e489700c2cdd5e6ce4aee28dc396
deployment_review/generative_llm_validation_guarded_latency/post_validation_report.json,1774,4c4ead777bc390465c7f623e7d0ffa651032f6c0abe94328959e1b7e70eec8eb
deployment_review/generative_llm_validation_guarded_latency/post_validation_report.md,3288,8c65804cc5e73b47d0611634f099be8c417858e507dd8360d25ccec56d5594a6
deployment_review/generative_llm_validation_guardrail_v2/final_pr_body.md,2942,85ab8cbb17f83f262609649782bec2d420e9ea64cc401cf24f7e0863205ecf4c
deployment_review/generative_llm_validation_latency_selector/final_pr_body.md,2453,70c30ef8d4236f549d66510a1d27b97fc7ea3f92706bf7d63f446364ac087afa
deployment_review/generative_llm_validation_latency_selector/post_validation_report.json,1558,faa9e6e9f98ba73404fa1d5176b05b2af7b2cda9b20b1b3884ee4febbee5de37
deployment_review/generative_llm_validation_latency_selector/post_validation_report.md,3400,bc459fe4fb288039c9c453ae993a73a5fde3f7d265310db6e0bad6a698ae08cc
deployment_review/generative_llm_validation_learned_risk_predictor/final_pr_body.md,2079,69a2bb0a2f8161c0d4d19cba8c2266f2096b3f9a5b5e5a62179abcef50a51e92
deployment_review/generative_llm_validation_learned_risk_predictor/post_validation_report.json,1616,6b7ed888f9eefe733d44e7aa53f4bc381bfa924b3fe4f5eb4feb5afbae789d59
deployment_review/generative_llm_validation_learned_risk_predictor/post_validation_report.md,3455,42716d6c21e3ca5a0efa5cc4290a13a57616f3e14d6a88dce23fda21f978fcc9
deployment_review/generative_llm_validation_quality_signal_audit/final_pr_body.md,3797,eed78182ce98193753978c76271c32c40e9937b9e85c7c42e95fa8736f4c4ae5
deployment_review/generative_llm_validation_quality_signal_audit/generator_access_diagnosis.json,672,e1dc7796c204bd78aba757f0273859349f721192883e1915b609f249a1feba94
deployment_review/generative_llm_validation_quality_signal_audit/generator_access_diagnosis.md,267,bd1f625a75dee744f4178d5a2955158b7b2dda9a57cd676ee47cb915e69c091f
deployment_review/generative_llm_validation_quality_signal_audit/post_validation_report.json,1922,8076a7a82155763e32b6fc9b4548515953047e1156c0d7d36c0b829690587b0a
deployment_review/generative_llm_validation_quality_signal_audit/post_validation_report.md,2390,85db66f80d40d6b25a500990e2589e5620711aa70342abcf8dca0ae50d73a405
deployment_review/generative_llm_validation_quality_signal_audit/preflight_report.json,645,893b31624dda3ca6c644db53f71c35c45c18d052c3830f413a900831451a2a10
deployment_review/generative_llm_validation_quality_signal_audit/preflight_report.md,871,72e3829a5aa7870911e8e376b3f81db5e381608cb822743ee0f9d79bd1137d6c
deployment_review/generative_llm_validation_second_model/final_pr_body.md,1982,4f8c3ef73553486bc8f2eabf651942c49b55c488f810c7f2b321ad88e8e3ffd0
deployment_review/generative_llm_validation_second_model/generator_access_diagnosis.json,678,3a0a72fb9fcd851646a364b9b54cdec8f97fff4e6eee8608a35c2ac82dbfc15a
deployment_review/generative_llm_validation_second_model/generator_access_diagnosis.md,270,d2ba1de95ddfffc0914a470658f88fb8b13b62776b29c01084e75038ebae0bec
deployment_review/generative_llm_validation_second_model/post_validation_report.json,1691,796f490c41d3f9ce1a628b2f495a0b61a55bda292c262441fd1cc063eb1d07a2
deployment_review/generative_llm_validation_second_model/post_validation_report.md,2191,409d89ecd50eb230a1be413abb8eff4a7df1eb07342a298eea8e7c6f54b0d120
deployment_review/generative_llm_validation_stability/final_pr_body.md,1892,68650b3c276e43395833b636dd6c0047b473112e30c627f694d17a7483710839
deployment_review/generative_llm_validation_stability/post_validation_report.json,1416,66aae288b0c1d2e1d62be7b874af7e5b3e7f1f65c81527c17bd648c3aa39be7b
deployment_review/generative_llm_validation_stability/post_validation_report.md,1891,00f1b8ae0925e6b42fc01bfe7467b4700465b41ffae00872443547b3f07f3376
deployment_review/historical_ledger/post_historical_ledger_validation_report.json,572,4c3e844a88069a0231844a9ab5c3ea095d5bae7cb73ab3efcd425aa3ddfee730
deployment_review/historical_ledger/post_historical_ledger_validation_report.md,646,3a0d32769dd4137b171d8d5c468a673628a8f6b9683ee7646142e0d8c18db884
deployment_review/historical_ledger/pre_historical_ledger_gate_report.json,1225,5d31d5a0f4864480f1ec3b3cbaae8cf78c24e4fb568fde080242fe03bda8d73e
deployment_review/historical_ledger/pre_historical_ledger_gate_report.md,519,46eedbe657f71fa375bf2b35ab23337dca3c14c295b4851cae82c882df7649b9
deployment_review/manifests/tracked_file_manifest.json,143354,207a8959126fafc4401ca4658295882b157de4e1c6c4aea0f0d78cba0d778f10
deployment_review/open_source_arxiv_readiness/final_pr_body.md,2385,9516a7c0dda2beb19ec88d4d53e93ea24d418ae5ed0c14b1fe587674e61e5a32
deployment_review/open_source_arxiv_readiness/post_validation_report.json,2269,722d2abc2c04074f9305c2b2db451b0fde14749b6bcf9c11ce5eb0ef7383a125
deployment_review/open_source_arxiv_readiness/post_validation_report.md,1488,12d940fda753286531fc7e53cb3d7eef278d860f500cacc5fa910ab52ea9f691
deployment_review/open_source_arxiv_readiness/preflight_report.json,782,8e8a03c2cfa76818454d18df3dd10a79a2669f51f994cbac143d55699412d20b
deployment_review/open_source_arxiv_readiness/preflight_report.md,396,8c3e90904832599ecd31a0f4b2df49980190111f9d2163464db344a5ca646865
deployment_review/preprint_finalization/arxiv_source_report.json,1733,073b50255fc120f1eeb5eef73e21bdc5b916f87917845efbc3ddda876722fa56
deployment_review/preprint_finalization/arxiv_source_report.md,1599,539d4ac03861c381f47427d0e15f7cb776ed97505fc926fdb3be087d9ea9c95d
deployment_review/preprint_finalization/final_pr_body.md,3335,86bd887dfc30342d1fb385933443a7f5e61da39a2d63eda1a42c3388a592c898
deployment_review/preprint_finalization/manuscript_change_report.json,8475,53a72ee994bb092ba151f8fe92707ed43794e1917f646d8bdca7606a38b6e33f
deployment_review/preprint_finalization/manuscript_change_report.md,1274,9a1809b1b449bb26b59c4d3fd159d7cb2fefa7d1cd24add21944e9aa94e7d5dc
deployment_review/preprint_finalization/post_validation_report.json,1192,58365758f8a9311843ad3e370ca1b9d48c7b2e69966b598899876a406ced9838
deployment_review/preprint_finalization/post_validation_report.md,1299,a3cb595b8c1064f665d60ab2400bfefe195f3be99ed00af15c9fc70e86b61e22
deployment_review/ragwarrant_brand_completion/brand_validation_report.json,1582,2b3ac75fd9380fe12637eec7f69684eb8c03557c5ee33d41753de202f367e138
deployment_review/ragwarrant_brand_completion/brand_validation_report.md,422,1b8a4b58f4dee1568bccaa07a34cef8168130256cbd352bbb850eff40d5afb4e
deployment_review/ragwarrant_brand_completion/claim_table_brand_only_diff.json,467,5dfe08a3f204c2b0889fec6fbb3d7c0e41e0d22e8ccec656ee565803397a8865
deployment_review/ragwarrant_brand_completion/claim_table_brand_only_diff.md,243,bd6f1a814c20c4b9b194ea3eb5b253c2f3d40f2a1a991c21544c6b1f2b5d22a1
deployment_review/ragwarrant_brand_completion/current_manuscript_visual_review.json,673,15c3218a3f392fabe47ff99bad19d8fbeeb6df5319bccff702000932e3db5bcb
deployment_review/ragwarrant_brand_completion/current_manuscript_visual_review.md,591,6c3a86e11cc166efac903573a047cd958b7aa52d064ced98c9f7b2f4a575153f
deployment_review/ragwarrant_brand_completion/figure_inventory.txt,283,85c7f33c9ecf7a829559f639d090a8d137758fc2e70bfbcdf6cd81b19b28f923
deployment_review/ragwarrant_brand_completion/final_validation_report.json,1043,8580afa2a77580c660f1a01245a6e2d3073ae506c6bd8adb23f946a2f942d1d9
deployment_review/ragwarrant_brand_completion/final_validation_report.md,1011,4c852bf093ca9e387030e8933da70afc2836369fc974d101ea7804b04cae6713
deployment_review/ragwarrant_brand_completion/former_name_file_disposition.csv,46251,b28b9bc4baac2eb1140e8eee9cc315c298a4c1b7a3e3afb8de9e2348af0be586
deployment_review/ragwarrant_brand_completion/former_name_file_disposition.json,67308,4203a9e535fe44d64271ac83fa39dba3cf9944ded4f44b60d322168fae29ed23
deployment_review/ragwarrant_brand_completion/former_name_file_disposition.md,35323,3c824223ba37bfb166f89c395a6d91ab9902e312d9ce0f593c0891a85cb238f5
deployment_review/ragwarrant_brand_completion/former_name_path_inventory.txt,12534,19c5e2ce5385decb64cce508b654fcac51f689a002133b931d358babe2a06858
deployment_review/ragwarrant_brand_completion/former_name_text_inventory.txt,2964474,0a089558ddab882f4f2555e21b9e3ee27fac1b8e7af73b6e7e9eafbb3d056427
deployment_review/ragwarrant_brand_completion/former_name_tracked_paths.txt,41431,cfd9ad424f0d7c74ee979be7fff444ecd54c9a33f696a83fd3c24841aa5c0920
deployment_review/ragwarrant_brand_completion/office_document_inventory.txt,128,d1fab7a20adf2ba3f99b9c9a68dd072b516380d9b5590cf7411ccf3c4fe261ed
deployment_review/ragwarrant_brand_completion/pdf_inventory.txt,283,85c7f33c9ecf7a829559f639d090a8d137758fc2e70bfbcdf6cd81b19b28f923
deployment_review/ragwarrant_brand_completion/preflight_report.json,1941,8b6f8c57232bd69f60aa83df862416a5cdec6c0defe0cef547cc610a85b9c3f7
deployment_review/ragwarrant_brand_completion/preflight_report.md,1780,232ca9edc9a6cccbd01bb1f1ed9e15ebb3f04042b81e294c0c14e57c826a7a94
deployment_review/ragwarrant_brand_completion/rebrand_completion_preflight.json,3222,9871a49441e1748395f509d60405cd22a1ec06115add085847fbead9d4a36346
deployment_review/ragwarrant_brand_completion/rebrand_completion_preflight.md,793,81bb537fa629883a9019ccdd40d81f03db3641d62221e8ce2dbe9ba0214c4548
deployment_review/ragwarrant_brand_completion/security_diff_report.json,175,0f31b7fd04ab0d9907a794512331c9d694ca73f412b9067c795e50453c80a029
deployment_review/ragwarrant_brand_completion/security_diff_report.md,143,1c623455a03b4323c6db68330de6e7d01f966884a2cfc1bd9015f547634ad9cb
deployment_review/ragwarrant_brand_completion/semantic_equivalence_report.json,2012,45a0e50b5b9e334ea003488fe7efde5a681462336bbe3e3fde0ff173031d40ec
deployment_review/ragwarrant_brand_completion/semantic_equivalence_report.md,1420,f664aaeb95a978bc5de3aeb915d18cd6b9f74441f7034fc3cbb67924d552aa06
deployment_review/ragwarrant_brand_completion/strict_exception_audit.json,7874,2e3d662f111beeb5d3403e17c2b6f4fd9202fb9010321e3d54eed7d9a3d74d4c
deployment_review/ragwarrant_brand_completion/strict_exception_audit.md,823,0319211ab6eedcccee7f2a766dca93da0973e02045c93c2fdca47cdc83a661e5
deployment_review/rc1_reproducibility_and_arxiv/final_pr_body.md,3464,e3b05f72139ea14d382256a23d4b61b5a1054bbb8eea7fbf30b2f295ce3f81db
deployment_review/rc1_reproducibility_and_arxiv/post_validation_report.json,2348,e94d799e8ac64539d975f2172fd838a0851582b21a05a4b115333b960af5f4a5
deployment_review/rc1_reproducibility_and_arxiv/post_validation_report.md,1693,5609ff6bd866259f99b828f505eeea773371b33db405e6f204c8488d06b8d6aa
deployment_review/rc1_reproducibility_and_arxiv/preflight_report.json,588,d259a51d3caa2c6a946ae403102576b1140d5d482e0a5b3af28dde075231655e
deployment_review/rc1_reproducibility_and_arxiv/preflight_report.md,588,a5526e9501cefe268dc88fbdcbce3f9b25893ad3c2c154cd8e501d86a2955390
deployment_review/repo_consolidation_square_excision/PRIVATE_DIFF_CLASSIFICATION.csv,299958,a51e229cc8468d5498ffc3bfd29b6058405ce3cf4cc08d5a06e0779844dc4579
deployment_review/repo_consolidation_square_excision/PRIVATE_DIFF_CLASSIFICATION.json,488949,255c1846d131a30bfb34a4155586bc4d30c1b85dbf4f04e8d54bdad498bdc671
deployment_review/repo_consolidation_square_excision/PRIVATE_DIFF_CLASSIFICATION.md,535,422db77cf245e4a290c46dcb626d6e2140e8961e8894d787c735c2dec8f6255a
deployment_review/repo_consolidation_square_excision/SKIP_REPORT.json,405656,df875466a42913bd56e0b8c3896023ab3ca286d1ae35477bd56c095a84f905a8
deployment_review/repo_consolidation_square_excision/SKIP_REPORT.md,87786,be8a7644591209d8bcc771e70021419217870add10f1468dda912b1bb0397c36
deployment_review/repo_consolidation_square_excision/final_pr_body.md,2906,92c8af302ffb3f4505d73b6f22d95b44ff1cf61a16bdae7d0f74e53b81839e4e
deployment_review/repo_consolidation_square_excision/final_report.json,2482,a4f4e234211ba871e4114ba1e151733f3d144301707aa5c66398e6935fe9659a
deployment_review/repo_consolidation_square_excision/final_report.md,1176,31a8721978f6e8e34094f9093632118d28efdaa2036e1234a0b369c9e8411629
deployment_review/repo_consolidation_square_excision/final_security_sweep.json,1056,3fd2e737c0399731f76cb2466f825e0a14807866fc3b3647e0ef7f0673d539dc
deployment_review/repo_consolidation_square_excision/final_security_sweep.md,547,4232d7f43485bba2bb77c8c7e4e72d64313b09273962b95e7ccb1520c68f55cb
deployment_review/repo_consolidation_square_excision/preflight_report.json,1278,0af95f46b873011a9b7fc4aeda6d4e9a423b465ae874ad62d8c909b335d5cec3
deployment_review/repo_consolidation_square_excision/preflight_report.md,733,bad1662982d296a5ccb5a7560ea2f7b7a21d786ed0d4b3aefe81afc7878ef69a
deployment_review/repo_consolidation_square_excision/private_diff_safety_scan.csv,237921,189ca8034ea94d76802ee590850265bc263239eaa6ff53bc3977b4ac1c1f5df1
deployment_review/repo_consolidation_square_excision/private_diff_safety_scan.json,352966,6d55afe7ef5d76fd2e8445286cda93c9579c564c01bc3410be3dc33a040667b0
deployment_review/repo_consolidation_square_excision/private_public_diff_inventory.csv,299844,a97419c83c85ce5822a3fcbc1772322f71198b8d2ec9c3fd250f56f91c6e1e01
deployment_review/repo_consolidation_square_excision/private_public_diff_inventory.json,458707,2f93a0474eae2fb905be1e7b09c461a7e9abd14ec538bf30bf5a6eb44ec41787
deployment_review/repo_consolidation_square_excision/private_public_file_delta.txt,199162,ae0189d507a2460b6f52738fa109bd5dece556179dea92c80eb6b0f4a6a58715
deployment_review/repo_consolidation_square_excision/square_reference_inventory.json,928,87df17cbae95b78e6ec5130b89f9be668e40b19e023ba67cf23a83a7e3bc0464
deployment_review/repo_consolidation_square_excision/square_reference_inventory.md,565,77b4fae6e8444f88e4f5a3274e31998bb275e98a7692d13f09eef0b2e3a35d3a
deployment_review/repo_consolidation_square_excision/square_reference_inventory.txt,286,ba8289b23e33333997ccc60865906bc20271c58c53f7cf1a9fc11f9c02d6a8c6
deployment_review/repo_consolidation_square_excision/task_a_square_excision_report.json,7344,581eea0c8bc713291de357e8f23cf37c58cfad4c861d0da42236d745262e15a4
deployment_review/repo_consolidation_square_excision/task_a_square_excision_report.md,581,0a7a3ae0a2665beda8b6c64f887052783c695f44ea838d813b09812b669c52fe
deployment_review/reports/crag_restrictions_report.json,77,6bb97e816f260d3feb4d9cbebcd1cf980fa6ee10325e2b962c724281e3ee3280
deployment_review/reports/crag_restrictions_report.md,56,ce7ca7156d287aafde6bac5c6cd56853a4d8766657290a5998b40d40d0d8a9fd
deployment_review/reports/github_deployment_report.json,1835,3ce63d15a6a7d82e48a1356aaabf320f74ad5a28dfd5dc326a77dbfb1e7c1b56
deployment_review/reports/github_deployment_report.md,1565,7d29de0e46a977e98d473988bfe77a4a563c35e9efc605b395d955e588d19789
deployment_review/reports/github_release_NOT_CREATED.md,166,1e4db5bc0da62e4d1026692defd6762145cb9815fae3fe95ec14badcb61df4a1
deployment_review/reports/license_report.json,292,5a64a7bfd5edf30711d2ef800e391dd6ba1aa522948bb536e02808e7286a98d5
deployment_review/reports/license_report.md,220,66c8e3533aabff125f4e6901468b2eb00e9fc02f6bcd91143cc648db3d195367
deployment_review/reports/no_overclaims_report.json,105,e72feeb69b68abcc0efe75de57b39d5e6a2266891824be122bcd655392e12bf6
deployment_review/reports/no_overclaims_report.md,86,766fc56975c6ae9746f571ae0039b936cad89b18d77b4b4847548b44bf464f9e
deployment_review/reports/no_private_paths_report.json,71,2dbd11add02c8ac86d2907c3e91c01d7bbab5e237d5cb09a58444f98213b2477
deployment_review/reports/no_private_paths_report.md,56,333e82609cbaf692aee19b68f951d0535b0c6c58318628cee7548de7f2e64f51
deployment_review/reports/no_raw_data_report.json,296,5b57d94c1c2c9395171f982b2e8c52d0d2ff2dd3279e7f95f832c4b41f05bcf1
deployment_review/reports/no_raw_data_report.md,59,69812ec226db11b8afb93b622377e88539367e20ee829feed87d540a59986416
deployment_review/reports/no_secrets_report.json,65,64097241cbed9994fa7ef748a5a9fbb049e9b1cec84e9a765c52e9a1040c633c
deployment_review/reports/no_secrets_report.md,50,75154afdc8490a252d3a32cbfa1b40e6cacc8b30214b615cb7614b16c0e0f317
deployment_review/reports/readme_clarity_report.json,75,487bbc222a66403eb874ed93e8cfd2fd809c5c35b9ed286f797b2dcfada9f246
deployment_review/reports/readme_clarity_report.md,53,726fe3986c99f127246a0cf53061ca3feda8c6c41f9a650512be451ff41a03f1
deployment_review/reports/test_report.json,360,03f6f09e114dcdc17ff22b1b1f190aa304ec2de7e042d4cfe502f261ffd15ef3
deployment_review/reports/test_report.md,342,1eee9e56101b2d5e03fb404f8adb414a64a03a49dcb431b7d28a1dd6de13e2c3
deployment_review/sanitization/crag_query_text_sanitization_report.json,624,ae6610308c1c6d05fe1bfb83bcb1d1cd03a7bef68763fedf6733be1ef39a1275
deployment_review/sanitization/crag_query_text_sanitization_report.md,458,a3decd80c0466bcfcfd83816df78683b0faf02465ecf4f440c1b76a7bb02aa41
deployment_review/sanitization/github_sanitization_push_report.json,659,ceb6f98e67c9bb3eb301208a38bb5ec26200150d19b3da3d8e7eb3e1a71a6947
deployment_review/sanitization/github_sanitization_push_report.md,651,54284c22b0c307ebce0540985b603e71a25ef87db6d87215068099dda176850a
deployment_review/sanitization/history_rewrite_recommendation.md,1211,2a58bfd4e1cd1aa8bd67764859bf62d001f6f4324d2af4b8505c7b492a48c472
deployment_review/sanitization/history_sanitization_NOT_PERFORMED.md,570,d1b99f1c153dc46a17e5cd067fbd32e2966819c2e0199108e72de5027624864d
deployment_review/sanitization/post_sanitization_overclaim_scan.json,249,389195c22f6f7068c7366125eec329e604981826fa215bc675c1c0f8e9a022e6
deployment_review/sanitization/post_sanitization_overclaim_scan.md,113,a861bd003e370aead6195b9182abc9ef7d25476418980edcad4a0ba0387fc819
deployment_review/sanitization/post_sanitization_private_path_scan.json,65,c542ca503829a4709c48ab019e1600ef1bdd66e2102cf66dcd9fb62927fd3888
deployment_review/sanitization/post_sanitization_private_path_scan.md,70,7ca375191f365ad4cda72475aaa6381ee363c6a52394c92bfd30dd5f99adf1e0
deployment_review/sanitization/post_sanitization_raw_text_scan.json,7772,07099abe7d8b64471fbc7c1c41cd66b68c43a1cb320e4f92d7b3aa2bde6ef3a2
deployment_review/sanitization/post_sanitization_raw_text_scan.md,199,2eb99e5a5c143ed200bd9db4dcf696eba9283d9c214437a87f9adb272ac4d4d3
deployment_review/sanitization/post_sanitization_secret_scan.json,65,c542ca503829a4709c48ab019e1600ef1bdd66e2102cf66dcd9fb62927fd3888
deployment_review/sanitization/post_sanitization_secret_scan.md,64,74620078eeceb4633c93fd24ea4548684bf226e36712b421475cec22b3c3f850
deployment_review/sanitization/post_sanitization_validation_report.json,640,ea30bb20227ae9515df86606be674e32cb316f0afe3f83ecc7f8d8c2127f80eb
deployment_review/sanitization/post_sanitization_validation_report.md,695,422bb8c5284bf0e6fd9711d77cf227e4744e19bb19f6c756b91fbef4daee92ea
deployment_review/sanitization/pre_sanitization_state.json,8183,e8cf5a9a91d93582bb31bf2bf6aab7f3a1e35980dd58834eda8fb71924beb0ce
deployment_review/sanitization/pre_sanitization_state.md,2667,2dbdaa2b0e04df07465aabd6b7cd2c459f05ba3374ceb7f70e1a421a09b66201
deployment_review/sanitization/raw_text_exposure_inventory.csv,2674,9f962a58826b34ac50a7fdd31a8bfad1adc0ce91d2d6949dc5d46428d9aef5c1
deployment_review/sanitization/raw_text_exposure_inventory.json,3541,d4c95c793e6d75083282ce8ab7759795db6e71d2332403e684bf0d5a52683e38
deployment_review/sanitization/sanitized_files_manifest.csv,1341,b75dc0442ff13863fff3cf6595512032da4edc0ddb231006712035c345a77e2e
deployment_review/sanitization/sanitized_files_manifest.json,2088,b6d2da8bb747473b0659820638374f3978821f9f5da535d769ea98440eddc100
docker-compose.yml,130,f5412b8ec361b880a8bcb212f2b9dcb06e6945aaf00e3dea254cc48d169952dd
docker/README.md,1781,a8ace9bb3108f02e8e6039fd649566aba05c17ab15d8b3993b310338882bb2e8
docker/compose.public-mini.yml,728,35b51eb267006c59fbb8b677c4337aa4ba8f7af7565f87230623e62f679de62e
docker/docker-compose.public-mini.yml,487,57525bb7fd6e70937dfbf7cb8f5ff556d44af35679d475a33a2cd82aaa51749c
docker/healthcheck.sh,130,5512275921f08ce28d912121b3ebb9e6d7afe2d59be06881187ef3708ae4a1ce
docker/run_governance_job.sh,292,21f2fd1ab6345fcdbfa4a9092fbdca9a3113a36c94fc04351be6bca2eaf4c923
docker/run_public_mini.sh,150,56bdfa9c45c2f98736326f44ed51f91a6925babf3c86b6283136c00c1ab9320f
docs/aim_hardware_characterization.md,366,01845be55704eb4f9af616714d8cc0c3e42e6c12f959234b638239bc7486bac9
docs/aim_hardware_matrix.md,413,77ed090edbdca7c8c7e44813563eebfb25964736c845fae1cdc0fcd9c7cc7569
docs/artifact_integrity.md,353,6321abc197e92a7fcaaf1eb8947603d0c79dcbbeb8305da369011757eca15792
docs/artifact_storage.md,1553,503596d9be34bd9dd90b173f0fe5d4945359b912c077a6ca211e300afd8b6074
docs/arxiv_paper_plan.md,596,ce692bec8957c62f759684519bae5553ace89809897f7748b16f32d677a6b6fa
docs/arxiv_reproducibility_appendix.md,423,4a9dfbe2de7dee5f1a8177695457077789ff9f0a06f039c3a82ed665830dfd39
docs/behaviorally_distinct_policy_experiment_plan.md,3796,0e72d320735391971640b07bda7cdfb0226ff6c0c2b26c016ffe962cad74ef4a
docs/claim_boundaries.md,6141,5916c96c530e7fc4a25fb2afe46aea2078ac4e9cf744c793075bfd17629f85cf
docs/cloud_agnostic_deployment.md,1204,38bd68b9cd0dce8fdfa605d2efac87dfe6e85de205a1a0fedc142e597bc1ae65
docs/container_security_scans.md,480,cb8727813ca38321884113d02aeda07a4cbf178583ea228d6378e5645b18d338
docs/container_supply_chain.md,3666,9ac9141ad4ee573bf0177dc0d2805f151d899a7427e42a6ceab58a57b1519e83
docs/crag_evaluator_mapping_v2.md,464,112bfd069ca8d66e33450fddb087a240fe88512d4c6b37367c49cd7b1dae06c8
docs/crag_generated_answer_evaluator_mapping.md,506,0d7711600c0fcec775413d0c3140d3b992c1d1d28311d9d7d47b613240a67631
docs/crag_mock_api_validation.md,5379,cc16149a85b06a45d04c9d4902afcdbdd793dcda6c611156d25caf49dd0fb4a5
docs/crag_query_text_sanitization.md,2315,a3d5321d3c4e7deffd19702de58dc64b1abf4fe700383f2fe22a23e257b6b178
docs/dataset_acquisition.md,1996,b2691566a692fd2c7332dd7a7933be1cefe4a72c63fbc456b79685a80f5bdb86
docs/datasets.md,1246,2407b6ff1033fac35f3e84e63e0502b158a7496a8a23bb8569834c1fd64b044d
docs/deployment_architecture.md,1448,257c65c31be548f6b29aecdf03fae1f8ac45db7599e419c4b640af8cb6e25211
docs/deployment_contract.md,3042,d9f503c13df6c0ced91db40315b6fa79f263c09b2a0abde02ece71f5f4ba9c11
docs/design/layered_optimization_criteria.md,542,abc030d425d938f9fe090dc6a2ec0708e6391c898f849264d5ffe3139b7b443d
docs/docker_reproduction.md,785,8c80fb955f01f8eb530a033cd3a91faa75af39832bad6c3ff1afd242df866779
docs/docker_runtime_validation.md,3663,d3c0eb021338a50fdab2057512aa33439924c98fcdecbbcaf6d0817b6f48982a
docs/evidence_ladder.md,5137,1b860ebe041626a03f779c2b2fc554df4675d7a4ddb87d452489bd00b5b33af9
docs/external_evaluator_adapters.md,423,2b64e796958d944721df4da8123a9e47dddc6770f761883fe121f7e1341850a1
docs/external_platform_status.md,207,dff44f0fafd26a8b6878db4570c9795944ef4ff86d7d099de548c4810ef77537
docs/fresh_clone_reproducibility.md,463,e9a3b27df2ee598caa890a83bbbe4a4c8c74306f5f3a608219d17d61de1eea33
docs/fresh_live_crag_hotpotqa_behavioral_governance_plan.md,3809,e373c580674f5e22fe32579099f6040fd9f3f2e22ee9da8722fbfc8c6b5a7b72
docs/generative_llm_validation.md,9094,420801ec6ec00f0e6fb5e9fce0a2f99c9f9572ac5923965adac4181910d2ae5a
docs/generator_configuration.md,2060,86af13353a823f0dcbb3dbf26d492d41e856d0a980c5e63a849e38eb5378cdb3
docs/generator_status.md,201,5ab0e5e7c90ffb26d8e15be9b3a25e0d22581f90b7000a468b9ff190d3b85d80
docs/governance_first_thesis.md,564,cda85e1532e97722876b21ea12c9aed1d2fdc8ecaeb289a13c1ddad6275e8789
docs/historical_validation_summary.md,5405,d727f030d4a8cb36306d25e51cccc66c7105858a48601b2c5b09a1c693d5d195
docs/hotpotqa_quality_signal_audit_v2.md,384,7c522cceca94d67e2cb12cac5ba6487f0dc48416dc8ff02c3c0f6ddd7bf7e7c7
docs/human_eval_status.md,225,f2558fd00af8f4457dd91aa9458cfed5d9464782a8e3dd7b0ee940d05928cca5
docs/limitations.md,457,98cb5e9311d7d20ad03a65a09b6bce46ecf8ef0737208be2d3471bc6eb6b54f9
docs/migration/BRAND_MIGRATION.md,1044,0eedfabaaacad4cb079e7c60897d1d7b27ba43ffe9ac59d94f17790a4ad781b9
docs/migration/LEGACY_BRAND_EXCEPTIONS.md,1440,38f38d28451f3f7c708e7ac30f285438766aeef9409051b00a825e2a8d04b3c4
docs/migration/PRE_RENAME_ARCHIVE.md,766,c51b6300404816982b0f2d2bbcad4de78d1e40a02ca4c72376813eee238574ff
docs/migration/active_identifier_map.csv,38218,c4d4dd04685378a31c5ecdf4a7995d9b0246f697fbe88c1463ca8510c06dc644
docs/migration/legacy_brand_exceptions.json,7302,8a967713a2e8be1857933219bef49624c2bd7727cef606c3cec3ce9cd45a78c0
docs/migration/legacy_run_id_crosswalk.csv,1151,cd11c436b7787f7c5d0a5427ff8930832bb9c4f8c70cc5770dc3499af7f51de4
docs/open_source_arxiv_readiness.md,577,8e30bc376ed6aac2102b61129be19c995bbc274a4e352fb0dcf93634b712b7fb
docs/operator_workflow.md,1589,00f47f1c20e9ad7a9cbf7d979cb399962ac7467e0d1f665a84541a8b2e83bde9
docs/platform_benchmarking_boundary.md,1269,ee31e744da24a250ce90bdb47439482fef22f9444d384f49a55108e54a600848
docs/product_contract.md,2329,43f3f5476446367f3cd9ba0a2deca96199aad3968902f4faa4832aed75643adc
docs/promotion_decision_schema.md,726,0136c5500bc53ed3b3116469455a4a7fb2c37192f1f21346f31eb4b932f1a08d
docs/public_mini_reproduction.md,443,43a219ca0cc09c338c622ff9b89c70ecf0d7be5af5587bd3863d1371dca7b16a
docs/public_repository_note.md,626,d0144b1a27ed6e4c0cf8c5ec9a34e7f2841c9f5aa30c9fa2938837bee03878ca
docs/publication_governance_gate.md,676,c8752d1565ee223fe5d63880bd0e0d2cb3b441c08298abbe47d42287039a3236
docs/quickstart.md,882,7b8263874fbd69ac7408813882398d8a86b1022ed00e0c66ad17a9f6c7d295e0
docs/rag_compass_name_migration.md,372,13b4bb11b5f2e613c7c152c8366b1333d8230a7fc2601b32618b9272665d3276
docs/release_artifact_plan.md,539,102a38bc6e96c8ee2f6b170d94fbd93af8730eeb847120a14e511c0f09e06587
docs/release_notes_v0.1.0-rc1.md,209,38aaa04e7f942e3b741cb156396782604438b8905007ac2a8fbd018f69882ea1
docs/release_process.md,455,f44795865f1f8f53a0c76cbf84727b854fab3825cb068a3ffb156a21155762d6
docs/selector_ablation_matrix.md,354,57943c3ad862e92250f3299a022c80400b741e0230709dd5c070733872d013f3
docs/selector_ablation_stress_v2.md,423,3c9ce2731309fdb59227eef08ba171558725af8e421783f29b2acaba853bc8b1
environment.yml,135,36634ec0efaa2bb6e8dfcb8ecba3d71a6cdf09912b7e86301f535d6c58acd794
examples/external_evaluator_adapters/README.md,167,1dc7663f35bcbe02beaceda25e02f11f55bf13b9bfe8443dc1698ad82e734fca
examples/public_mini_reproduction/README.md,140,237dc5afab185283c068e0ed3bd1b5dd39b9e6270af6c11b0237979a6d7d1832
notebooks/README.md,111,9410665814ddb729c64fb6dd6775aa043763f0dc753a77d8db8a6b876079e873
notebooks/analysis_overview.ipynb,487,8201f7e1910672d5ccc75f30c602dbb6992e88d148041b49c3dc9d42935e0853
paper/Makefile,528,e7af56b615931ff3791f584199b9c3010713c6645c4f49c81d3889439c52767e
paper/arxiv/ABSTRACT.txt,1285,cbf0bf71bd61206be4b6d1a9b638884a4215ab350bcec4ca90c25d4e7699833c
paper/arxiv/README.md,742,1f9d65fc81f4cbfa773494db41daa5680385e00c64d2f9e609ac1559b4fcd0a0
paper/arxiv/SUBMISSION_CHECKLIST.md,563,31481c7c158abafc142d745bdb7cd18e76cc4d02fd5a2b682225c96f58629bc1
paper/arxiv/abstract_character_count.txt,115,e00d07a5e9dcb7207fa6552af84403e6134fc1e35500398b2ed7dafe93e74580
paper/arxiv/build_report.json,1733,073b50255fc120f1eeb5eef73e21bdc5b916f87917845efbc3ddda876722fa56
paper/arxiv/build_report.md,1599,539d4ac03861c381f47427d0e15f7cb776ed97505fc926fdb3be087d9ea9c95d
paper/arxiv/source_manifest.txt,905,edf2bac305ea43cb9242186415ed588d4778930c2c9a0923d06d5d2429213463
paper/figures/figure_01_governance_loop.pdf,2577,5f83c646489d3b0aab147206e1ca5b82a18d4b8efd2dac294deeeca6eb8de29b
paper/figures/figure_01_governance_loop.tex,431,c15b539c67a28b550ddc156f944cd91c35832f69e0689326a55a4bd827677096
paper/figures/figure_02_decision_geometry.pdf,2263,f7c1c7748355bf1227c0f87b64fce41859b2fcacb63e75b89057042403e42397
paper/figures/figure_02_decision_geometry.tex,435,7385eb58fc9ccc357ee9253607e8821f6b48ed25d07c37c9a09996768207c267
paper/figures/figure_03_evidence_ladder.pdf,2785,36aeb753b3a51213d5cf33b9b35713087bade0e00c541ae70664997679ef2e10
paper/figures/figure_03_evidence_ladder.tex,431,551001e34a18f73ada2c4f99d245197beec06989777e6edbad8f8fe49d9151c5
paper/figures/figure_04_cloud_job_contract.pdf,2371,e8fb8abc95ee9db22be64e2351efff5aad2b4f321fa5504b9790468d2dff1637
paper/figures/figure_04_cloud_job_contract.tex,437,5427089428a70e2bf7707e3660ad462e7c5ad71d1735c79b8a3c787f588237a1
paper/figures/figure_05_evidence_map.pdf,2537,f7c0981e44f9d517ac3d1ce4029d31b7e74b6623f035bddf615ce618eab4131e
paper/figures/figure_05_evidence_map.tex,425,2585c263f43001af8a6d05869b7a1fdef337aaedb6ab28ae7373a7da2e29745f
paper/figures/figure_06_selector_stress_test.pdf,2274,acbc3e859691e109d478b7621214c3e2e3f45b26d1fdad89ed8275207b9827fa
paper/figures/figure_06_selector_stress_test.tex,441,3d1cced238d72dce9dfcfd4c9b6d18a03497037be000a6f49de321d7e9b92f82
paper/figures/figure_data.json,2104,2ac1430e0bd5204b7d7c073ae111d314142fbf2bef4e79fe2cffd07138f1f85d
paper/figures/generate_vector_figures.py,8616,0141a7d8bee7dd94c903ec310d75a320f1313d10e1e19798504734a05c3ac24f
paper/main.tex,49270,272cd9cd253bc39f130515cb748bb44507fc7885468eba0615592ebe33546742
paper/preprints/RAGWarrant_ArXiv_Preprint_v0.1.1-rc1.docx,786501,a85c0a53b931ee87b2415dd37439db74f86ae66adfae31bdf495409cbe897ca3
paper/preprints/RAGWarrant_ArXiv_Preprint_v0.1.1-rc1_revised.docx,764890,170bf24c7b9c848fcaf790e4c9ef7a687f3e759b3044fbc06b7577115316d84b
paper/refs.bib,6747,2d8292ddcf34d70b72116a15854050751a3ca2f52ed6f8a1c94e429024d91d3d
paper/tables/claim_boundary_table.tex,163,c7d3071a6ecce2685dd5c40671516f2b0e3830ee07f4921ee6d12549a3f2c7ed
paper/tables/deployment_readiness_table.tex,116,72dfeb544c25c52f6c4a31fbdd90c7941e661a64babd74195105ce5a80686bfb
paper/tables/reproducibility_table.tex,133,61b1d330782b2d181174369cffa043f137b5a80b393ca48a65fc594ab03838f4
paper/tables/result_taxonomy_table.tex,156,e1640b71d88159a9189a62d5b6942b8af66eb37f19b9d79342fa4cf373605720
paper/tables/selector_ablation_summary.tex,170,163e078fee033a21f7d80d0a11bc8846c1ba40b297f375147c829b10fe017acd
pyproject.toml,955,e816c8eb3aff7ba6454e63f81f11636c310f47c630d8021e305bd58655c48d45
reproduction/README.md,273,d323aa54bcefbca76f0a5602baf08bb52c429083793fb8871cfdbbfecc277071
reproduction/commands/reproduce_crag_mock_api.md,515,ba81ce33b1077bb52f17317d8db55458cf692317dd654ef68dca8b149c55e4a3
reproduction/commands/reproduce_dataset_matrix.md,266,d75a58a998e6a55816938ab697e5322422bd037df19d2f4e62248e1edd060ec6
reproduction/commands/reproduce_multihop_confirmatory.md,333,a3eebd8ffacf925f93306d692f1c1a35d8f89b2322207c1de1462ff24e1c91f8
reproduction/docker/README.md,498,e9a7d74655d709444b57eff9c415b658be9cecca9357f0a511c28b8102fe3929
requirements-dev.lock,17768,ee8b7feec506d50491e2fb95036c8e2dab36643b371b49c3f91121426c306776
requirements-runtime.lock,16715,fdd405e60b3d5b703525c6026ee579b047e7ecefe5df58dde54de092260572c1
requirements-storage-emulators.lock,53235,f7b481509a9e09a42416b645823167769f9d72221ba4d29e2d6b3c3f5a202346
requirements.txt,125,c4765bf06b5c2247aea70fa17642c9200b02677237aa5628f31bd421c896fd0f
results/README.md,450,c00fb50d855ba37c74156fe8bc8ef1b292be231ff00bb797231f8c741fe374af
results/aim_hardware_matrix/claim_update.json,628,9ad7dc16f6008c95cb20aa23e4dc507fbd6067c24b7076c60102ddd0141f590b
results/behavioral_governance/claim_update.json,549,90b44ace7f34b770508c33dbad28c2c51951285ae528fec5e4711b7f153f62a4
results/behavioral_governance/executive_summary.md,370,93e0427aaa2f06198748746bdf69521f68acd046291b228d5fc8ef3e4f1cc986
results/behavioral_governance/limitations.md,436,534459a3f3d6a65a6599209bd2f8211fc9c9754a6e14a5aacfc5e8f6f755cf5d
results/behavioral_governance/paper_ready_summary.md,3473,267a3f6aeffe41d916da289105c1fdfd7650211dc90fba52bead04f684e5ee59
results/claim_status/claim_status_table.csv,14089,aa00fcff765ea173b6c61ab36dc4877490716eafd4fb7371fa8fec984649f803
results/deployment_readiness/claim_update.json,1424,e0f91d1655c5a54b817f22585ff243de4f7cad19453fc4d6582fb46cf146c264
results/deployment_readiness/executive_summary.md,128,388fe9e2e16914d276c1c05c57793a247ae1f19fd92476d8d26c5467bab7e23a
results/docker_hardening/claim_update.json,887,ade3da1f912b688a0449936ce83d657380d1a73d26e98e5115c0c14185119a10
results/docker_hardening/executive_summary.md,76,b673cf9907da0e87efca2b2f0968b2c9af5dab26467c3298e2b27725b7f64da3
results/evidence_summary.json,4927,c5027efc153b01b04cf170b0c7d2901b9b8ef0616c321d117e72a084eb3a2cce
results/external_evaluator_adapters_v2/claim_update.json,533,c83f031d7918eb8ae0744ab27f406e3194480b21e798788e8f2cfb4bed0b631f
results/figures/README.md,77,1210cd654b096009dd1de46969aea4590729e93ba7949f303e89baaa1af59881
results/fresh_clone_reproducibility/claim_update.json,388,c60cdbcde5555b396ea69478b18caf4d6ed7569261b3c85d5279e3294a323c0a
results/fresh_clone_reproducibility/executive_summary.md,78,1e207fdb123bdf4f7a8624ba3a99dd82419eba718f67f35ea102046ea43f53f1
results/generative_llm_validation/claim_update.json,1956,5fcc93d14101217d104c8c6e56e4fd3bfee951ae6392e8b40da7847f804ba0a6
results/generative_llm_validation/crag_answer_emission_model_comparison.csv,205,efbb31552bb39cf87f8d36e54a28ac7379ab5a2c407397bb6b2593dfa2c9d34f
results/generative_llm_validation/crag_answer_emission_model_comparison.json,5348,dc14c5104fb6321a5d5e5ed5ff1e01eabc5d9a389a1b6f01380bdb8c0bb3d583
results/generative_llm_validation/crag_answer_emission_model_comparison.md,455,82c0cfd00b10c77f41f558fdda7efbc91dcbd5f4e55b6544c821b54ce786d1c5
results/generative_llm_validation/crag_learned_quality_risk_predictor_comparison.csv,1937,34e3a8237503d34c20e62a1ec120f34edf5bdb453533c4bb6fd9cfe3e3ff7bc0
results/generative_llm_validation/crag_learned_quality_risk_predictor_comparison.json,5748,7ad51d3a7f686d4226c0c3467d3c781fba50ac6de1fa00b47712c8be3021b736
results/generative_llm_validation/crag_learned_quality_risk_predictor_comparison.md,795,0968d31bebf00c61c0e6b29a6def836cf46b2f16c8c7d31fabad6ab456e01f28
results/generative_llm_validation/crag_quality_risk_guardrail_v2_comparison.csv,1647,d9ce6059ae10259d61cde0a9738ac9d40e56d78dc34759933ba39a0fd05dc055
results/generative_llm_validation/crag_quality_risk_guardrail_v2_comparison.json,4742,f9019016d01f2172ee4181e361c2ef4a0661adaa03ae3795d083bf866b3694ec
results/generative_llm_validation/crag_quality_risk_guardrail_v2_comparison.md,782,7f41e9711308711032c82864d227e2ba9c803284948227043c65725cb8069122
results/generative_llm_validation/crag_repeat_comparison.csv,472,3a99b1e612afb72309e1a74b7e48910c32e08ad60bf5e87c723f05af9d809258
results/generative_llm_validation/crag_repeat_comparison.json,1209,e754aa9e0a02489a80a8182de7aa8523dc624b65633b273c1887b0a51c0d4fad
results/generative_llm_validation/crag_repeat_comparison.md,467,5d3cd31c1ff6d152ff91086c858399f2219e2e9ac7623b21ba99b91a9ecf4e3d
results/generative_llm_validation/crag_second_model_comparison.csv,316,cbf18e008a0bfdfa8c69721f58cac056b7985453997e9a955a66a0db31c0b3f0
results/generative_llm_validation/crag_second_model_comparison.json,1300,8d527346a059579c5a4d998e9477cdf8643ede8337bd7463fd74a9d0bc9c503a
results/generative_llm_validation/crag_second_model_comparison.md,449,96bd412575990f018c17d3bc7239c49fac5109ce870b28dc4b3e81b675dda909
results/generative_llm_validation/crag_stability_comparison.csv,1967,6d39b472622dcce79b3e5b92ce18094434fe4c2793ae7c2e3a09dcb72c334a49
results/generative_llm_validation/crag_stability_comparison.json,5211,5cea548599f9d4cd563377ab6498f875e7e3b5b3e7e00427a713571cebd35a42
results/generative_llm_validation/crag_stability_comparison.md,618,d82f43d606e8d2c159367e9881d23a0453baac0a5ed5a70a943eeda307f7da5b
results/generative_llm_validation/dataset_comparison_table.csv,295,bc2eff20afc95dff982f4aa8515e7df1b1a4485977a9aa0607478c72d1ddbd7d
results/generative_llm_validation/executive_summary.md,995,813ebd39269a17f7a9d92f9a5f12a17ca50ecdd4befc4f22e47675489f9dc367
results/generative_llm_validation/gpt_oss_20b/crag_stability_comparison.csv,1337,108458913b8f2fd17340ebb749f49f2f06b2883e73f51c84d764fe68bc6c4495
results/generative_llm_validation/gpt_oss_20b/crag_stability_comparison.json,4137,50151fbcf1a43c747b54b40fca28ad34281952f2bc9c34e95bf466b6b84b818d
results/generative_llm_validation/gpt_oss_20b/crag_stability_comparison.md,566,eed8273fae2661aa9c4dad698a9235ef8f1ccd3a06630662ec4928d727f7b50d
results/generative_llm_validation/limitations.md,913,92d3276bf3d1be17e1e72e97da48cfe5b9cd49ce7bd7ed5fa82f1fcad2679ca3
results/generative_llm_validation/llama3_2_3b/crag_stability_comparison.csv,1367,7e1982333c4645f192f9bb52d767b6a89d5c4b30334c84491f332c9128b41d2f
results/generative_llm_validation/llama3_2_3b/crag_stability_comparison.json,4167,9c627b39a8282e0900a0dac9e1a617bd0db86de801be0e07ea4ce7f468d14335
results/generative_llm_validation/llama3_2_3b/crag_stability_comparison.md,566,eed8273fae2661aa9c4dad698a9235ef8f1ccd3a06630662ec4928d727f7b50d
results/generative_llm_validation/paper_ready_summary.md,995,813ebd39269a17f7a9d92f9a5f12a17ca50ecdd4befc4f22e47675489f9dc367
results/generative_llm_validation/synthesis_report.md,995,813ebd39269a17f7a9d92f9a5f12a17ca50ecdd4befc4f22e47675489f9dc367
results/generative_llm_validation/synthesis_result.json,1956,5fcc93d14101217d104c8c6e56e4fd3bfee951ae6392e8b40da7847f804ba0a6
results/historical/historical_blocked_results.md,959,9e10adcf4dbfc0771ff6edc92c50ca0ea3e65791617ec0da0aec50db6186402b
results/historical/historical_claim_status.json,1937,d1c312be40da838b777b1f036ba73c936751d868f4b26382bc044d18362b2171
results/historical/historical_evidence_ladder.json,1664,3d71d98a6dad551dd7398a498ed5798a62f6e7e6e99ffcbe69924504f55d9960
results/historical/historical_evidence_timeline.md,3412,cb56be0119737db01aebc458549f3046ff571b0bc7cdaac5ffa224d8732a67b9
results/historical/historical_negative_results.md,1045,575bbae532a83320f66289c6d9fc0165bc24dd1781c437859343c8511b080264
results/historical/historical_reproducibility_summary.md,1503,cf4dcf096a197ea3ec6fc3feb779a2bceef639929ff10d90352890585b9ab75c
results/historical/historical_run_index.csv,20328,91e5f2a0588a823854ae31c2caa59f38a98898b82f0dc42a16aab1d975da7b1a
results/historical/selected_run_summaries/01_spectra_quantum_fighter_summary.md,649,677c71c8b422e7caef45fdf7d338f26029912dc0853a18354bbb05e5b18f1eec
results/historical/selected_run_summaries/02_synthetic_mechanism_matrix_summary.md,592,7cb1050ac380c1e10367463657a8ce37fe786196f1672faa9d85b07e563bc43e
results/historical/selected_run_summaries/03_external_transfer_summary.md,586,6ef418a6ddd3df47dd66f4fc370816c6656ff3ff51f41879e89d13e244d2267f
results/historical/selected_run_summaries/04_matched_cost_real_rag_kill_test.md,583,360cd5e973c1dce7315edf777517be9510c931e3f0083241450bfaa36387d024
results/historical/selected_run_summaries/05_row_level_reconstruction.md,567,a57481f5e69775109e9a9729114f1de3b5dfb36947c3b3c15bc37547949b9044
results/historical/selected_run_summaries/06_t2_ragbench_development_v2.md,608,db811b23e2cb1e7a406d3dcefbd07ee0d2968af5acbf16d4460db887fb7467dd
results/historical/selected_run_summaries/07_multihop_confirmatory.md,575,124b264b1ba7a687abab70d683cff3652e38ef76869b53679ed26fca12c80c3c
results/historical/selected_run_summaries/08_selection_regret_audit.md,540,4e2af1891e66c02a6675850165ae1bc223294331ea3e34f311189298742af621
results/historical/selected_run_summaries/09_hotpotqa_context_retrieval.md,596,86b80ef155446270e1d171a9682af28a8ffa6ee63504f18e5fda7d82fca76cbc
results/historical/selected_run_summaries/10_crag_acquisition.md,620,6657c943384166f4b953adc780cc38eaef2b1a82324ce50b48d4ba76a348f7d5
results/historical/selected_run_summaries/11_crag_web_document_governance.md,572,45143b255196f61e3b4e41f514454147c3bf2c14cacab9836a529f24f8eda074
results/historical/selected_run_summaries/12_crag_mock_api_validation.md,680,cb96cccbe803f55367e0801940b6cc6bd61502d072605d3f6f403a5b9521911a
results/historical/selected_run_summaries/13_natural_divergence.md,554,9b9bd60faf7f952e39fbb3448239b043a9fad46b75ea5533605bb0b9ac1184dc
results/historical/selected_run_summaries/14_rag_compass_niche_analysis.md,582,c8a28aacaf107fbafa6fd6354679d2a6b69095b6af60af8f15c40db8beeb61d3
results/historical/selected_run_summaries/15_unsupported_validation_areas.md,629,7a02d6edb1226de82bbc5420cc072f6bd5996208b94a9ea5c1e70f56b6c78b1e
results/hotpotqa_quality_signal_audit_v2/claim_update.json,1231,67c647c6d16b189345d3117deff0bf92f9af1f4b61f71c550cb9adaa01415ff9
results/multi_dataset_behavioral_governance/claim_update.json,684,1bc0ed234da26fee5b6a9172be40cc18ffdd9a0ffe1577bb7ea0a06fec44dfd3
results/multi_dataset_behavioral_governance/dataset_comparison_table.csv,491,fa04ac0aa2e09ea871a6135c11218f172faf69baacf99831867b5b1421339d31
results/multi_dataset_behavioral_governance/executive_summary.md,234,1e308f18da0d041cc1c14c0858d3a66c307da0306157ea52dfd7ada2a332c64e
results/multi_dataset_behavioral_governance/limitations.md,407,327b156220e751d4835bafb01a7cab67107361ea203c180ab2c9b7127aa97588
results/multi_dataset_behavioral_governance/paper_ready_summary.md,2639,1a24053efcc631131dfb46dd2054a18bf3f422188b11be2d2814b5309ad09148
results/multi_dataset_behavioral_governance/synthesis_report.md,445,f4ccd0675907b3f75dff264dc76c6f129c8b1debcb1faf6d2f61d44635207ff8
results/multi_dataset_behavioral_governance/synthesis_result.json,684,1bc0ed234da26fee5b6a9172be40cc18ffdd9a0ffe1577bb7ea0a06fec44dfd3
results/open_source_arxiv_readiness/arxiv_readiness_table.csv,147,5539545b99f2f7e94d655b0747554e8224a6a3ab9521f0c09d57c8320e53da6e
results/open_source_arxiv_readiness/claim_update.json,1423,76ff886f017a5cfbad27f7cec645f55e12c8845c614f704dce6109382bf06b85
results/open_source_arxiv_readiness/evidence_table.csv,549,342d7f118991092fb488703886c661c53d6b38f2d31b417cce3d8953296777db
results/open_source_arxiv_readiness/executive_summary.md,687,349beb0d08ddb56a64617bfd8eba1a79746f20883b8c8062a6fb9cf1b4a2110f
results/open_source_arxiv_readiness/limitations.md,162,b0e1f3e61fcf8c3436c5e24be0f3b7fabec5eb8bb258556454057f0da443b039
results/open_source_arxiv_readiness/synthesis_report.md,687,349beb0d08ddb56a64617bfd8eba1a79746f20883b8c8062a6fb9cf1b4a2110f
results/open_source_arxiv_readiness/synthesis_result.json,1423,76ff886f017a5cfbad27f7cec645f55e12c8845c614f704dce6109382bf06b85
results/open_source_arxiv_readiness/tool_readiness_table.csv,137,8f6e62d2f2abd31f334908f09a68b05a59aa6af40f25859c44edc20067297577
results/processed/crag_mock_api_validation_summary.csv,410,561c6563b20adcba329f8a43a5db858c4c6761f83d4f725195e5467bb13eca99
results/processed/natural_divergence_summary.csv,1133,04ce464789461504572032e297ca07662b09189c6788dad8f48c709a8180528f
results/public_mini_reproduction/claim_update.json,671,d8da639ab68ccdb42377ee9036158e74bb51fc4365367840fd5c09a5b802c9e6
results/public_mini_reproduction/executive_summary.md,73,577e23c03fca32d35608814960c325ddd6037d465b4f995def94fd28977b8563
results/public_mini_reproduction/reproduction_report.md,59,532152888048d4da3b224bff8166648e1a8befe3a2ba89de272262d21025b1a9
results/raw/README.md,175,20bab6ba597800a665311e76ca85b50695e3e3dbe6bedc0cb3c0973f9544e072
results/rc1_arxiv_readiness/claim_update.json,1164,36b3fee361a850704e82d427609e551f1622ee300e10c7a5c2f25e5072d9027c
results/rc1_arxiv_readiness/evidence_table.csv,561,5ccd574ad03f916290e0228566dbdfb22e769d9ef1943b1009f25f89d17fd05b
results/rc1_arxiv_readiness/executive_summary.md,77,88e6b3d337cfb92781ee2a959ad96d5acba578f0994f539277c3b11ffcf7bed7
results/rc1_arxiv_readiness/limitations.md,169,ff454b99289cdfb537e63c817067eb863b924a67b947fe834101ccbfbad59de6
results/rc1_arxiv_readiness/paper_readiness_table.csv,85,5aa378e37d84bf314610feaa928bd1f4464eebb5518d28a904ea8168c67810be
results/rc1_arxiv_readiness/synthesis_report.md,226,bb3a8632391b3b0e09000f3b2a99a122d02f60f8470c41e1690fc8240f572751
results/rc1_arxiv_readiness/synthesis_result.json,1164,36b3fee361a850704e82d427609e551f1622ee300e10c7a5c2f25e5072d9027c
results/rc1_arxiv_readiness/tool_readiness_table.csv,252,18c3da1f4bcfc30e1cbf1e849548f0f63272df1904f872aa372c77d9cf8b00f6
results/run_index.csv,26585,7686adabb8ec3efbdb0ce38cc18aa71dd48c555f388afa6ed57b0d4c2aa0db67
results/selector_ablation_matrix/claim_update.json,707,72f4ad3c15ac46b692fb66bf89522b6579968a98ee501bad3029ee784d6d68ed
results/selector_ablation_matrix/executive_summary.md,92,30710f0f28668c3dd76728fb9b04bd02c23f3300bebbe079451640d43a9c86f2
results/selector_ablation_stress_v2/claim_update.json,867,0ca1c1b039773df495d521a8eea244f2a7a7eee7ea75882d3f43b76a7fc60bd3
results/selector_ablation_stress_v2/executive_summary.md,90,01b121cc959da4e3f673bba05dd384027071f099feca23e006a5a5b620b70813
results/tables/claim_status_table.csv,14089,aa00fcff765ea173b6c61ab36dc4877490716eafd4fb7371fa8fec984649f803
results/tables/run_index.csv,26585,7686adabb8ec3efbdb0ce38cc18aa71dd48c555f388afa6ed57b0d4c2aa0db67
results/verify_run_demo/claim_update.json,284,375d89794d095c24fdea7a132bc495d55e73238482188e20645d01962a4cfb45
scenarios/README.md,121,80ce97f26f1fd4be4672e26828d2921a3156a7b7bd99478ad416275be55937ee
scenarios/harness.py,299,befea1b3ffc80ffd1b9fd5e695984288ecac59831ae75f130f88b59ee582c828
schemas/artifact_manifest.schema.json,642,5535ce69dfed2af774ff4190892843893e044b0b133d85d56ec4c3f126dadeb4
schemas/deployment_readiness.schema.json,509,2c6e3617e6b5d0918fd1c7aa2c25f6814f0ad11d34b7fc0459f0e7d92fd3fed9
schemas/promotion_decision.schema.json,1288,359d3c873850a397aec938f2a9242a14b3a7561cc2b77182f1fa67e1c3dbe9e0
schemas/run_manifest.schema.json,335,03e0518059e32166e2cbf9102d8877112d50a6d24b060c85c5a3c1dd1477e060
scripts/acquire_crag_live_mock_api_inputs.py,1099,455a31ecd6862842299eb5d8eb2c77127859f1504e4778b495f804230b472479
scripts/acquire_hotpotqa_public_corpus.py,1140,4712d447cbaa1b784f8a78931f061d343ced70a4576694dda91e0905927c7be5
scripts/build_local_approval_export.py,20532,ccf200684807650bfbaf0f3fdac588b12e9ba23c268a33585c1d57ba40556b0f
scripts/build_paper_assets.py,582,fe4fe74094df59cb3b1155084c5530e82f57031db6d506e76c30a291bbbbe3ad
scripts/check_arxiv_abstract.py,1067,02e80edbe2cb0d26b3518c5e6d66e02a940ca18a38cfdca01dc94d692d62bc5e
scripts/check_mounted_job_contract.py,2401,183f3553f9eac2ac698df50c49c0375cba09916d48fcc17f44fa584fcbb935c8
scripts/compare_crag_answer_emission_models.py,6370,699140380e98d2253bf005f42b95e4ec7f0a0e12dc70d82ebed0752b5189a1cb
scripts/compare_crag_generative_repeats.py,6294,4a9ff2f62658bda3e9619dd8bf31aecfc89b3d3eab4dd4e33407c114389394e4
scripts/compare_crag_generative_second_model.py,5108,384c68333a4b17a4801c2fed12e2e4af7a27155b2b20225c8c8735c5c14ebf33
scripts/compare_crag_generative_stability.py,10713,c6dabf484195102aee43c3a75be1a170c72b4af5446685e2c0c03fc405828342
scripts/compute_container_build_input_hash.py,1156,14ec98f4c1ec79553ce0dd7930c02c7ec0d140d358d5ca5d4b6f4104c981b15c
scripts/diagnose_container_runtime.py,803,d1826b6cdb633a37bcd6b6aa4d3880f535e43d681a2af62b8529d68c4c281cb2
scripts/diagnose_crag_evaluator_mapping.py,866,a042f2188d30a66525da750287d4ccacaab6c9dc3efcb33cb46041fc084847a7
scripts/diagnose_generator_access.py,3659,9d4425126c36cff800a37e4357495bf9b2f92e18f8e42741a23827f40a9f5f0b
scripts/generate_publication_metadata.py,5811,deecad250a202a160919be0536c8e055aa79b11b97acd913bf36d6e0d98a35e6
scripts/inspect_runtime_image.py,2654,1eb177c1c8fbbcb2682eedfb5df64444ec2926f16d2591b0cbaf43fcd4c3141f
scripts/make_figures.py,337,f5ec84f8c8819ff9c1bd51434884c82cccaada31e1d2ded7bee02695c821753a
scripts/make_tables.py,358,ea7858e97ceafd445aef2cd4237935f94f36121287b76ef4eb2152eb520d89a8
scripts/package_for_approval.sh,1110,83d85a9b984a1ed3f149db7fffd166fe2c78a8cf8d36b7a19c5eebfa6d8ec304
scripts/prepare_release_candidate.py,974,ffc7889fafbd3ce1bf5e7ca29a63d0ca89c23c76a767d14dc795d528d7b92657
scripts/record_image_digest.py,1857,34e987873d417a0837416de6e8458257fd97834c66cd9bc5368d78acb5c01e17
scripts/reproduce_all.sh,214,fc3d8695f054d5b63cc0a8f46234216f8a46d8212a3a5e8d3f37efd6bccd3cd5
scripts/reproduce_crag_mock_api.sh,670,22d77e8a18f3037135e49e0bc9372f4b868e544609c795b7986ed0842ff85fbd
scripts/reproduce_dataset_matrix.sh,191,23f2cb0291f986017fad41dfe4bdbcdaa550c42e8b011f7ce5e4c9464e7070f0
scripts/reproduce_multihop_confirmatory.sh,213,1f0e5298ca216bf49374fda33126e0b68bb96ed50e989bcc84262572323782b9
scripts/resolve_deploy_image.py,3879,d5cf8b6bd032e97f4dd6c4fa27e0cabbca5af2b7f7943ff150ec9f2987fa6b60
scripts/run_aim_hardware_characterization.py,837,9079cdcedf32aed1e697babb5eb5407bb4eb60f3516477232a35c409f5cbdc6d
scripts/run_aim_hardware_matrix.py,867,5edfca26d2f084d132a51e79777369cbcc3f196ae7e5d86755cee64b36d0ad12
scripts/run_behavioral_governance_experiment.py,547,4e2a256158d5e7ec3d960d3dd5db507224c120b5892f5a9ca57dd45d27e853f4
scripts/run_container_smoke_tests.py,1005,6e017154d716305f3483a64947048bbec479437b67d31fa6ed9e74c80273b4c0
scripts/run_crag_evaluator_mapping_diagnostic_v2.py,905,417ca51d6ce48cd3f4586204fcee8edb691ad4820377aabb05e555e38dde32e2
scripts/run_crag_generative_evaluator_mapping.py,846,f88250f64250bc52b78619fd2758490834150ebe66ad69fbc3f094d6729dd43c
scripts/run_crag_generative_llm_validation.py,913,50abecd1a930eb3aae2621803012219d0334cf08dbc0b39e94ac178d8858ca01
scripts/run_crag_quality_risk_guardrail_v2.py,21745,e46d164243627b8368daca9ee6e8e705f2596c1672c6ef380078f2e6e46e8248
scripts/run_external_evaluator_adapter_demo.py,845,ce30a501259a1c36550a011dcdde3ef031db2533c0d3df9529d2ce22563dc895
scripts/run_external_evaluator_adapter_demo_v2.py,927,7ce1da2307958ace64855669d3fc555899ffb157db8f1734152f7d1933213677
scripts/run_fresh_clone_reproducibility_drill.py,931,425404bc7272a01c39473075a05e48abc2d8d46a20f634a567bab921a1466492
scripts/run_fresh_live_crag_behavioral_governance.py,910,551e1d465767f35f9bf24821b1123bdc6b5453d8ea23535e0ac0ec49b623d64f
scripts/run_generative_llm_validation_synthesis.py,903,5771bba87e7bac055f56370fe92264c92729753e52627eaa3e9cce9e48b75955
scripts/run_hotpotqa_behavioral_governance.py,988,5edaa162eb4d650ac0a8b584fe41d4b23072b913113e293b5a9e473f9c7d98c6
scripts/run_hotpotqa_generative_llm_validation.py,937,b74a88ca8124964a13891b043fadb579f0fcca7ef1d9004cbcd81323b084f254
scripts/run_hotpotqa_generative_quality_signal_audit.py,957,bff106abbb948032882eda081410d21d2d9e4ba85a0c18d476a005e020619b53
scripts/run_hotpotqa_generative_quality_signal_audit_v2.py,940,d2df5e32293354cca6b09f07f7ffa6dba76c8a8cc92dcefed19dfa0d8a24adfa
scripts/run_multi_dataset_behavioral_governance_synthesis.py,891,be56abf6e8fd51e81faa2d6bbbe24c65cd036db5473e36cae3162b8813629051
scripts/run_open_source_arxiv_readiness_synthesis.py,873,c53ab91d03026b7db5161ca02850231ffec26217b2ff0a135057e5c10e92a5b0
scripts/run_optional_container_security_scans.py,832,c5584c5e5180ab84dabf30656b3644875014367cee83517f3435676c2fd32172
scripts/run_public_mini_reproduction.py,865,cbf6375b32ad0ae2840aaa2cf48010512832f918f3bbab7a0555fada012dce17
scripts/run_rc1_arxiv_readiness_synthesis.py,905,514fc224f2ada7c3e6bc39c7fb1c137662e090fe693fe2cc495e92582c2dca67
scripts/run_selector_ablation_matrix.py,807,932a6d1e10f2db6ed467181fdad1c259f07d6564724621701d6c9501996661a7
scripts/run_selector_ablation_stress_v2.py,904,8579d41b36c408eb38d3ea6ff5eef454a22c6d24d072914e40218169efa81b38
scripts/run_storage_emulator_tests.sh,4920,97705657b4b91085531500b3c79fb094a79a5022bdcbf3cb1815c29f5d16077b
scripts/run_storage_staging_job.py,2280,4e616a8abcb6feb5113a00e747277e5b827b277e4c9cba9ead79a0930a4fa762
scripts/validate_brand_consistency.py,13508,bdf64ad3bff4cf0b7b1aa47f32a00d9325a18e35816171654efc7c7a7be7f13c
scripts/validate_deployment_readiness.py,1100,d2cd979e49c8cdb7cd2a6e4b7c80d11410b36cd9914b0940393f801906aba7d7
scripts/validate_docker_static.py,872,9d9224443aba4915bb77a9a7d2a9a7470fe2d734c4d48c22582a8f6a3d28ca2e
scripts/validate_k8s_kind.sh,9300,a794165b09ccdb5fff2985cc48da29550f49981f0691a26de29c6b1d81fd362d
scripts/validate_publication_bundle.py,35657,a0b4c622f3593005cddf33d5d90c1ab304bc22c83a8ca4b77b8a381ccaa22ea0
scripts/verify_ragwarrant_run.py,859,0cc3e4963e8cb4a058ce9f35ad41ac6d2c2b95c6c3907b4af4f7ed0ad01edaf5
src/adaptive_escalation/__init__.py,38,ad451f9047b18d36d5c2ab0b2ccc148765a11f5b61f6056e16af1371e5ab0174
src/adaptive_escalation/policies.py,1113,aa3c8e516fc0f26b4e1f59a13f2e4521d04769845b01d57abb203a5df6d14c40
src/claim_faithfulness/__init__.py,39,c145e02a43dabc59ff6f77f0bd2d3551ee3e0301556965f7d8f38be6fdfc9fef
src/claim_faithfulness/claim_extraction_proxy.py,1396,4580427b04ddacec2d6868120334cf9cb2e9541bb85b0b32d2744661980ffb94
src/ragwarrant/__init__.py,98,a99d012154dae537d93203a5de124fa49091dbfa58cdce1b7dc61b93e3ba170d
src/ragwarrant/aim_hardware_characterization.py,3853,484ce46825bbb5b949162777b33a23bf4c946eb95ffc202db42c6dbe19cdb76d
src/ragwarrant/artifacts.py,4254,8efb8ddfdc98f349ba75f6c9137d03dc58904a6e93c41f95bc9c92f54bfedbf3
src/ragwarrant/behavioral_governance.py,47637,04197b439ad014e41f6c709a887ad1e2db192e330387b249df8c55a923103d06
src/ragwarrant/certificates.py,1569,cb9f317ed02a0dc1c8636b8eb608dff2cf833987bde6dbd85c473fc8de356b21
src/ragwarrant/cli.py,12564,f518b722cf782d20a1a165f8d5b020aa6a39c7d1dd572b816b9a8937dcc5767e
src/ragwarrant/cloud.py,330,13ce80492f337c362a7e93a1a28f2c44fa9d8fc40f25b9c7ab98d36ea8018736
src/ragwarrant/config.py,1737,0dc67b607815a67791d0e6369a702bbec5daeb507a7419977a78c289ed2339ef
src/ragwarrant/container_runtime.py,3708,42297e3d007c5d1b4b12feb7975bc801529048ec2a7bb6447bfd7442008e5eb7
src/ragwarrant/container_security_scans.py,2361,ca09115164480656ceefb3eaf4e2da42122edf0cf6f3c8e1189ccdf982a9bf7a
src/ragwarrant/container_smoke_tests.py,8735,023964b9554a86c1e6228d3a9e64776e40b02cf7042fc550eb9e29a1aba17597
src/ragwarrant/crag_evaluator_mapping.py,4533,71e035bfec30323aa3a5da8c433e98d277ac370cbd01b643ea1450884cb32152
src/ragwarrant/crag_generative_validation.py,44804,7e1b8e22398cd66a93476e3d52f058ec49c063d8013091324a536be9c7ce07f5
src/ragwarrant/deployment_readiness.py,12918,8307633df481544ff7d589c6a49e118c3423feada6b131fda44429b1e539cdd1
src/ragwarrant/docker_static_validation.py,5807,e2e6636ca8d77cef41ec0af619a709720344dc6c3cf39232719a6e3c1ddc0bde
src/ragwarrant/end_to_end.py,4773,f20b6de3ff8f62861ded508d32b4fc4b5fda0828dd145d82cee8af5d41cc962d
src/ragwarrant/experiments/__init__.py,36,a13ef8f1e87b56186ecc12cc165fe6ce6c8e682307eae552f86df7eb2c9ff969
src/ragwarrant/experiments/certificate_calibration.py,1926,0c9b2686d47edee628909aa24d23a1d7c17463d973d9157b94a629954dcd12e6
src/ragwarrant/experiments/cloud_repro.py,924,27015df0d3bab4d662a0760bc82da38c996c07fa7f11ffb5c3fa227add351c34
src/ragwarrant/experiments/common.py,5247,41e1de42e751de744611e84c50f9eb9e1e0609b28a2312ded1287f78c8494faa
src/ragwarrant/experiments/end_to_end.py,1950,5c942abed3fd8bb31e5a2cca55c4989caa11cd07285677bccc32ee932d3c59f7
src/ragwarrant/experiments/end_to_end_public.py,7066,f95fa7ec9a489548d46bd471c8dc69214ce25b76b040fcc7f4a49b33543b93b3
src/ragwarrant/experiments/governance.py,3255,d15c142641735e4fb3b3a0b62be63a4db059525e17254cd3591c739e834ef579
src/ragwarrant/experiments/phase2_suites.py,31469,67f6705a870fb67f25119d922b7f983a09073ff476d3e468372f8b9ed8aa2086
src/ragwarrant/experiments/real_rag_governance.py,546,89a544b57e9d404c0c178c67b23760b0a5fc65155dfe5cf53cc589663b2bd1d1
src/ragwarrant/experiments/real_rag_reproduction.py,550,cf3b1c66a99cf1a5483836ea63f96b4085f64a6231c973781414a7cd7390e9f8
src/ragwarrant/experiments/reproduction.py,587,f2ef103f86445d63d519362778198d6b755cb0f3c3e5f63e3d65b656d197600b
src/ragwarrant/experiments/robustness.py,1500,62262ddb1ba60f857b7d6af5c8c558e2fed55da8f0288dd09e52a909b66e9b1b
src/ragwarrant/experiments/runner.py,9658,59770f70e8c562e7f8ca8cf93e8bf8a8450186d4bd43e4203d1c47f6f86fbd1e
src/ragwarrant/external_evaluator_adapter_demo.py,3148,93bd6a7f08811800b0dd593d21826960c8fa78d0ed676f3b0c3d7604fe986e67
src/ragwarrant/external_evaluators/__init__.py,171,66ec873bc4be3ea3dc5ecb8aeeef4c123c74d403a402758f80658084adffd9e0
src/ragwarrant/external_evaluators/deepeval_adapter.py,1463,c26733fdda684e01b171837740c41674bab8ebf3982f34d673fa904fc2ffd0a8
src/ragwarrant/external_evaluators/generic_csv_adapter.py,1125,b75e367bcc85df8b1a8d9fb264dc229649b3caf55c5e9501fe04961b435d9521
src/ragwarrant/external_evaluators/generic_jsonl_adapter.py,1364,38e6dd46d88dd8c8a1b4b8986de31b4255c8200b3b4fece4e7835660e718a284
src/ragwarrant/external_evaluators/ragas_adapter.py,1345,18c4ea608279db4719cf5771eccf75d94cc7b311c6170c3bbd2d9b69d315f465
src/ragwarrant/external_evaluators/schema.py,2119,39c5691dac6c35d2ddaae060d225a026053539d69faae03bc1979bbba0132347
src/ragwarrant/fixtures.py,5828,d30dfcac975e2726815a3c56dc978b85fe9c199b96ee47950e9e6d66859c0cad
src/ragwarrant/fresh_live_behavioral_governance.py,66088,6d3902905cd5af3c48fbb98ba7812ae72588325f2ded305a917dae0882dd1863
src/ragwarrant/generated_answer_quality.py,2666,6aa5da2e23f897c8695731f08b7095a388d1d6921106d708fdc0ce40000beb1a
src/ragwarrant/generative_prompts.py,2281,fcfcc6265f7f7ba2d67def8f9c1b27c5d14e606dccb86197c71a59c091765f3f
src/ragwarrant/generative_validation_common.py,9995,25f6a6313c06e71bc048ccb4537346687424362332a6ac38ff21ba9df46ac4e8
src/ragwarrant/generative_validation_synthesis.py,15615,bedac3eb60075b4d6bfe39befc02276e7f60e766274b035db4b04ac7730cbe38
src/ragwarrant/generators/__init__.py,323,045f5d137a1f4341b6bdae3aabc2972b426a094f9f16edd6ea1218fb5e7511d9
src/ragwarrant/generators/azure_openai.py,904,257c95a5fad7a3ef0ae4dd7c22c27f7e2e93e42655bc16d682afc234dc450fcb
src/ragwarrant/generators/base.py,1081,9935a67d9762489639b9cb25273a88cdba65a1cbe6f99dfa6df2b9cdc5bd6a99
src/ragwarrant/generators/factory.py,4864,b1d343604dc4b8a7dbb41001c93c1cfbb73d5401573a0aa8602137d71a18748a
src/ragwarrant/generators/hosted_openai.py,581,53f9ab94f098bf987c8cf356d98218ac866310b94acf942b239c8ccbf5dd21b6
src/ragwarrant/generators/local_openai_compatible.py,2623,f3eab9c499f91c3d2bc475344c93205d43d63161cfe3615ac89d53024152c269
src/ragwarrant/generators/ollama.py,4164,a655fa95a7a5dacf77933676e413388cf48556c468dde65e1a628e39bd5a7770
src/ragwarrant/generators/util.py,785,8a35b16590a1c66ac00f4aa41377f013aa0d040d7c5e1fa0914a7ad6b81f7727
src/ragwarrant/hotpotqa_generative_quality_signal_audit.py,1532,a3d595172f1f381561fca9103808197103688cdba1c689fa4aee57741addc8d8
src/ragwarrant/hotpotqa_generative_validation.py,21179,b5381e4efed552c6224ddb2cdb7c3c99a827f3a2fc46cc56db8d9cb21abd8a52
src/ragwarrant/metrics.py,3744,2861233c93adcadf00f3a50934f0332f66c9a337eec3cafe400cad8ccdec01c3
src/ragwarrant/mounted_job_contract.py,3479,74ac60832f82afca3f42b1266d802fa548583f673ee90e43809b902131f2ab1f
src/ragwarrant/open_source_arxiv_readiness_synthesis.py,5060,28d228ce438dd484ce5bea51c72eb7e4c896a2106d390116d89822ef6dccd9d7
src/ragwarrant/phase2.py,27424,e71d5897b2b696aced54032cf53f31b97edf3122cf5e20761bf6a5e845617771
src/ragwarrant/policy.py,443,65efa218d0c09719c094db2d0e32c53ca8b6556332603f8271f73270aa013ced
src/ragwarrant/policy_selection.py,2401,0000836db72fb3dfe24ba0826417dd1344526ae5910b7232592fc1da0e3e379d
src/ragwarrant/promotion_decision.py,2701,7fe4ddeb85c53cc965f072b0217f91fb7037be0b1d45543c79054d2d539c8d51
src/ragwarrant/public_mini_reproduction.py,6357,94279ae69f4dc8bd144c45993754a8944e3957e270f414c4cff42e7eb113fde4
src/ragwarrant/publication_sanitization.py,1400,fcdf5779597863752f2c1ce97c0b6fbae431c787bbfea01ff14a9a7cd2c1d1d1
src/ragwarrant/quality_metrics.py,1726,07637ad70037c7a11d912d47c4205847b0abf40cc6928f2ead315318bd3d4041
src/ragwarrant/rc1_maturity.py,36945,6b287b5422d9c9e6f0c5079d28611cde31db556b4cf5824d016f1bafef8dd629
src/ragwarrant/real_rag.py,58539,d3a4be1078a22a7913ef72981839663120bb8152a2709211ee9d4c3ed80eb175
src/ragwarrant/reports.py,2577,7a71e72b4328972691269939178825a2b252b8bc67f2c8331cce099061cd1d4c
src/ragwarrant/robustness.py,1483,1f6fde78e553475ea2c1ef8389d2545d45b73452a826a486c283fe4002598122
src/ragwarrant/selector_ablation_matrix.py,5616,89b91480ff3758b98f984ad5d4af07cce44d2ac0f0a15485e60b0124bd45ff8c
src/ragwarrant/statistics.py,1613,12208f0dc3ec9ba85f8ee03c9b5931c177dbf6254f56bfbb01a8bcc2cb2d9d0f
src/ragwarrant/storage/__init__.py,128,a75faeaf0e27ad5628becbc904f811ef660f79497bf9c727717bbba56e5a168f
src/ragwarrant/storage/azure_blob.py,1960,2d7f44d166f3e0431a4de48b8b5eb5ab9eb162bd3e8640b02903b5de0df07ffd
src/ragwarrant/storage/base.py,510,ce2876274ac164133d8271061d26fddf768aa7f6c7b4e9e199ea83155ca88880
src/ragwarrant/storage/factory.py,1681,0aecfe53594871437815d5f22bf6fa657533787110b58ab289e12c1c3cb1f5a5
src/ragwarrant/storage/gcs.py,1485,31fd918c9cf788deaf5a98f18fe4cd35bb898f19db958847938d4ba268db4426
src/ragwarrant/storage/local.py,737,32598e2b71ed6e4a92d71cb96401c4f4f3953fc2d81d27a2114e0c8d2e17a508
src/ragwarrant/storage/s3.py,1432,c01dd05efe3df1b254214db10f6cefbca07be3bf8c95dd92d2eb949fbbd3f9e7
src/ragwarrant/utils/__init__.py,41,557ecb866311267aa1dd93e264f2ccf03f5153b905d0a0a79bf757f3d83bcd91
src/ragwarrant/utils/files.py,764,82aaf2b81374af96f644a1afabca5ef055485a8f11cb3b65cca40e957e2187d1
src/ragwarrant/utils/hashing.py,710,8a99410595d813235b071c98140de4cf9a896bd81e4bf615dbc67c22e543df73
src/ragwarrant/utils/write_once.py,3334,175f6a892f816b86d25aa4e258fd7f878b4854ba256c54726a82af42964b6b09
src/ragwarrant/validation_phase3.py,488784,a7a1d150c94ff86f85996903aad435ef85db8ca003511edaf3957b13f49a7362
tests/README.md,403,60d19c8db06dfdf336daf78be56178e54b6a7de873e00b8c58aafb0764d285ff
tests/publication/test_aim_hardware_characterization.py,1378,e9d6192a5745fdc662cf98e94d711386ea0014836c87be2b42974b69aaef28ef
tests/publication/test_aim_hardware_matrix.py,1337,c6c7762e18afeaeb1d977d12ee9fe79d98f06297c632221d792fef901401ce7c
tests/publication/test_arxiv_paper_assets.py,1757,fe03ccc96f00bc0731acf12f46b61d9c185f0e201c26b70f79f0835b66593c64
tests/publication/test_behavioral_governance_experiment.py,5337,c4c9a51c4b8c0ff3927eb750237d15eaaec00040d4c565b13716dfcc0d7fa625
tests/publication/test_brand_consistency.py,936,d24b3c660d902f96c43d22af4cda049fb3c594a59bec079e8146ab8514807804
tests/publication/test_cli_entrypoints.py,1885,9ee51a1f205a27e529b863ea228c513aaa1b422b405295eb7231f8fd6b85308a
tests/publication/test_cloud_agnostic_deployment.py,1007,19d6d1dc4fc5583163bb7d0ce3cbbf8d5824cf3fa2b2abc2ec318c1f53b1f188
tests/publication/test_cloud_deployability_storage_emulators.py,1989,d418cf60f22eafb40ffa35cf66328a1c8debf22ff0534be4861feef118232540
tests/publication/test_cloud_deployability_wp1.py,1966,32b21a1f31d16cc11a7b6b4e89bfc927e7d7fdeb0a77f47c13656bc3885773ea
tests/publication/test_cloud_deployability_wp2.py,3484,5a47376b5a4edf4db9d8203fde0658e4d5c77dbd3febe6cb47e32eeef7f0e21e
tests/publication/test_cloud_deployability_wp3.py,4853,1ec4f87625782ea123449a66b90bd4e6c5c5c7f6f927c2ea8bb48025ed68e607
tests/publication/test_cloud_deployability_wp4.py,6074,388d2948e1f8ba8b80ad513525e755cb77dccc33b2ab1315e23d076369c27ee0
tests/publication/test_cloud_deployability_wp5.py,1293,44011121d9eb7eacd271b4aa62fe64adc8206d9a89e146606e3ebef08e1f13b0
tests/publication/test_container_runtime_diagnostics.py,1292,ce0eb884282c8fbfedc00c101c5b1b30794dd50a84f22429a776c332da489a6d
tests/publication/test_container_security_scans.py,822,fb7a0968998bb2db5e473b3c61b2e7be4021e923cea759a20e20d098535902b6
tests/publication/test_container_smoke_tests.py,2903,8bdb704281330e85ccd9678a074a693df535da1c99b0754a906bf82203dade6e
tests/publication/test_crag_evaluator_mapping.py,1617,5d227ebed316901db3914a5a2851505d6efc9f97017bdc2c036d768797154157
tests/publication/test_crag_evaluator_mapping_v2.py,1263,62195c0b6d24a6b110e76e6d7e36f4f21e375f938fca6574fa324c193bbe5c88
tests/publication/test_deployment_assets.py,1906,47da9aa8e3ca382d97fa5747fef3f0fde1f6a8a0f303beac0bbd257e884fff1f
tests/publication/test_docker_runtime_hardening.py,2367,9cc48a221075406fbdaec8f50bf10a2fafcd9abfe04aede9ac8839401fd8b474
tests/publication/test_docker_static_validation.py,554,d32985425a47a5f163c08d7d992dd447266592150ff6cd3732f00766bf3cfff2
tests/publication/test_dockerignore_hardening.py,1109,f5cded7d8a20838f09ad9cf0e9ff7a23c8c322c1da0a1587bd9f2609e9335ab3
tests/publication/test_external_evaluator_adapters.py,2291,0fca0a531c38002579ad518d616ada5be5e163019d3123e29ef1572f312ab91d
tests/publication/test_external_evaluator_adapters_v2.py,1483,e4744b6b85add5648b290aef6f468c6a086c43cd3430253b63ec910deeb67e38
tests/publication/test_fresh_clone_reproducibility.py,1134,e8ebbbabdb860745ecec77acb15ea08f9635f28702b89d2d9ddf77dafc99582d
tests/publication/test_fresh_live_crag_hotpotqa_behavioral_governance.py,5528,a4010f165925fbd51a809a11e8882c4e89f887a91888a5d3861599678f83da02
tests/publication/test_generative_llm_validation.py,6991,12c1ae925df727392e9956471b56760e9af7527877a6fd11827b38343f27c2f8
tests/publication/test_generative_llm_validation_quality_signal_audit.py,18222,6c1eef0d13cf03a8566ae1b959f5974cc25fcaaa2dc86b783ec91cfd2452e4a6
tests/publication/test_hotpotqa_generative_quality_signal_audit.py,2079,4df2ebb7541a5f18681e3b77b5f1490513c34d4949430b6bd628c55abb4245d6
tests/publication/test_hotpotqa_quality_signal_audit_v2.py,1519,b42a39226b1ccba71a8735847a1bd8a3de0594cf8689d20e3eb570b03f91e0e8
tests/publication/test_promotion_decision_schema.py,1163,537eab25485b3a57dbf03930c8ca7735e310ad067453e9413f2b86beefc4b0b7
tests/publication/test_public_mini_reproduction.py,1599,240bb3be17b1f911d812a1317cae777f473ca4d694089ea644140950ea20bf7b
tests/publication/test_publication_bundle.py,5250,849b484bc67f40230828824dc537f939637fa9c65421cae78e022891c843d796
tests/publication/test_ragwarrant_namespace.py,2855,eede56343e1dac4fbf6aa448cf9b8a4bed1fd51a4c5ea04adf6d37e3439a9642
tests/publication/test_release_candidate.py,1147,9feda84851a047cc2ae890280272e2bf59534fab7764e7d8cfd6b8addf7d1e62
tests/publication/test_selector_ablation_matrix.py,1635,fc159a6082e717b492a70ede040db004bb925ba68beac0c150090a83ce28ed1c
tests/publication/test_selector_ablation_stress_v2.py,1510,e17950c34345d6efd8127bd161ed474c6ca0c2cf575fe68c28c48e671f7a99ad
tests/publication/test_stable_hash_vendor.py,1017,b5ab60cb68a1975cb5382cec55a98191b89d208fe5a07281b9da4671e7f4464b
tests/publication/test_storage_emulator_integration.py,4905,a52e9b372930baac10cc75727443f7c3713c6d7965cd62b8f21a7f911251afc8
tests/publication/test_storage_sinks.py,2013,67023e71c8941cda6ccdc4759f190668211c9283309e4284b60a700fa219fb17
tests/publication/test_verify_run.py,1391,8a7c8210008f188c3a51dc4a055680323ef13bcab2e16a970aeb2c02472f4a53
tests/test_gpu_optional.py,150,beec38d4e0c9d45303317354d3ad630e6a596a482121fb47bf25e54088b881f1
tests/test_ragwarrant_confirmatory_v2_phase.py,6720,ba2ea0c1c27a7506d952b5a6439b6bcef1859947b2c03c452aab9fa93805b54a
tests/test_ragwarrant_corpus_expansion_v4_phase.py,43234,a476c2a4e43e4ec6ade25998de58de488f9c3da381c271141470cae7cead84ff
tests/test_ragwarrant_crag_mock_api_hardening_phase.py,23815,28fb99e288ae93bbec4af40522ed89824a456d9cd0a67e0c2aa9ffe2d5852412
tests/test_ragwarrant_fresh_corpus_readiness_phase.py,12568,81b4642d1fe0b21bd81c965a45991be3ca2d5bafcaf563d7e989a45e2cd9834c
tests/test_ragwarrant_generalization_validation_phase.py,7823,31b919dd50054164c6b36cb6e8815c7a47cdad80638ffa0277f5e1205a526764
tests/test_ragwarrant_governance_expansion_phase.py,4772,a56a9f3927ef1e4f2b3ec1cdaadc2327f49dc1515814e0fb075ab3a5051c74af
tests/test_ragwarrant_governance_first_phase.py,5063,ab40b925016f07237c43346100cec61e7fcd06571cf435d076bc0241b20ba491
tests/test_ragwarrant_ragbench_enablement_phase.py,8292,e224add6199cd0982f56682099eb9c4d2bbef508da93e719ff5cff6f52bc6bde
tests/test_ragwarrant_real_rag_validation.py,9290,d6c2b7f10d7d09bc26764191f442da46f8bf7da8454635f847bf291a32b3449a
tests/test_ragwarrant_rowlevel_e2e_phase.py,7253,4e655bfbd52b623a9b43fd7360449777cccd6794a3eb8fc5c0ee136ecb3edc14
tests/test_ragwarrant_validation.py,6133,427744a268e4aa9be11575e81c79a7b54a4ee66acff1eaf59b4979cfd3dd4512
tests/test_ragwarrant_validation_phase2.py,9504,b4f38c8c7e89c6306ffd068c1478f8aa17374cc35caf957c367b06f66b845338
