path_hash,display_path,diff_status,classification,safety_status,reason
2f754321d62f08ba8392b9b168b83e24ea2852bb5d815d63e767f6c3d23c6ac5,.dockerignore,different,needs_manual_review,safe_candidate,no_blocking_pattern_in_sample
bc37d034bad564583790a46f19d807abfe519c5671395fd494d8cce506c42947,.gitignore,different,needs_manual_review,safe_candidate,no_blocking_pattern_in_sample
dd2c0eb6ea5cfc6c4bd4eac30934e2d5746747af48fef6da689e85b752f39557,Dockerfile,different,needs_manual_review,safe_candidate,no_blocking_pattern_in_sample
76ed074a9305c04054cdebb9e9aad2d818052b07091de1f20cad0bbac34ffb52,Makefile,different,needs_manual_review,safe_candidate,no_blocking_pattern_in_sample
b335630551682c19a781afebcf4d07bf978fb1f8ac04c6bf87428ed5106870f5,README.md,different,needs_manual_review,safe_candidate,no_blocking_pattern_in_sample
0fe75b08b8bb0e8e01399694a05375af69bc134c7e3ff68a0901477f995c23aa,artifacts/README.md,different,already_superseded_in_public,safe_candidate,no_blocking_pattern_in_sample
700e7a7cab113d5456ea134b27375d131110b28db906db08a609b0ac33f94c34,artifacts/aim_hardware_characterization/artifact_size_summary.csv,public_only,already_superseded_in_public,safe_candidate,public_survivor_only
698e51f1b62bceedde9a36dc430cd28ba34437464840ef87e99846229e75de8b,artifacts/aim_hardware_characterization/generator_throughput_results.csv,public_only,already_superseded_in_public,safe_candidate,public_survivor_only
39cba244597d0a6ecb4cbf63343b098082ef3cb675e8242a9731d86d5abc296d,artifacts/aim_hardware_characterization/hardware_characterization_report.md,public_only,already_superseded_in_public,safe_candidate,public_survivor_only
b61680acfb6dfec8384031a4ae9f535ae5f0eebf57e336a7ff44d72f386931a2,artifacts/aim_hardware_characterization/hardware_manifest.json,public_only,already_superseded_in_public,safe_candidate,public_survivor_only
e5b154c5fbe107f676c10a5041f98c35d64591606c7aad275f28346d36b42aba,artifacts/aim_hardware_characterization/runtime_benchmark_results.csv,public_only,already_superseded_in_public,safe_candidate,public_survivor_only
18713ecb49974ebda5537b238997df75aa4e94691777e9fc9ff9f56f61b9d8d1,artifacts/aim_hardware_matrix/artifact_size_summary.csv,public_only,already_superseded_in_public,safe_candidate,public_survivor_only
13f18669a15ee5f91fbecc205176e49cdca085fd34b049f39cd959a68e038323,artifacts/aim_hardware_matrix/hardware_matrix_manifest.json,public_only,already_superseded_in_public,safe_candidate,public_survivor_only
9c2226e16a6be9f1c7b462d0e7a2970fb87c1694e3eb443f60e8f90c95189edc,artifacts/aim_hardware_matrix/hardware_matrix_report.md,public_only,already_superseded_in_public,safe_candidate,public_survivor_only
8e5baa9df4a163016beb0da11b72a6fafbfcd61628df68c9bee9c45bc2150603,artifacts/aim_hardware_matrix/runtime_benchmark_results.csv,public_only,already_superseded_in_public,safe_candidate,public_survivor_only
042f982f3f108c54efc1183eaddabd4c08c67c6567e31320db27d9dce3e0e73f,artifacts/audit/publication_export_manifest.json,different,must_exclude_per_invariant,must_exclude,private_path_like_pattern
ef3a0b447de9665699d28a638874a9f9787e6f0866eec8bbb1da22c670cd341d,artifacts/audit/publication_export_manifest.md,different,must_exclude_per_invariant,must_exclude,private_path_like_pattern
7dc820abf43366229df4263355cadf02de38d43dffb06d01dd649cbb918e7b29,artifacts/baselines/baseline_comparison_report.md,public_only,already_superseded_in_public,safe_candidate,public_survivor_only
75c74c46766242ec2e3240e68cc3fe5ca852e8b2e26d76288b767d62af9cfcd5,artifacts/baselines/constrained_optimizer_result.json,public_only,already_superseded_in_public,safe_candidate,public_survivor_only
f534659b7e9c1b711f9eadd6e7bef3aa29bdad47bad222c049be9cd8b7de0aa6,artifacts/baselines/deployment_aware_baseline_comparison.csv,public_only,already_superseded_in_public,safe_candidate,public_survivor_only
be71978143776f53d950bdaccc0621cb13704cd9f886b76bee0a3e10515a23e2,artifacts/baselines/pareto_frontier_analysis.json,public_only,already_superseded_in_public,safe_candidate,public_survivor_only
43015859e9bac982d197ddf88347d8b217f404aa98c78160657d46c136a9a609,artifacts/behavioral_governance/pareto_frontier.csv,public_only,already_superseded_in_public,safe_candidate,public_survivor_only
16fe0f3339eab6a4a896810cce1c943d97cd836348149f5e1a1e526e59d81a54,artifacts/behavioral_governance/per_query_policy_results.csv,public_only,already_superseded_in_public,safe_candidate,public_survivor_only
52ab46f90581e7831140e9fb9d38128dfd44bc1fd23940f83f47e6759da0db81,artifacts/behavioral_governance/policy_summary_metrics.csv,public_only,already_superseded_in_public,safe_candidate,public_survivor_only
cfb3b4b3afa2c233117e895bba5c94ec0d2aa432e14a8b263b1287cd33ff60df,artifacts/behavioral_governance/primary_outcome_manifest.json,public_only,already_superseded_in_public,safe_candidate,public_survivor_only
c0fc588b8b3de77e8e9f44b05e5fabc575301a12cfd81f5b6172fe77ecb76d87,artifacts/behavioral_governance/primary_outcome_report.md,public_only,already_superseded_in_public,safe_candidate,public_survivor_only
a91f9e8b53db90db67f3e77cd82ec7dff281c30f0f7e2df4547bea19f2bb5c0d,artifacts/behavioral_governance/primary_outcome_statistics.json,public_only,already_superseded_in_public,safe_candidate,public_survivor_only
e2b55861ea4ce7b16b269a4134f4791f17dc274bb1855f3a6bd835c0b24a7961,artifacts/behavioral_governance/selector_comparison.csv,public_only,already_superseded_in_public,safe_candidate,public_survivor_only
5980a88370e3ae631fc9d97f02ce2117bc30d182422e7a4a9077d9cf466947c3,artifacts/behavioral_governance_repeat/repeat_manifest.json,public_only,already_superseded_in_public,safe_candidate,public_survivor_only
96ba181f628a57b81a5275b411a723c8f3ffe78c9ada82c8c7843d8058c62993,artifacts/behavioral_governance_repeat/repeat_report.md,public_only,already_superseded_in_public,safe_candidate,public_survivor_only
2ff77bde6fc78cbb0604e6770c38687276c7898deb5e44245113e6dae62eeb5f,artifacts/behavioral_governance_repeat/repeat_results.csv,public_only,already_superseded_in_public,safe_candidate,public_survivor_only
62eff8f3149e9094df60147a3c4941c2789ffc08dd759caa21a2150893f16d8f,artifacts/behavioral_governance_repeat/sensitivity_results.csv,public_only,already_superseded_in_public,safe_candidate,public_survivor_only
ea30f09b1381a5b483a07d1cce4a5e478973f3c57fd03a12b74d584e48795332,artifacts/behavioral_policies/behavioral_distinction_matrix.csv,public_only,already_superseded_in_public,safe_candidate,public_survivor_only
a978c13db1c293c651bc56d981ffbb0d0458ddd8687284318208e4928811f89c,artifacts/behavioral_policies/behavioral_distinction_report.md,public_only,already_superseded_in_public,safe_candidate,public_survivor_only
cb9da646717c51d13d333486ca121ee423ed6b5858a3c1cffdbd712a0794dab5,artifacts/behavioral_policies/policy_definitions.json,public_only,already_superseded_in_public,safe_candidate,public_survivor_only
e49ffe6b6c4fa4a34c806d826e78d849c93e44528f2efe5221920af526043736,artifacts/behavioral_policies/policy_definitions.md,public_only,already_superseded_in_public,safe_candidate,public_survivor_only
45b167a45d239d81e5f63d8cfa8bf385f5fac4752d66ffcbdda64b516f571f95,artifacts/crag_evaluator_mapping_v2/evaluator_mapping_diagnostics.csv,public_only,already_superseded_in_public,safe_candidate,public_survivor_only
36f090b9eaae0e8ca0c6e01f252fbdd1dd2731703f4d041eb9e9bed3274f536e,artifacts/crag_evaluator_mapping_v2/evaluator_mapping_v2_manifest.json,public_only,already_superseded_in_public,safe_candidate,public_survivor_only
5f4ee06a2352138ba7cacd0ed20705e85814393131bb19ba765e5d363231a72b,artifacts/crag_evaluator_mapping_v2/evaluator_mapping_v2_report.md,public_only,already_superseded_in_public,safe_candidate,public_survivor_only
e14e6b2f3e9249c5dcc7a5e307932c6fdf859c0c3afc07ca4e15aa24d8d18042,artifacts/crag_evaluator_mapping_v2/evaluator_mapping_v2_result.json,public_only,already_superseded_in_public,safe_candidate,public_survivor_only
3380a286faf39f3d0b5cc6f2479aa123592116cab2651e7676ed3c68a6350bce,artifacts/crag_evaluator_mapping_v2/evaluator_schema_report.md,public_only,already_superseded_in_public,safe_candidate,public_survivor_only
d84e3f9d0a1f726336bd253203d873ddf769cbf370b60d249ae74aecdd5b822a,artifacts/deployment_readiness/deployment_readiness_manifest.json,public_only,already_superseded_in_public,safe_candidate,public_survivor_only
840c457fdff6e9ab2f7839218c609b46983d1f988e318acfdc9ce293eeaab953,artifacts/deployment_readiness/deployment_readiness_report.md,public_only,already_superseded_in_public,safe_candidate,public_survivor_only
a06fe0878b1f55c4711f146b83a0c45c7a84e40492d84c41b3a451b637b52d00,artifacts/deployment_readiness/deployment_target_matrix.csv,public_only,already_superseded_in_public,safe_candidate,public_survivor_only
6193e7635d2849f79bcd17073efc61db57593413e0eb757e6b59fa72df4ad2f1,artifacts/deployment_readiness/deployment_validation_results.csv,public_only,already_superseded_in_public,safe_candidate,public_survivor_only
cb7679d76f6ab3eb41cb50bf5121458d07fdc7b33a4ae10db77fd9134ec3b0b3,artifacts/deployment_readiness/promotion_decision.json,public_only,already_superseded_in_public,safe_candidate,public_survivor_only
8a8f795e86ccc1796bcc7e29d907e72b4ee5f2d73fc0978dd36aa8d15ec372b5,artifacts/docker_hardening/container_output_file_inventory.csv,public_only,already_superseded_in_public,safe_candidate,public_survivor_only
2df49c9c4177dfe5e8aff942219860871382430b9a7f4b27432d6e7aaa84447f,artifacts/docker_hardening/container_runtime_diagnostics.json,public_only,already_superseded_in_public,safe_candidate,public_survivor_only
4755ff7d3dcd95e028f03ca860675eef59f378afd99742414037172b143add75,artifacts/docker_hardening/container_runtime_diagnostics.md,public_only,already_superseded_in_public,safe_candidate,public_survivor_only
96d397b3b040890176a9f8ba04bffb190fe1a515896c5c07c081ac9d213095d2,artifacts/docker_hardening/container_security_scan_manifest.json,public_only,already_superseded_in_public,safe_candidate,public_survivor_only
e5f190e4f42922751c926adae1fbc9a25cc7016cdf50758aeb938cbe3c891b5a,artifacts/docker_hardening/container_security_scan_report.md,public_only,already_superseded_in_public,safe_candidate,public_survivor_only
ceaa80d2fa969f02c0cb70a2be832ff6e21d12d02621b5692a90d4cf0914a7d5,artifacts/docker_hardening/container_security_scan_summary.csv,public_only,already_superseded_in_public,safe_candidate,public_survivor_only
f9cc51eba7be0e63db21475d1702301a367d56e416d4c3e5438b42308a1e40b6,artifacts/docker_hardening/container_smoke_test_manifest.json,public_only,already_superseded_in_public,safe_candidate,public_survivor_only
1eefac1be84c3f91af9fc96b38abb20c69998ef8294d89ddd7bf050824728337,artifacts/docker_hardening/container_smoke_test_report.md,public_only,already_superseded_in_public,safe_candidate,public_survivor_only
e10058fe674253c5d95f0daf499066d4987e1ef48a1d97a56282b0429dad6930,artifacts/docker_hardening/container_smoke_test_results.csv,public_only,already_superseded_in_public,safe_candidate,public_survivor_only
deaef6e5623613b6b6bd57d2d9d13fd2ba4bfaacac0af67c97d60b29d3c621e6,artifacts/docker_hardening/docker_static_validation.csv,public_only,already_superseded_in_public,safe_candidate,public_survivor_only
23d14e52532c7d9fc092683af53ba459ebc0a201524f3b716e15f7b1e0783b64,artifacts/docker_hardening/docker_static_validation.json,public_only,already_superseded_in_public,safe_candidate,public_survivor_only
963d221c9d446ba6e3cc2a3f4d8ff43c9ae627db618347003e73f2cdae83e957,artifacts/docker_hardening/docker_static_validation_report.md,public_only,already_superseded_in_public,safe_candidate,public_survivor_only
9df2e914cffc3a29dde792b98ed5fe106e352ca47ac1e83ab8d03b39cb375dfb,artifacts/docker_hardening/promotion_decision_container.json,public_only,already_superseded_in_public,safe_candidate,public_survivor_only
21e766c3b65d8faf7cedddd787af0e03c80822f8c3d19b2b30b7d67f27373846,artifacts/external_evaluator_adapters/external_evaluator_demo_report.md,public_only,already_superseded_in_public,safe_candidate,public_survivor_only
6c112a0b874bb37719539a9dca1b2d632e1b1cbeaa245cf9f8964124fbe4fd42,artifacts/external_evaluator_adapters/external_evaluator_manifest.json,public_only,already_superseded_in_public,safe_candidate,public_survivor_only
18e0568f9439f9491d0ba574af57936e352697138e588dac1e23172fcba7d855,artifacts/external_evaluator_adapters/external_metric_summary.csv,public_only,already_superseded_in_public,safe_candidate,public_survivor_only
9152884c61744edf9dd6b8abd05d9a0ea58872b105c05bdaf4151e651e9f29e7,artifacts/external_evaluator_adapters/normalized_external_metrics.csv,public_only,already_superseded_in_public,safe_candidate,public_survivor_only
9a5fe9dd5d5b9f0f30a9d3d95eafe6ec12f50276e4632058f1d91901b74f8a07,artifacts/external_evaluator_adapters/promotion_decision_from_external_metrics.json,public_only,already_superseded_in_public,safe_candidate,public_survivor_only
d3dc553a05de1e8f7dee315dbc4239797fb75400d2b1b093f768b209996087a4,artifacts/external_evaluator_adapters_v2/external_evaluator_demo_report.md,public_only,already_superseded_in_public,safe_candidate,public_survivor_only
5584920b72d3e28c0d0da3ced8de8db01aa1bdfdc7641c54453c7132dd06590c,artifacts/external_evaluator_adapters_v2/external_evaluator_manifest.json,public_only,already_superseded_in_public,safe_candidate,public_survivor_only
735fec115b9ea15fabc58bb24857fd06b9f3e8fffe9cce57f3715e3b3cf5e3cc,artifacts/external_evaluator_adapters_v2/external_metric_summary.csv,public_only,already_superseded_in_public,safe_candidate,public_survivor_only
8f2cad7c32044507ac153b8b95b5652d7023d1b07ef1071b0aa834edfcbc8c2e,artifacts/external_evaluator_adapters_v2/normalized_external_metrics.csv,public_only,already_superseded_in_public,safe_candidate,public_survivor_only
48fc4fe30e11d43a526cafe0534df089af0bbfecf6ba19d76faec9640fe3d768,artifacts/external_evaluator_adapters_v2/promotion_decision_from_external_metrics.json,public_only,already_superseded_in_public,safe_candidate,public_survivor_only
1217f31b3a54c4d37cd0124fbd080e372cea349225e5875cd4bb7879d1ee06b6,artifacts/fresh_clone_reproducibility/fresh_clone_commands.txt,public_only,already_superseded_in_public,safe_candidate,public_survivor_only
919f9f48eb9d7c31219c6b9a69b18e06edf0235e40002c04044fa1d20ece5917,artifacts/fresh_clone_reproducibility/fresh_clone_manifest.json,public_only,already_superseded_in_public,safe_candidate,public_survivor_only
6848be1d106bedec1f8b5831cb26986aaaf01a47bd834461d7c379d65f333ed7,artifacts/fresh_clone_reproducibility/fresh_clone_report.md,public_only,already_superseded_in_public,safe_candidate,public_survivor_only
aa95658d1b4905748a227961c2bbd2a479cbb135545896fa06d977f3d862a623,artifacts/fresh_clone_reproducibility/fresh_clone_results.json,public_only,already_superseded_in_public,safe_candidate,public_survivor_only
96558f39a9d87ab02f3ddd0b43b814f5a920c3eb33da092cdf237f1db9338f90,artifacts/fresh_live_crag_behavioral_governance/live_crag_acquisition_report.md,public_only,already_superseded_in_public,safe_candidate,public_survivor_only
8aa251b8fcb177ded6687f33ef4b9a297d0d2c96cce676bad4c3ba1003b2e2a4,artifacts/fresh_live_crag_behavioral_governance/live_crag_manifest.json,public_only,already_superseded_in_public,safe_candidate,public_survivor_only
678c8f31aae9d657a1cb0266e991008f4883254a07ed5774ee2512d647c3f951,artifacts/fresh_live_crag_behavioral_governance/pareto_frontier.csv,public_only,already_superseded_in_public,safe_candidate,public_survivor_only
53a4725e4037ce0cf20932185d93600d1d2ff3e8860bc003313c0f104c457d28,artifacts/fresh_live_crag_behavioral_governance/per_query_policy_results.csv,public_only,already_superseded_in_public,safe_candidate,public_survivor_only
70886dedaffbec7bffaecc257d429370e61b4cce366a867118ad94acf8fb1320,artifacts/fresh_live_crag_behavioral_governance/policy_summary_metrics.csv,public_only,already_superseded_in_public,safe_candidate,public_survivor_only
4a16317419f7f646340a2eec63701434d8f4dd0197b43a4f2cc4ba484c0b96ae,artifacts/fresh_live_crag_behavioral_governance/primary_outcome_report.md,public_only,already_superseded_in_public,safe_candidate,public_survivor_only
4d561aadca6981fd872d7918edb4a0c804eae983ba33ed7836fe8ebda13e0418,artifacts/fresh_live_crag_behavioral_governance/primary_outcome_statistics.json,public_only,already_superseded_in_public,safe_candidate,public_survivor_only
438a1715b029aee063dc5aa5dfef1169b754861e1ffdca33a6f968e5ed05214a,artifacts/fresh_live_crag_behavioral_governance/selector_comparison.csv,public_only,already_superseded_in_public,safe_candidate,public_survivor_only
343ba8086f95d711d3af65a7278f3117dcac5c5a8b2352ec5c07415cdf09ce8d,artifacts/fresh_live_crag_behavioral_governance/split_manifest.json,public_only,already_superseded_in_public,safe_candidate,public_survivor_only
d08158536ebc87a837aa1738f21e21a9d6b5a8fb0c34fb21f8428260780d9f08,artifacts/generative_llm_validation/crag/generative_crag_manifest.json,public_only,already_superseded_in_public,safe_candidate,public_survivor_only
122791d2fd9d169679b1b14d9f4984abfb8af8f174246e666ee3a0b1e83c73ed,artifacts/generative_llm_validation/crag/generator_environment_report.md,public_only,already_superseded_in_public,safe_candidate,public_survivor_only
9290cdac880b6b317735138b597c4bfbe5a03f1d2b97807d085b7d324d7626c5,artifacts/generative_llm_validation/crag/pareto_frontier.csv,public_only,already_superseded_in_public,safe_candidate,public_survivor_only
d446171e8c1c4cbb118d262b03d0deb9d0cc9997cfe914da1c646e8124fb70b0,artifacts/generative_llm_validation/crag/per_query_generation_metrics.csv,public_only,already_superseded_in_public,safe_candidate,public_survivor_only
f65644396548851bcd440402bf276a62e41afc3d1a5b09e137a8ff0cedf0e9d6,artifacts/generative_llm_validation/crag/policy_summary_metrics.csv,public_only,already_superseded_in_public,safe_candidate,public_survivor_only
eefc0f9162b3ff9b16f475442fdfc6773c4dd7c0969f0aebd876fe7a4fec8357,artifacts/generative_llm_validation/crag/primary_outcome_report.md,public_only,already_superseded_in_public,safe_candidate,public_survivor_only
f7b12264bc50f53c8ad407a79c0328dd73b56fb62031ed96067b0452484b7557,artifacts/generative_llm_validation/crag/primary_outcome_statistics.json,public_only,already_superseded_in_public,safe_candidate,public_survivor_only
02414af1d2fa9ad9de481b26e6b6b2d1a09bddcd81e40e22d3e7a5f2815f621c,artifacts/generative_llm_validation/crag/quality_signal_diagnostics.csv,public_only,already_superseded_in_public,safe_candidate,public_survivor_only
a8c42c0420d4f5a818fc663d6851354c1430c79a7155fd98f063303c9e87a756,artifacts/generative_llm_validation/crag/selector_comparison.csv,public_only,already_superseded_in_public,safe_candidate,public_survivor_only
ee50cecdc280053b201c9e7a557cd406b5dab5bd2da6a322f2d88ab1ea530025,artifacts/generative_llm_validation/crag_evaluator_mapping/evaluator_mapping_diagnostics.csv,public_only,already_superseded_in_public,safe_candidate,public_survivor_only
7bfe3078c5a0eda0b3d248c3cc55e1854ae0699d703636f4528e179902ba0ee8,artifacts/generative_llm_validation/crag_evaluator_mapping/evaluator_mapping_manifest.json,public_only,already_superseded_in_public,safe_candidate,public_survivor_only
2c87e0120a3a066d9d885b0601ea6e6283b71e1ea3dfd28b6dd6054b9e4fa61c,artifacts/generative_llm_validation/crag_evaluator_mapping/evaluator_mapping_report.md,public_only,already_superseded_in_public,safe_candidate,public_survivor_only
301b16b89d2f33ade6240ace13f76480b8b07ff4ae3970f13e536115e092a834,artifacts/generative_llm_validation/crag_evaluator_mapping/evaluator_mapping_result.json,public_only,already_superseded_in_public,safe_candidate,public_survivor_only
2f22b4034253e9189b23ac5f04ea64fd429f39e9cb7c918ca22581d16af03ba5,artifacts/generative_llm_validation/crag_evaluator_mapping/evaluator_schema_report.md,public_only,already_superseded_in_public,safe_candidate,public_survivor_only
99baf3aa1f9ec202ba1ab38adb21a62705847cf10344dd3c1c2a75d8ca2c0d8c,artifacts/generative_llm_validation/crag_llama3_2_3b_guarded_latency_offset_0/generative_crag_manifest.json,public_only,already_superseded_in_public,safe_candidate,public_survivor_only
2be36cdad671e9bfff7c4efdf94df428958b88fb60c5ce3f9080621a63431e1e,artifacts/generative_llm_validation/crag_llama3_2_3b_guarded_latency_offset_0/generator_environment_report.md,public_only,already_superseded_in_public,safe_candidate,public_survivor_only
3cddd734c6185aebbac011dea36570bd28d709673085fffd9049467639e774cf,artifacts/generative_llm_validation/crag_llama3_2_3b_guarded_latency_offset_0/pareto_frontier.csv,public_only,already_superseded_in_public,safe_candidate,public_survivor_only
d246bd2419dea8bffa48f5c884f1470e84a260ece4c805fe19ac6038a7cc781f,artifacts/generative_llm_validation/crag_llama3_2_3b_guarded_latency_offset_0/per_query_generation_metrics.csv,public_only,already_superseded_in_public,safe_candidate,public_survivor_only
87b49d9f112282f83b75a3f84ab3b03bf3a6e2d748959cb63a322eb914e2726c,artifacts/generative_llm_validation/crag_llama3_2_3b_guarded_latency_offset_0/policy_summary_metrics.csv,public_only,already_superseded_in_public,safe_candidate,public_survivor_only
59f29ce563dcf68d863b2f9c829c64fa02622bb1cc6db3d410fd3b66c7bbab40,artifacts/generative_llm_validation/crag_llama3_2_3b_guarded_latency_offset_0/primary_outcome_report.md,public_only,already_superseded_in_public,safe_candidate,public_survivor_only
1d3ce284b333c5c0934f1d776631428f8bdef7a8d1c38da3cab034d9b46d6e2d,artifacts/generative_llm_validation/crag_llama3_2_3b_guarded_latency_offset_0/primary_outcome_statistics.json,public_only,already_superseded_in_public,safe_candidate,public_survivor_only
21c90e56f9a6d1fe8691672b8971b62fc556ea7c8227384fb99ce1c5e23172df,artifacts/generative_llm_validation/crag_llama3_2_3b_guarded_latency_offset_0/quality_signal_diagnostics.csv,public_only,already_superseded_in_public,safe_candidate,public_survivor_only
8bb5a76d59ed2fc997e6284a63c3592e1f4cae09f1ddfe25661bf2179f3460b1,artifacts/generative_llm_validation/crag_llama3_2_3b_guarded_latency_offset_0/selector_comparison.csv,public_only,already_superseded_in_public,safe_candidate,public_survivor_only
e4f88144fe3b82ea31d4bb68623b53af17b8e7aecb76e04ca5ac1fa11850038c,artifacts/generative_llm_validation/crag_llama3_2_3b_guarded_latency_offset_24/generative_crag_manifest.json,public_only,already_superseded_in_public,safe_candidate,public_survivor_only
b3e576e842c8b86a24216258d7d73fa5c4e1a3c8a2509874a73ecda4a2adc548,artifacts/generative_llm_validation/crag_llama3_2_3b_guarded_latency_offset_24/generator_environment_report.md,public_only,already_superseded_in_public,safe_candidate,public_survivor_only
d941fab387abffca03de7822c13cdcb99109dc4f2a49f4122e91484f2e3d2ec5,artifacts/generative_llm_validation/crag_llama3_2_3b_guarded_latency_offset_24/pareto_frontier.csv,public_only,already_superseded_in_public,safe_candidate,public_survivor_only
d1f8567bd60491511b8754fb187531984d8a444c2c58f09b9aec31d81a2bc3d7,artifacts/generative_llm_validation/crag_llama3_2_3b_guarded_latency_offset_24/per_query_generation_metrics.csv,public_only,already_superseded_in_public,safe_candidate,public_survivor_only
d44dc6731c6f8114fa43b780f85d4ef740c4489580724bfd9e8c93f42cd6f82f,artifacts/generative_llm_validation/crag_llama3_2_3b_guarded_latency_offset_24/policy_summary_metrics.csv,public_only,already_superseded_in_public,safe_candidate,public_survivor_only
a0fe3f6d934cb1346f7193838afc6446bcbea352ef2461bec75ae74b7823fc28,artifacts/generative_llm_validation/crag_llama3_2_3b_guarded_latency_offset_24/primary_outcome_report.md,public_only,already_superseded_in_public,safe_candidate,public_survivor_only
0337adbf23b97e685d3717709ae220c40d638e3801c5239d9513082de8b6fc36,artifacts/generative_llm_validation/crag_llama3_2_3b_guarded_latency_offset_24/primary_outcome_statistics.json,public_only,already_superseded_in_public,safe_candidate,public_survivor_only
3679a29a3cb497ebb790589cb2163517dbc8a156f5c1f18b6498cb69f1479dda,artifacts/generative_llm_validation/crag_llama3_2_3b_guarded_latency_offset_24/quality_signal_diagnostics.csv,public_only,already_superseded_in_public,safe_candidate,public_survivor_only
a1538560bc2720288a2ebf22f6652839e5c11cbddd801a395c79caf2d1312790,artifacts/generative_llm_validation/crag_llama3_2_3b_guarded_latency_offset_24/selector_comparison.csv,public_only,already_superseded_in_public,safe_candidate,public_survivor_only
a3099780d69633106038c567d2daa01146a2fc81e6dbac86fcaeef5c6e23acd0,artifacts/generative_llm_validation/crag_llama3_2_3b_guarded_latency_offset_36/generative_crag_manifest.json,public_only,already_superseded_in_public,safe_candidate,public_survivor_only
54ce2cf453626ca23c4178d2bfc4aaba626bd59210f0667cc87921cae0022ef5,artifacts/generative_llm_validation/crag_llama3_2_3b_guarded_latency_offset_36/generator_environment_report.md,public_only,already_superseded_in_public,safe_candidate,public_survivor_only
ac214f12bf9fedb967202b23a4296e71b6327380c1095e9f61cc1446305dd9c4,artifacts/generative_llm_validation/crag_llama3_2_3b_guarded_latency_offset_36/pareto_frontier.csv,public_only,already_superseded_in_public,safe_candidate,public_survivor_only
4a3e5ea8a29f86d1f39fb6ca0f64bde468b65779c6150317691c3908340a89f3,artifacts/generative_llm_validation/crag_llama3_2_3b_guarded_latency_offset_36/per_query_generation_metrics.csv,public_only,already_superseded_in_public,safe_candidate,public_survivor_only
32e453fa97b94b0aa958d9b724d9e5704dc60cbf3269a6f0c62fdc4ac9be436c,artifacts/generative_llm_validation/crag_llama3_2_3b_guarded_latency_offset_36/policy_summary_metrics.csv,public_only,already_superseded_in_public,safe_candidate,public_survivor_only
a20e14cf9fa08055e121e2659c2efe0dcb0e02df3c26bdd0a6e260250f819db8,artifacts/generative_llm_validation/crag_llama3_2_3b_guarded_latency_offset_36/primary_outcome_report.md,public_only,already_superseded_in_public,safe_candidate,public_survivor_only
253908a5ff61059829a2448300844d8df3c647eee9be96ff526be0ebf5382be2,artifacts/generative_llm_validation/crag_llama3_2_3b_guarded_latency_offset_36/primary_outcome_statistics.json,public_only,already_superseded_in_public,safe_candidate,public_survivor_only
f576d1c051bc0efeb04a0c08db9c32e7e672390e9ba7df5cf0eb952991d2ecd4,artifacts/generative_llm_validation/crag_llama3_2_3b_guarded_latency_offset_36/quality_signal_diagnostics.csv,public_only,already_superseded_in_public,safe_candidate,public_survivor_only
e911218eb5bbe5b947bd2174db1eb6ea5bb5fd312ff2f8a3147b9b4bb54d1d74,artifacts/generative_llm_validation/crag_llama3_2_3b_guarded_latency_offset_36/selector_comparison.csv,public_only,already_superseded_in_public,safe_candidate,public_survivor_only
175ff4867e628338970c5239625a477e374c0a28e7ed960e36942da19c91bdf2,artifacts/generative_llm_validation/crag_llama3_2_3b_guarded_latency_offset_60/generative_crag_manifest.json,public_only,already_superseded_in_public,safe_candidate,public_survivor_only
ba214b2f1a6d1d009f22b303ef6c1beffe1caf4039f1ab00299ef34f5ff87a26,artifacts/generative_llm_validation/crag_llama3_2_3b_guarded_latency_offset_60/generator_environment_report.md,public_only,already_superseded_in_public,safe_candidate,public_survivor_only
e25d104e9e77bbeed97d33ca0baffce10c55cac44b634b46dd318355dd685865,artifacts/generative_llm_validation/crag_llama3_2_3b_guarded_latency_offset_60/pareto_frontier.csv,public_only,already_superseded_in_public,safe_candidate,public_survivor_only
823ab30bebed2eb3af4036d89b3f638241379cd35e93608cba6c5ea53fcf2c2c,artifacts/generative_llm_validation/crag_llama3_2_3b_guarded_latency_offset_60/per_query_generation_metrics.csv,public_only,already_superseded_in_public,safe_candidate,public_survivor_only
3827138cbbe094907cf4d3e967e0a1ec9112436d18ae8edbe38154d8b86609b1,artifacts/generative_llm_validation/crag_llama3_2_3b_guarded_latency_offset_60/policy_summary_metrics.csv,public_only,already_superseded_in_public,safe_candidate,public_survivor_only
8a88516c6c3cae9d8074f47d1474ec5a97ec21b5c7feb8ae5c7fcbfb9ef59d42,artifacts/generative_llm_validation/crag_llama3_2_3b_guarded_latency_offset_60/primary_outcome_report.md,public_only,already_superseded_in_public,safe_candidate,public_survivor_only
b16be846180f0c579cf7d7f2aa23fa815fd616cbbd145cfc7f4b16052e08b139,artifacts/generative_llm_validation/crag_llama3_2_3b_guarded_latency_offset_60/primary_outcome_statistics.json,public_only,already_superseded_in_public,safe_candidate,public_survivor_only
ade8754c64604aa62fedf67bf94491889eb084773c021fe746f7e2c9ed8e4a5f,artifacts/generative_llm_validation/crag_llama3_2_3b_guarded_latency_offset_60/quality_signal_diagnostics.csv,public_only,already_superseded_in_public,safe_candidate,public_survivor_only
cf08ac4e10627d96b2f4ec77ac6f125acf9b3f873a99a77db82d348b27c400af,artifacts/generative_llm_validation/crag_llama3_2_3b_guarded_latency_offset_60/selector_comparison.csv,public_only,already_superseded_in_public,safe_candidate,public_survivor_only
bc642ccf43de95f2ef601032e649ffe663ea5f23c6b7f7e2a02c05e576b52976,artifacts/generative_llm_validation/crag_llama3_2_3b_latency_selector_offset_0/generative_crag_manifest.json,public_only,already_superseded_in_public,safe_candidate,public_survivor_only
57f234d960c6429acbed389942f6f3f6c0da28da96c0cb8bd31016a09dad9c75,artifacts/generative_llm_validation/crag_llama3_2_3b_latency_selector_offset_0/generator_environment_report.md,public_only,already_superseded_in_public,safe_candidate,public_survivor_only
4a4b0001f2f918b1a628e4b68c0a8f9296b26d5c0631f966bd6ec5876ecd9d09,artifacts/generative_llm_validation/crag_llama3_2_3b_latency_selector_offset_0/pareto_frontier.csv,public_only,already_superseded_in_public,safe_candidate,public_survivor_only
fe1b3c20eb97baef4f432becc3de8bb833291bc946c4027bd852eabea6ec36dd,artifacts/generative_llm_validation/crag_llama3_2_3b_latency_selector_offset_0/per_query_generation_metrics.csv,public_only,already_superseded_in_public,safe_candidate,public_survivor_only
b98a307127626b05ea0569c3b7c5ffaefa8ece958328dffeb2785084a0f6a0e9,artifacts/generative_llm_validation/crag_llama3_2_3b_latency_selector_offset_0/policy_summary_metrics.csv,public_only,already_superseded_in_public,safe_candidate,public_survivor_only
57dc3a89fc445c6b86dee1246225c6fd2da99dea2de8d639464e72ca08f22a0a,artifacts/generative_llm_validation/crag_llama3_2_3b_latency_selector_offset_0/primary_outcome_report.md,public_only,already_superseded_in_public,safe_candidate,public_survivor_only
577ec01999b986a998db5a1a6c158a2786ba7f12e065dacc7b48f57f29c9664e,artifacts/generative_llm_validation/crag_llama3_2_3b_latency_selector_offset_0/primary_outcome_statistics.json,public_only,already_superseded_in_public,safe_candidate,public_survivor_only
246eac000dcd48f5eead13b0e9fc7a7456f02d34b376015e81bc679e5e4c9b78,artifacts/generative_llm_validation/crag_llama3_2_3b_latency_selector_offset_0/quality_signal_diagnostics.csv,public_only,already_superseded_in_public,safe_candidate,public_survivor_only
bb9af9d5cb61e347d8e62ae625f01b31a17c81d4c1135f5b02f560bc2b4e9ec4,artifacts/generative_llm_validation/crag_llama3_2_3b_latency_selector_offset_0/selector_comparison.csv,public_only,already_superseded_in_public,safe_candidate,public_survivor_only
4275844185231b3d0afec8ab8b1bf2e9c69b6daea7969a0b86d66d91bc53e5ff,artifacts/generative_llm_validation/crag_llama3_2_3b_latency_selector_offset_24/generative_crag_manifest.json,public_only,already_superseded_in_public,safe_candidate,public_survivor_only
6d2f9261e81410bf85cbc1c390dc71035da759399111b46d0c81b3edba297294,artifacts/generative_llm_validation/crag_llama3_2_3b_latency_selector_offset_24/generator_environment_report.md,public_only,already_superseded_in_public,safe_candidate,public_survivor_only
f44479b0e4bf64523256a3bf81973c9e8c3c380d4bc7675a654024a5b2db4c05,artifacts/generative_llm_validation/crag_llama3_2_3b_latency_selector_offset_24/pareto_frontier.csv,public_only,already_superseded_in_public,safe_candidate,public_survivor_only
feeed23ac94d0e9f34260ed9f598a22c511a9c281c31ae3ee70e77f525f59412,artifacts/generative_llm_validation/crag_llama3_2_3b_latency_selector_offset_24/per_query_generation_metrics.csv,public_only,already_superseded_in_public,safe_candidate,public_survivor_only
1588206270a61fd008150524a8d7c111cb73025d9dda5ac3932a70f4f569c6d4,artifacts/generative_llm_validation/crag_llama3_2_3b_latency_selector_offset_24/policy_summary_metrics.csv,public_only,already_superseded_in_public,safe_candidate,public_survivor_only
0a280a20eea3a8761b2e422fff9fe8cc039261d646fd31ed6dfcc1fe43650307,artifacts/generative_llm_validation/crag_llama3_2_3b_latency_selector_offset_24/primary_outcome_report.md,public_only,already_superseded_in_public,safe_candidate,public_survivor_only
6ebc47f88e1f16e1b44cb0a33fdf49e25a3d598aa1e08855787852f3218d46b1,artifacts/generative_llm_validation/crag_llama3_2_3b_latency_selector_offset_24/primary_outcome_statistics.json,public_only,already_superseded_in_public,safe_candidate,public_survivor_only
303136c2fb7d0aba840b06ced6e12491b212df8d7e7eb616eab6c3b11cd32fae,artifacts/generative_llm_validation/crag_llama3_2_3b_latency_selector_offset_24/quality_signal_diagnostics.csv,public_only,already_superseded_in_public,safe_candidate,public_survivor_only
a9b9f64a95c04f4ce081ac55476ae26894b0de2af5343ad663a5e2152ada5516,artifacts/generative_llm_validation/crag_llama3_2_3b_latency_selector_offset_24/selector_comparison.csv,public_only,already_superseded_in_public,safe_candidate,public_survivor_only
456400179fbcb9099080e6e52d82f8787ad9a05825493a66e3dc199b1be90924,artifacts/generative_llm_validation/crag_llama3_2_3b_latency_selector_offset_36/generative_crag_manifest.json,public_only,already_superseded_in_public,safe_candidate,public_survivor_only
ebb00f5227a4fcae4ff9b7241fc083838ee665d1730187c1dc94f08cd8b4c5e7,artifacts/generative_llm_validation/crag_llama3_2_3b_latency_selector_offset_36/generator_environment_report.md,public_only,already_superseded_in_public,safe_candidate,public_survivor_only
75ae2f752378e115f295e64eb80efce69afb37bb257b138137e78a3591b1b90a,artifacts/generative_llm_validation/crag_llama3_2_3b_latency_selector_offset_36/pareto_frontier.csv,public_only,already_superseded_in_public,safe_candidate,public_survivor_only
de44c2c127b943734d399c93c96ece180c514c715c4a79bd50fe8db6438d3189,artifacts/generative_llm_validation/crag_llama3_2_3b_latency_selector_offset_36/per_query_generation_metrics.csv,public_only,already_superseded_in_public,safe_candidate,public_survivor_only
4aa020d1010021c55d51a9c60965dbc7c0e83d9c1ef50d51511eca74259977d1,artifacts/generative_llm_validation/crag_llama3_2_3b_latency_selector_offset_36/policy_summary_metrics.csv,public_only,already_superseded_in_public,safe_candidate,public_survivor_only
ff838601ba8b1b804587017eec0a798bb763af0a4d832f6de0c613ea0a55d446,artifacts/generative_llm_validation/crag_llama3_2_3b_latency_selector_offset_36/primary_outcome_report.md,public_only,already_superseded_in_public,safe_candidate,public_survivor_only
8d06d247b0534a7c0469cae0c1c92085220e61c7128ea49164301d7eddd90506,artifacts/generative_llm_validation/crag_llama3_2_3b_latency_selector_offset_36/primary_outcome_statistics.json,public_only,already_superseded_in_public,safe_candidate,public_survivor_only
e7f34a96cb1c308cad5b5cde2525821c52ab135c2f4a7b6971acd8554c165191,artifacts/generative_llm_validation/crag_llama3_2_3b_latency_selector_offset_36/quality_signal_diagnostics.csv,public_only,already_superseded_in_public,safe_candidate,public_survivor_only
d4b1f809aa49b0dea7f86ddc25604f7cfc1c3155e47daa90fc3875ea93018ce2,artifacts/generative_llm_validation/crag_llama3_2_3b_latency_selector_offset_36/selector_comparison.csv,public_only,already_superseded_in_public,safe_candidate,public_survivor_only
21791582fd6be39504be2607a3f396bcc4f96629d6bb56f05146c4d3d6ec8f2d,artifacts/generative_llm_validation/crag_llama3_2_3b_latency_selector_offset_60/generative_crag_manifest.json,public_only,already_superseded_in_public,safe_candidate,public_survivor_only
3c75944952caad077f783c73889fdef982f71022f7a75873c12ed8673bb10450,artifacts/generative_llm_validation/crag_llama3_2_3b_latency_selector_offset_60/generator_environment_report.md,public_only,already_superseded_in_public,safe_candidate,public_survivor_only
db38eab9a1d9f8f26097055acc62ab9826c662e34d6550accfa0919d766b2c69,artifacts/generative_llm_validation/crag_llama3_2_3b_latency_selector_offset_60/pareto_frontier.csv,public_only,already_superseded_in_public,safe_candidate,public_survivor_only
87bf5a6724611b88e43d1b8830160b9eb0ca1d2bf9d868906a47db745dd07d17,artifacts/generative_llm_validation/crag_llama3_2_3b_latency_selector_offset_60/per_query_generation_metrics.csv,public_only,already_superseded_in_public,safe_candidate,public_survivor_only
80e0dfa8c38a246154da818e9b6a009c60eea5cb2045715da371674a6d96e63f,artifacts/generative_llm_validation/crag_llama3_2_3b_latency_selector_offset_60/policy_summary_metrics.csv,public_only,already_superseded_in_public,safe_candidate,public_survivor_only
05a74f66e043b68e028376abe0c53469da1e38ff5fb1e7108d7b2e371260d970,artifacts/generative_llm_validation/crag_llama3_2_3b_latency_selector_offset_60/primary_outcome_report.md,public_only,already_superseded_in_public,safe_candidate,public_survivor_only
007f6d7374149a2012b8400b231222f13ca4906f6ac57007418faaf6e069b80f,artifacts/generative_llm_validation/crag_llama3_2_3b_latency_selector_offset_60/primary_outcome_statistics.json,public_only,already_superseded_in_public,safe_candidate,public_survivor_only
de2d53a73975b7e97422f85849f50cba81cc280e5601308884a868afa80ee401,artifacts/generative_llm_validation/crag_llama3_2_3b_latency_selector_offset_60/quality_signal_diagnostics.csv,public_only,already_superseded_in_public,safe_candidate,public_survivor_only
c81200fc0834d7faa0f72bec08edd3a44a9420172aec586010953754cea21cbb,artifacts/generative_llm_validation/crag_llama3_2_3b_latency_selector_offset_60/selector_comparison.csv,public_only,already_superseded_in_public,safe_candidate,public_survivor_only
1c2c93822073233e2c34ea237284b798097c6864ce155c8caa5e52b58be8bfe0,artifacts/generative_llm_validation/crag_llama3_2_3b_learned_guarded_latency_offset_0/generative_crag_manifest.json,public_only,already_superseded_in_public,safe_candidate,public_survivor_only
e94d41476d48906069f249ed3486b1d993fbcf4b379ca6a4e02d50d306925116,artifacts/generative_llm_validation/crag_llama3_2_3b_learned_guarded_latency_offset_0/generator_environment_report.md,public_only,already_superseded_in_public,safe_candidate,public_survivor_only
4fc728f62f488c82375a33cdfb30d3dcbfb2f94f09a6cf6eee9d3cdbcc41bdf9,artifacts/generative_llm_validation/crag_llama3_2_3b_learned_guarded_latency_offset_0/pareto_frontier.csv,public_only,already_superseded_in_public,safe_candidate,public_survivor_only
e4822830c6c11549d79e334f14a59b733e64a31a9cc4463a814265cb3ede20ba,artifacts/generative_llm_validation/crag_llama3_2_3b_learned_guarded_latency_offset_0/per_query_generation_metrics.csv,public_only,already_superseded_in_public,safe_candidate,public_survivor_only
7bf8f65519243755d5c4174e27a800d4d91117a68620354890e0655447e8c2b5,artifacts/generative_llm_validation/crag_llama3_2_3b_learned_guarded_latency_offset_0/policy_summary_metrics.csv,public_only,already_superseded_in_public,safe_candidate,public_survivor_only
963ef7be45856dbfa3103943d6a1c9948e248808a13f4d15634d21b147c86560,artifacts/generative_llm_validation/crag_llama3_2_3b_learned_guarded_latency_offset_0/primary_outcome_report.md,public_only,already_superseded_in_public,safe_candidate,public_survivor_only
8101279f103a1c2bcafaf72e7dc775f9a9126d983cfc18e108eb51c04ee6f11f,artifacts/generative_llm_validation/crag_llama3_2_3b_learned_guarded_latency_offset_0/primary_outcome_statistics.json,public_only,already_superseded_in_public,safe_candidate,public_survivor_only
168c65aabe9ea62ddcf99e7a6a334426dca3a14bdd62a15e769e082b476ff91f,artifacts/generative_llm_validation/crag_llama3_2_3b_learned_guarded_latency_offset_0/quality_signal_diagnostics.csv,public_only,already_superseded_in_public,safe_candidate,public_survivor_only
51b4432bfca64c33da5a59c237c7c690bc51eda63ca9358408accf0a7921aff1,artifacts/generative_llm_validation/crag_llama3_2_3b_learned_guarded_latency_offset_0/selector_comparison.csv,public_only,already_superseded_in_public,safe_candidate,public_survivor_only
0dfd306ea1c63cdf6e78a015710c1c5e49dbadbfb9f0ae50a4cc0c8656cc5283,artifacts/generative_llm_validation/crag_llama3_2_3b_learned_guarded_latency_offset_24/generative_crag_manifest.json,public_only,already_superseded_in_public,safe_candidate,public_survivor_only
c8c36b8801f14a65a0f468594359ab85ec114e4319f67d50df025b46cf936e81,artifacts/generative_llm_validation/crag_llama3_2_3b_learned_guarded_latency_offset_24/generator_environment_report.md,public_only,already_superseded_in_public,safe_candidate,public_survivor_only
0fe42a46f37dc20f37139e7d626e1c983223688445232feabb688fd3b4efa846,artifacts/generative_llm_validation/crag_llama3_2_3b_learned_guarded_latency_offset_24/pareto_frontier.csv,public_only,already_superseded_in_public,safe_candidate,public_survivor_only
0d15f41e970cc4223e134c098c2b90b9e7243c283e2ea55f6f734c95d55f41e6,artifacts/generative_llm_validation/crag_llama3_2_3b_learned_guarded_latency_offset_24/per_query_generation_metrics.csv,public_only,already_superseded_in_public,safe_candidate,public_survivor_only
731f1acc770a910ae58e950028c82a70735df9991b4f208a124f62a5c1be8821,artifacts/generative_llm_validation/crag_llama3_2_3b_learned_guarded_latency_offset_24/policy_summary_metrics.csv,public_only,already_superseded_in_public,safe_candidate,public_survivor_only
a722b13cb2559f7d9144493d9f618f3632b6171b7d998132c20fb8e4923f49e8,artifacts/generative_llm_validation/crag_llama3_2_3b_learned_guarded_latency_offset_24/primary_outcome_report.md,public_only,already_superseded_in_public,safe_candidate,public_survivor_only
e6668aa6fa59abca532ffac990a7bae11e904bb58af874e498fa50b900ed85d8,artifacts/generative_llm_validation/crag_llama3_2_3b_learned_guarded_latency_offset_24/primary_outcome_statistics.json,public_only,already_superseded_in_public,safe_candidate,public_survivor_only
c8fffef3b46384a96fe2b9f29455208db92eb48dc1da36183ab2d2acac2f9241,artifacts/generative_llm_validation/crag_llama3_2_3b_learned_guarded_latency_offset_24/quality_signal_diagnostics.csv,public_only,already_superseded_in_public,safe_candidate,public_survivor_only
8f8d58292691d7a626607c832614e7b5d67e9e5e5f9b126cb269543673e0f9d2,artifacts/generative_llm_validation/crag_llama3_2_3b_learned_guarded_latency_offset_24/selector_comparison.csv,public_only,already_superseded_in_public,safe_candidate,public_survivor_only
daf48484a972bc0dc41f72bed5542b6dcf32146677dcabda187aacbf0ac31c59,artifacts/generative_llm_validation/crag_llama3_2_3b_learned_guarded_latency_offset_36/generative_crag_manifest.json,public_only,already_superseded_in_public,safe_candidate,public_survivor_only
9c38db7402ef9feaf6f3bfa6f7c7c94c47842df89aecb7ec7553c4a71a029e80,artifacts/generative_llm_validation/crag_llama3_2_3b_learned_guarded_latency_offset_36/generator_environment_report.md,public_only,already_superseded_in_public,safe_candidate,public_survivor_only
58e029bbce64dff144975227a073d4f954529fe4e8ef0e1ee75185b77f6dfc37,artifacts/generative_llm_validation/crag_llama3_2_3b_learned_guarded_latency_offset_36/pareto_frontier.csv,public_only,already_superseded_in_public,safe_candidate,public_survivor_only
561b04e4442db952f5fcf416ef0655245da1c5dd1905c5392370c2bbf3dda7ba,artifacts/generative_llm_validation/crag_llama3_2_3b_learned_guarded_latency_offset_36/per_query_generation_metrics.csv,public_only,already_superseded_in_public,safe_candidate,public_survivor_only
c2222963f93d6b339d606a6edefadd279fcefa5c1941617c3914fadf0c016b07,artifacts/generative_llm_validation/crag_llama3_2_3b_learned_guarded_latency_offset_36/policy_summary_metrics.csv,public_only,already_superseded_in_public,safe_candidate,public_survivor_only
557b1591caf94c6aa3984c80f5dde4587d67934f7430d631d670495b98716949,artifacts/generative_llm_validation/crag_llama3_2_3b_learned_guarded_latency_offset_36/primary_outcome_report.md,public_only,already_superseded_in_public,safe_candidate,public_survivor_only
bf7e1e24f19027235d51d5059a24d26043402071cd93ddf865c2c66916c63b64,artifacts/generative_llm_validation/crag_llama3_2_3b_learned_guarded_latency_offset_36/primary_outcome_statistics.json,public_only,already_superseded_in_public,safe_candidate,public_survivor_only
df2a61b83bcf4fd6ebc06cd21e8d1cd12bc9abf9b055a0aa4b017ccd13aac883,artifacts/generative_llm_validation/crag_llama3_2_3b_learned_guarded_latency_offset_36/quality_signal_diagnostics.csv,public_only,already_superseded_in_public,safe_candidate,public_survivor_only
c5b74c057832160418a4c067ebc3be80db5f3d0782466661c4bb3497b5ab1bed,artifacts/generative_llm_validation/crag_llama3_2_3b_learned_guarded_latency_offset_36/selector_comparison.csv,public_only,already_superseded_in_public,safe_candidate,public_survivor_only
2176660a9861d7cc9d32fe95cebbd351a7a68b9961e79708ba340ff729c4f52a,artifacts/generative_llm_validation/crag_llama3_2_3b_learned_guarded_latency_offset_60/generative_crag_manifest.json,public_only,already_superseded_in_public,safe_candidate,public_survivor_only
e48358f9cc513b415928f0086e5f5434be6d8dbabf0a3bc9a5063596557945ca,artifacts/generative_llm_validation/crag_llama3_2_3b_learned_guarded_latency_offset_60/generator_environment_report.md,public_only,already_superseded_in_public,safe_candidate,public_survivor_only
a33c09003ff330282204f4096a57a9156a9e29465ded115e28195d571a0d11b4,artifacts/generative_llm_validation/crag_llama3_2_3b_learned_guarded_latency_offset_60/pareto_frontier.csv,public_only,already_superseded_in_public,safe_candidate,public_survivor_only
bee961fa04654fccd5fadb6a1db0ebb6e020dca5cb56437d1d09bccc39cc65de,artifacts/generative_llm_validation/crag_llama3_2_3b_learned_guarded_latency_offset_60/per_query_generation_metrics.csv,public_only,already_superseded_in_public,safe_candidate,public_survivor_only
ae082db54c1b41e000b28dde78be062f7cb819cbd8eeeae06021fc216db68d51,artifacts/generative_llm_validation/crag_llama3_2_3b_learned_guarded_latency_offset_60/policy_summary_metrics.csv,public_only,already_superseded_in_public,safe_candidate,public_survivor_only
a269f889f36d07d74c48b48bf4cfb877d0a003c6e14a73e86f46761b9538b789,artifacts/generative_llm_validation/crag_llama3_2_3b_learned_guarded_latency_offset_60/primary_outcome_report.md,public_only,already_superseded_in_public,safe_candidate,public_survivor_only
319a83a173221000db65f2c082b4d21ec1dd4d529329eb6899f0e2e07f3b2963,artifacts/generative_llm_validation/crag_llama3_2_3b_learned_guarded_latency_offset_60/primary_outcome_statistics.json,public_only,already_superseded_in_public,safe_candidate,public_survivor_only
1f91fa4dd7795fc9a0f5952b5beb56f77a06699f871dfe642749c4b2415829e3,artifacts/generative_llm_validation/crag_llama3_2_3b_learned_guarded_latency_offset_60/quality_signal_diagnostics.csv,public_only,already_superseded_in_public,safe_candidate,public_survivor_only
242c8fb8178beffb8efbd0c0cd6db908d61ac8022f775c54a7c26105b04c816c,artifacts/generative_llm_validation/crag_llama3_2_3b_learned_guarded_latency_offset_60/selector_comparison.csv,public_only,already_superseded_in_public,safe_candidate,public_survivor_only
058b5fcbe9d30f03e2cfb3262480042d250a0d7a1e086152f9df307f51a794df,artifacts/generative_llm_validation/crag_llama3_2_3b_offset_0/generative_crag_manifest.json,public_only,already_superseded_in_public,safe_candidate,public_survivor_only
e1dbaff5eafac0d46d97e89b9f9d6446b835a923ad78769e1e8d556edf088124,artifacts/generative_llm_validation/crag_llama3_2_3b_offset_0/generator_environment_report.md,public_only,already_superseded_in_public,safe_candidate,public_survivor_only
e48c2201681fc57da40ec6ab565597901fd607f143a9676b3da99d95ae78c53e,artifacts/generative_llm_validation/crag_llama3_2_3b_offset_0/pareto_frontier.csv,public_only,already_superseded_in_public,safe_candidate,public_survivor_only
2abf9be24adb96d04dcd2b10f8426e4e8626101513b3a252e16b8e33793d5542,artifacts/generative_llm_validation/crag_llama3_2_3b_offset_0/per_query_generation_metrics.csv,public_only,already_superseded_in_public,safe_candidate,public_survivor_only
68258b4c8cc9c5612c24029fce6f167df3cfc4aedf9499c9525654621cacf7ed,artifacts/generative_llm_validation/crag_llama3_2_3b_offset_0/policy_summary_metrics.csv,public_only,already_superseded_in_public,safe_candidate,public_survivor_only
bc806ed16d3421830b6b1f64013d690e88d5eb699bceb93f1fbef7e9820f1f8c,artifacts/generative_llm_validation/crag_llama3_2_3b_offset_0/primary_outcome_report.md,public_only,already_superseded_in_public,safe_candidate,public_survivor_only
f9a3a8fa67df461c94426ee2948fc83503df0af7df8c8ac0ec35defe5ba66bd0,artifacts/generative_llm_validation/crag_llama3_2_3b_offset_0/primary_outcome_statistics.json,public_only,already_superseded_in_public,safe_candidate,public_survivor_only
f31b5d5ce316180be6d1e8799544317108d619ea1785139eca2e66121e505762,artifacts/generative_llm_validation/crag_llama3_2_3b_offset_0/quality_signal_diagnostics.csv,public_only,already_superseded_in_public,safe_candidate,public_survivor_only
6da5c7c6e219adff601be5e37d73d4f05430927de64770ed8b9b1e1c06a31def,artifacts/generative_llm_validation/crag_llama3_2_3b_offset_0/selector_comparison.csv,public_only,already_superseded_in_public,safe_candidate,public_survivor_only
623bb751aedb9c2e6904d16d888b64b48afd3b0939c7b2096010d6c76362ceb3,artifacts/generative_llm_validation/crag_llama3_2_3b_offset_24/generative_crag_manifest.json,public_only,already_superseded_in_public,safe_candidate,public_survivor_only
0f63df7922167b51b765b153c22376fa77bac531e0e341552e09d4a969ee85cf,artifacts/generative_llm_validation/crag_llama3_2_3b_offset_24/generator_environment_report.md,public_only,already_superseded_in_public,safe_candidate,public_survivor_only
b86cf6d23984114397d6bac6fb02202181fe0aa8771dac73a4411115254d68f8,artifacts/generative_llm_validation/crag_llama3_2_3b_offset_24/pareto_frontier.csv,public_only,already_superseded_in_public,safe_candidate,public_survivor_only
c6ce8d2f353b20a03986b492ad6e5940f59e84d8b75ca24b76397402e76409cd,artifacts/generative_llm_validation/crag_llama3_2_3b_offset_24/per_query_generation_metrics.csv,public_only,already_superseded_in_public,safe_candidate,public_survivor_only
fd6f098eb59ba5e4a482a57e5e15ef901eaf45081ff44af127b4f8fb07160315,artifacts/generative_llm_validation/crag_llama3_2_3b_offset_24/policy_summary_metrics.csv,public_only,already_superseded_in_public,safe_candidate,public_survivor_only
018e9fa599ad399668309089c4a0e9cb535fcdea016b9b7f9208e7584347f2b2,artifacts/generative_llm_validation/crag_llama3_2_3b_offset_24/primary_outcome_report.md,public_only,already_superseded_in_public,safe_candidate,public_survivor_only
c4eec7dfa46a8223e336ff46d5ce225bd5dca23b8ba046a276b8bdb58d21343c,artifacts/generative_llm_validation/crag_llama3_2_3b_offset_24/primary_outcome_statistics.json,public_only,already_superseded_in_public,safe_candidate,public_survivor_only
e3c6dca3103e91bcf18cba8d9d0eb94b486f5105b7ec92c798a07bb10b873ebe,artifacts/generative_llm_validation/crag_llama3_2_3b_offset_24/quality_signal_diagnostics.csv,public_only,already_superseded_in_public,safe_candidate,public_survivor_only
9935b085237d10821b1384681d50d7265e201d226e0646a15be81b82b4b643db,artifacts/generative_llm_validation/crag_llama3_2_3b_offset_24/selector_comparison.csv,public_only,already_superseded_in_public,safe_candidate,public_survivor_only
1dfb4582b0b1c68b311e0e47b925dd30d4f1ed7de0cb82f37c7ac675606744d6,artifacts/generative_llm_validation/crag_llama3_2_3b_offset_36/generative_crag_manifest.json,public_only,already_superseded_in_public,safe_candidate,public_survivor_only
7d9a5b848a3762d4e6153767ed5756cc307597a729604b4df4bb1710fe21c176,artifacts/generative_llm_validation/crag_llama3_2_3b_offset_36/generator_environment_report.md,public_only,already_superseded_in_public,safe_candidate,public_survivor_only
1d18a059b8eee95b6a941dfd5aebc0a2fd3d7adde4fa66d2ed7a72d7d2167eaf,artifacts/generative_llm_validation/crag_llama3_2_3b_offset_36/pareto_frontier.csv,public_only,already_superseded_in_public,safe_candidate,public_survivor_only
9dc84babc04e3aaded978f08377336a1c5fa30bf35ffbd6803435e376c8825eb,artifacts/generative_llm_validation/crag_llama3_2_3b_offset_36/per_query_generation_metrics.csv,public_only,already_superseded_in_public,safe_candidate,public_survivor_only
ee8a6cf47f88626d48e136936c7f605a95be91b4694386e6d424bcc3ad6cce01,artifacts/generative_llm_validation/crag_llama3_2_3b_offset_36/policy_summary_metrics.csv,public_only,already_superseded_in_public,safe_candidate,public_survivor_only
197f12b3072ed68d4fd9cff550e22b7b9f6110f082f903007191f8d52ae2c4bc,artifacts/generative_llm_validation/crag_llama3_2_3b_offset_36/primary_outcome_report.md,public_only,already_superseded_in_public,safe_candidate,public_survivor_only
214fbda3b0d01e1ec2bbb6232398d261cdb37c74d64e6918ad02a7e45d719ff6,artifacts/generative_llm_validation/crag_llama3_2_3b_offset_36/primary_outcome_statistics.json,public_only,already_superseded_in_public,safe_candidate,public_survivor_only
1396c978de5a3df9860903d29ec5a9824eb8572acba798a955f07a63afa6d36a,artifacts/generative_llm_validation/crag_llama3_2_3b_offset_36/quality_signal_diagnostics.csv,public_only,already_superseded_in_public,safe_candidate,public_survivor_only
f636fc4d2f7100e711763a9ba8ff0d0d6b9938f8a674067e2b1d7e865024e4f5,artifacts/generative_llm_validation/crag_llama3_2_3b_offset_36/selector_comparison.csv,public_only,already_superseded_in_public,safe_candidate,public_survivor_only
6c7207ad091d48faf405e0a690db168f8d4f5599b445e13fdf1fa29e024b1a2d,artifacts/generative_llm_validation/crag_llama3_2_3b_offset_60/generative_crag_manifest.json,public_only,already_superseded_in_public,safe_candidate,public_survivor_only
1fbff97e681ca8eff4bb38e7aabb056daea9b5af12c44c0d6f28519e86586fe0,artifacts/generative_llm_validation/crag_llama3_2_3b_offset_60/generator_environment_report.md,public_only,already_superseded_in_public,safe_candidate,public_survivor_only
658f2cd203a726fb2f62ca6f20c50ee06dc31203598034960211b5a3bb9d92ea,artifacts/generative_llm_validation/crag_llama3_2_3b_offset_60/pareto_frontier.csv,public_only,already_superseded_in_public,safe_candidate,public_survivor_only
820d5d5bdc09013bb2ae3a47f3a77a8953c1f99326d7d513ed9c9d5d42c2db7f,artifacts/generative_llm_validation/crag_llama3_2_3b_offset_60/per_query_generation_metrics.csv,public_only,already_superseded_in_public,safe_candidate,public_survivor_only
a2123a570cc6dbc520b26c3b7acda24c8aa4e461805e77340c903410aa1530d2,artifacts/generative_llm_validation/crag_llama3_2_3b_offset_60/policy_summary_metrics.csv,public_only,already_superseded_in_public,safe_candidate,public_survivor_only
1a669bc24ca8a63eaf4252a7f7ae8cd5f0e8e57b5d6d94a30497643564dde042,artifacts/generative_llm_validation/crag_llama3_2_3b_offset_60/primary_outcome_report.md,public_only,already_superseded_in_public,safe_candidate,public_survivor_only
8e32ad6f22f9805751acf32095e4f394337ba53bd230de2223cd57d4bbd9c9df,artifacts/generative_llm_validation/crag_llama3_2_3b_offset_60/primary_outcome_statistics.json,public_only,already_superseded_in_public,safe_candidate,public_survivor_only
d840f26b72f7285196382289ae521411339033f6628a5dad6a6531e9df261d98,artifacts/generative_llm_validation/crag_llama3_2_3b_offset_60/quality_signal_diagnostics.csv,public_only,already_superseded_in_public,safe_candidate,public_survivor_only
3287ce9664105340c22d0d72d732d8cb25079e5cd6babfd3303cacbf44301111,artifacts/generative_llm_validation/crag_llama3_2_3b_offset_60/selector_comparison.csv,public_only,already_superseded_in_public,safe_candidate,public_survivor_only
be7f1c9a1f98d4ebaa62460512eaa04720d15d12447cdc01285edfb24377252f,artifacts/generative_llm_validation/crag_quality_risk_guardrail_v2/audit_manifest.json,public_only,already_superseded_in_public,safe_candidate,public_survivor_only
22457e38833cda0adaa0d0d54c7edc16f95e9ff6f75d53ebf98392847d010c92,artifacts/generative_llm_validation/crag_quality_risk_guardrail_v2/heldout_offset_results.csv,public_only,already_superseded_in_public,safe_candidate,public_survivor_only
594822a23a2b32823e406743ce440f339e38a61a4f9e5df3149d52039f232349,artifacts/generative_llm_validation/crag_quality_risk_guardrail_v2/pooled_training_rows.csv,public_only,already_superseded_in_public,safe_candidate,public_survivor_only
a2e7f8248957c3907fbacf1a0a3c7cdff142c67d75c1e3ac74aa5ab7db388f7e,artifacts/generative_llm_validation/crag_quality_risk_guardrail_v2/predictor_rules.csv,public_only,already_superseded_in_public,safe_candidate,public_survivor_only
d5c4db1d426aaba0580a19e217189e7402f3dfe83ff6bb4f9bb2ed663bb38c45,artifacts/generative_llm_validation/crag_quality_risk_guardrail_v2/predictor_rules.json,public_only,already_superseded_in_public,safe_candidate,public_survivor_only
a1f3125c9b5d867592b53edf6e3a10aeb23427a70aa03b17b7464f85112c0241,artifacts/generative_llm_validation/crag_quality_risk_guardrail_v2/primary_outcome_report.md,public_only,already_superseded_in_public,safe_candidate,public_survivor_only
5a640d2a892ea1f3b5bf4bbbcdad19d893b6d9a7cce1c1983151b5bae2e0a7a6,artifacts/generative_llm_validation/crag_quality_risk_guardrail_v2/primary_outcome_statistics.json,public_only,already_superseded_in_public,safe_candidate,public_survivor_only
4e6d1274eb30b3a5f8459fba8e8046e51eac9cdfa985076ee2b3f7f807ca5de8,artifacts/generative_llm_validation/crag_repeat/generative_crag_manifest.json,public_only,already_superseded_in_public,safe_candidate,public_survivor_only
434cf30da93e34d718d0032a23ddbefe6aa85288f8129066d21e2b33c2e2240e,artifacts/generative_llm_validation/crag_repeat/generator_environment_report.md,public_only,already_superseded_in_public,safe_candidate,public_survivor_only
47de0ec925e1b07ec6405d607d8c8e280dfdcb4eaf4dcbc36eb14dfd2db8aa1b,artifacts/generative_llm_validation/crag_repeat/pareto_frontier.csv,public_only,already_superseded_in_public,safe_candidate,public_survivor_only
62fbc393b79ffbffb220cd624fc8e092793a39a5c9d13dc7c872d19de899c66b,artifacts/generative_llm_validation/crag_repeat/per_query_generation_metrics.csv,public_only,already_superseded_in_public,safe_candidate,public_survivor_only
3562892378cef75c23177b599d509a70b300ec1713db92775270579610b2f3fb,artifacts/generative_llm_validation/crag_repeat/policy_summary_metrics.csv,public_only,already_superseded_in_public,safe_candidate,public_survivor_only
9bd6647e2a34fb2cbe4150e4fb72bc181d192fc22d9698f57c69100e25fb0528,artifacts/generative_llm_validation/crag_repeat/primary_outcome_report.md,public_only,already_superseded_in_public,safe_candidate,public_survivor_only
3c53584dfaf39cf8b94ba5b0f06aa41fa5f398592b19b1254ef20c8c6be9d110,artifacts/generative_llm_validation/crag_repeat/primary_outcome_statistics.json,public_only,already_superseded_in_public,safe_candidate,public_survivor_only
36a3a8483f37315123dd54b640fa4ae04b04cf6c80ac3b75b93420562a7dd948,artifacts/generative_llm_validation/crag_repeat/quality_signal_diagnostics.csv,public_only,already_superseded_in_public,safe_candidate,public_survivor_only
9a1ad49f5a5a0b128e8ec486b32778252150ac1084e79271a89ff50b45194aa1,artifacts/generative_llm_validation/crag_repeat/selector_comparison.csv,public_only,already_superseded_in_public,safe_candidate,public_survivor_only
fb99a00c53e645a1c6b5d570d1feb55d8fb045783335129329eb5b2fa4418f7a,artifacts/generative_llm_validation/crag_repeat_offset_36/generative_crag_manifest.json,public_only,already_superseded_in_public,safe_candidate,public_survivor_only
ef7abdf691f2e29ff0cc508392861c0327d940e8103abf64a35f029ec8a9b9ab,artifacts/generative_llm_validation/crag_repeat_offset_36/generator_environment_report.md,public_only,already_superseded_in_public,safe_candidate,public_survivor_only
c65c4bcaeae9b001107ed1b338db0ee2c7f4e5fcac5270f9cb2d21aa007bfbdc,artifacts/generative_llm_validation/crag_repeat_offset_36/pareto_frontier.csv,public_only,already_superseded_in_public,safe_candidate,public_survivor_only
8e65a040eeb44fd9ce46c4a26db0e2d49994898a96f7c3eeb7ca663430542274,artifacts/generative_llm_validation/crag_repeat_offset_36/per_query_generation_metrics.csv,public_only,already_superseded_in_public,safe_candidate,public_survivor_only
e3b8c24e094482cf4f99266198e7d36d88814c6a8e925b3a0f405129655fb262,artifacts/generative_llm_validation/crag_repeat_offset_36/policy_summary_metrics.csv,public_only,already_superseded_in_public,safe_candidate,public_survivor_only
c5612aec0f323301e7d7c7750c24ce47cd3770e29fbc116762e9c72af8da42ad,artifacts/generative_llm_validation/crag_repeat_offset_36/primary_outcome_report.md,public_only,already_superseded_in_public,safe_candidate,public_survivor_only
350ee9b6db46d9f571a72d749c2b9d3d0967e1c4addd8b49da7223176f6d5759,artifacts/generative_llm_validation/crag_repeat_offset_36/primary_outcome_statistics.json,public_only,already_superseded_in_public,safe_candidate,public_survivor_only
30a3ddb83943bc083b1e12c5b6b54a793b763544b64f82a1fbb70bd870587a5c,artifacts/generative_llm_validation/crag_repeat_offset_36/quality_signal_diagnostics.csv,public_only,already_superseded_in_public,safe_candidate,public_survivor_only
4039c3fcbd3d408e0bded216091aa31005af12bed1fc786a3e15e97fbc66f5c0,artifacts/generative_llm_validation/crag_repeat_offset_36/selector_comparison.csv,public_only,already_superseded_in_public,safe_candidate,public_survivor_only
3acf1542fc428250f23d70533e24b317c8014aa688b1e876d7251d0e1e6da3dd,artifacts/generative_llm_validation/crag_repeat_offset_60/generative_crag_manifest.json,public_only,already_superseded_in_public,safe_candidate,public_survivor_only
6629eeab929a367b1393cbb2aea581384ccf9e8358abf458593ff84206886e8c,artifacts/generative_llm_validation/crag_repeat_offset_60/generator_environment_report.md,public_only,already_superseded_in_public,safe_candidate,public_survivor_only
4aa9cf0b5ef072036f1f07b9b33d3283b558e725cdd3a88577877aa27b9b1288,artifacts/generative_llm_validation/crag_repeat_offset_60/pareto_frontier.csv,public_only,already_superseded_in_public,safe_candidate,public_survivor_only
12a3719e83d65d17258b327cf6ca024cd3b0d638209f83dd5216afd8e38550d6,artifacts/generative_llm_validation/crag_repeat_offset_60/per_query_generation_metrics.csv,public_only,already_superseded_in_public,safe_candidate,public_survivor_only
c97c4ba817a2e56530fa746236f098c61914e7a05daba858ccc861cb871823f3,artifacts/generative_llm_validation/crag_repeat_offset_60/policy_summary_metrics.csv,public_only,already_superseded_in_public,safe_candidate,public_survivor_only
8af8e99cee1e18dac887a148450410e8e3ba9e35646e9145070b0987fa5b3fd8,artifacts/generative_llm_validation/crag_repeat_offset_60/primary_outcome_report.md,public_only,already_superseded_in_public,safe_candidate,public_survivor_only
cc28916360e48b93271c02cc4697086a998cba7005db2dec1a211f13171e49e0,artifacts/generative_llm_validation/crag_repeat_offset_60/primary_outcome_statistics.json,public_only,already_superseded_in_public,safe_candidate,public_survivor_only
d65a2abc168b341d138308ac9acfaa8b455ead3e860c1dba6c7a17581a86578f,artifacts/generative_llm_validation/crag_repeat_offset_60/quality_signal_diagnostics.csv,public_only,already_superseded_in_public,safe_candidate,public_survivor_only
0674579efa4196d5e8f5b396acf0f0977bfe024de87700a94e46c28fa92bfbc4,artifacts/generative_llm_validation/crag_repeat_offset_60/selector_comparison.csv,public_only,already_superseded_in_public,safe_candidate,public_survivor_only
761933434f6cacdf55a6129d41c2508aa1c65e6ed3bad025058addf2addad01f,artifacts/generative_llm_validation/crag_second_model_gpt_oss_20b_offset_0/generative_crag_manifest.json,public_only,must_exclude_per_invariant,safe_candidate,public_survivor_only
df1a15fe35472706e7fc27f33d7bbb5469e06069a6c17d2fa19620e21c2d72eb,artifacts/generative_llm_validation/crag_second_model_gpt_oss_20b_offset_0/generator_environment_report.md,public_only,must_exclude_per_invariant,safe_candidate,public_survivor_only
66899b05654630a307e0c9b4435ed93895b20b9c0157c9f5e08b2bf5a2dad4b4,artifacts/generative_llm_validation/crag_second_model_gpt_oss_20b_offset_0/pareto_frontier.csv,public_only,must_exclude_per_invariant,safe_candidate,public_survivor_only
dff585d14de8f927dc152a318d406e76501faf1e5892dcdaeef7f4ceedcef572,artifacts/generative_llm_validation/crag_second_model_gpt_oss_20b_offset_0/per_query_generation_metrics.csv,public_only,must_exclude_per_invariant,safe_candidate,public_survivor_only
27a193df7255338fa896357b75456da58f869703f883e4f8c8d3a5398dc65453,artifacts/generative_llm_validation/crag_second_model_gpt_oss_20b_offset_0/policy_summary_metrics.csv,public_only,must_exclude_per_invariant,safe_candidate,public_survivor_only
8fa463b191a414a106a1529d95f5ec2f842b196740c8b7bb45d4bf60140c7379,artifacts/generative_llm_validation/crag_second_model_gpt_oss_20b_offset_0/primary_outcome_report.md,public_only,must_exclude_per_invariant,safe_candidate,public_survivor_only
be1e3390b799073004df96daa604161488682c97a7af3d5b5439d764a0272a0a,artifacts/generative_llm_validation/crag_second_model_gpt_oss_20b_offset_0/primary_outcome_statistics.json,public_only,must_exclude_per_invariant,safe_candidate,public_survivor_only
5c215f5255edbdd1585fa6d5bde8c26a0d9724aa55010cc4e47eaca3835a434c,artifacts/generative_llm_validation/crag_second_model_gpt_oss_20b_offset_0/quality_signal_diagnostics.csv,public_only,must_exclude_per_invariant,safe_candidate,public_survivor_only
463b3e8d3e3db15908cda294e0ce9a626a692800621a1af12d58f8eec699b816,artifacts/generative_llm_validation/crag_second_model_gpt_oss_20b_offset_0/selector_comparison.csv,public_only,must_exclude_per_invariant,safe_candidate,public_survivor_only
c12dd607ae902db19b9136bbfcfd864981660c617f53edfdf203b24a7871dd95,artifacts/generative_llm_validation/crag_second_model_gpt_oss_20b_offset_24/generative_crag_manifest.json,public_only,must_exclude_per_invariant,safe_candidate,public_survivor_only
27d6fc24e139898454c254b417e7689ea8d0455f626a13137aec8328c2802cd7,artifacts/generative_llm_validation/crag_second_model_gpt_oss_20b_offset_24/generator_environment_report.md,public_only,must_exclude_per_invariant,safe_candidate,public_survivor_only
af00b74c455a1a9978b4c16b3c7f8dc45345f47fef35cff74891f0d747895571,artifacts/generative_llm_validation/crag_second_model_gpt_oss_20b_offset_24/pareto_frontier.csv,public_only,must_exclude_per_invariant,safe_candidate,public_survivor_only
a4f41cf5266087d63003e98e7c09f63fbe433f39a92d1a85badae114ec531c41,artifacts/generative_llm_validation/crag_second_model_gpt_oss_20b_offset_24/per_query_generation_metrics.csv,public_only,must_exclude_per_invariant,safe_candidate,public_survivor_only
4654fd2b11c8adc9f139bb56cb54269b0069060562798fff3f9645570a83a093,artifacts/generative_llm_validation/crag_second_model_gpt_oss_20b_offset_24/policy_summary_metrics.csv,public_only,must_exclude_per_invariant,safe_candidate,public_survivor_only
964e12465dc522e42a47f3803498017847b538c88585674beea53ac7ac9aea7d,artifacts/generative_llm_validation/crag_second_model_gpt_oss_20b_offset_24/primary_outcome_report.md,public_only,must_exclude_per_invariant,safe_candidate,public_survivor_only
d0116456ad81e8a3d605b73ad82cede5f2c949d8ec35aaf1f092e5cf32a2a666,artifacts/generative_llm_validation/crag_second_model_gpt_oss_20b_offset_24/primary_outcome_statistics.json,public_only,must_exclude_per_invariant,safe_candidate,public_survivor_only
9d98d5d011ff588040bb25b8a8854038d9c0479316e345871d3acd20ecae4f7d,artifacts/generative_llm_validation/crag_second_model_gpt_oss_20b_offset_24/quality_signal_diagnostics.csv,public_only,must_exclude_per_invariant,safe_candidate,public_survivor_only
eb69c0da73b8e4c8ec95bc68194dfc749c0ae687e32342ec22ab528f2d02ccf1,artifacts/generative_llm_validation/crag_second_model_gpt_oss_20b_offset_24/selector_comparison.csv,public_only,must_exclude_per_invariant,safe_candidate,public_survivor_only
e554366eb9febb39aaa57735b7012354d43fccac2c69d241194d720e39ca4af1,artifacts/generative_llm_validation/crag_second_model_gpt_oss_20b_offset_36/generative_crag_manifest.json,public_only,must_exclude_per_invariant,safe_candidate,public_survivor_only
373fec8e0e741bef40384981479ea72cd0d34446d8254c0ecf91327e4236e048,artifacts/generative_llm_validation/crag_second_model_gpt_oss_20b_offset_36/generator_environment_report.md,public_only,must_exclude_per_invariant,safe_candidate,public_survivor_only
ac3f4cece2dc127f1a51af2a5a434c3a5f7aac15c0aab34cb58ca14fb2853237,artifacts/generative_llm_validation/crag_second_model_gpt_oss_20b_offset_36/pareto_frontier.csv,public_only,must_exclude_per_invariant,safe_candidate,public_survivor_only
c750829220f89057376371c18a12e55b43dd49763e0e834548e8747739a204cd,artifacts/generative_llm_validation/crag_second_model_gpt_oss_20b_offset_36/per_query_generation_metrics.csv,public_only,must_exclude_per_invariant,safe_candidate,public_survivor_only
a474f9ea2cad3955d6df66f8e44a6701dc4b8a08bb7bd2679f35d100fe9298a7,artifacts/generative_llm_validation/crag_second_model_gpt_oss_20b_offset_36/policy_summary_metrics.csv,public_only,must_exclude_per_invariant,safe_candidate,public_survivor_only
7dae77ae58495e23f735eca8d470261625adbc68392c507efd91c20e879b0103,artifacts/generative_llm_validation/crag_second_model_gpt_oss_20b_offset_36/primary_outcome_report.md,public_only,must_exclude_per_invariant,safe_candidate,public_survivor_only
4abec89f047fce00ad65c474c6599b6a1598201a174bd048fd54d85174ff8532,artifacts/generative_llm_validation/crag_second_model_gpt_oss_20b_offset_36/primary_outcome_statistics.json,public_only,must_exclude_per_invariant,safe_candidate,public_survivor_only
edd6042a3bed52b909c23b79f70ed4a0a5154c59093656e6226df7b1d3a34fdf,artifacts/generative_llm_validation/crag_second_model_gpt_oss_20b_offset_36/quality_signal_diagnostics.csv,public_only,must_exclude_per_invariant,safe_candidate,public_survivor_only
9bc3ee2343010f79e16e857ac9405e60399e9d234a92622b1cc830feafa12454,artifacts/generative_llm_validation/crag_second_model_gpt_oss_20b_offset_36/selector_comparison.csv,public_only,must_exclude_per_invariant,safe_candidate,public_survivor_only
610a13678fe22ec0f627d3ed10d9ba94bfa0ba6299289bdc9a6ce0b001fcdaae,artifacts/generative_llm_validation/crag_second_model_gpt_oss_20b_offset_60/generative_crag_manifest.json,public_only,must_exclude_per_invariant,safe_candidate,public_survivor_only
34a000b2d29bf232074733bd3f116af997a9c9ed692391c43475becdde1a2ea2,artifacts/generative_llm_validation/crag_second_model_gpt_oss_20b_offset_60/generator_environment_report.md,public_only,must_exclude_per_invariant,safe_candidate,public_survivor_only
f706161702f87f5219b0b8c40f8d407df91977b3b077389c7f3bade9f8f0323a,artifacts/generative_llm_validation/crag_second_model_gpt_oss_20b_offset_60/pareto_frontier.csv,public_only,must_exclude_per_invariant,safe_candidate,public_survivor_only
fc841d253c3468e80fa7003ba9a6374270bd171473b546cf5f463488fff2f47f,artifacts/generative_llm_validation/crag_second_model_gpt_oss_20b_offset_60/per_query_generation_metrics.csv,public_only,must_exclude_per_invariant,safe_candidate,public_survivor_only
ba9c2aec5884685bb821bb3d1ba87663f2ba0568bfa12e97e1c90e5521a972c0,artifacts/generative_llm_validation/crag_second_model_gpt_oss_20b_offset_60/policy_summary_metrics.csv,public_only,must_exclude_per_invariant,safe_candidate,public_survivor_only
864957e4a24afbc0a24aeb89ca31be1a44fa30d3917b538e4b747e8e153f22c5,artifacts/generative_llm_validation/crag_second_model_gpt_oss_20b_offset_60/primary_outcome_report.md,public_only,must_exclude_per_invariant,safe_candidate,public_survivor_only
3c900835f74c8efffffa56b44ba2c48cf4304be081a0f79b8b528d8a0e67e6ba,artifacts/generative_llm_validation/crag_second_model_gpt_oss_20b_offset_60/primary_outcome_statistics.json,public_only,must_exclude_per_invariant,safe_candidate,public_survivor_only
638e40fcf2b16d498c4a3d9b7f896af3cdb2ac5edba8c587b2565fad92214c30,artifacts/generative_llm_validation/crag_second_model_gpt_oss_20b_offset_60/quality_signal_diagnostics.csv,public_only,must_exclude_per_invariant,safe_candidate,public_survivor_only
c840ab8c4714c8ee24dc7b3570d4f9778af7b3a2309e152b52a087add1c82f46,artifacts/generative_llm_validation/crag_second_model_gpt_oss_20b_offset_60/selector_comparison.csv,public_only,must_exclude_per_invariant,safe_candidate,public_survivor_only
25a881facfae345cef01a886e02d4d097d6b9c74942f381cb3568917541c7142,artifacts/generative_llm_validation/hotpotqa/generative_hotpotqa_manifest.json,public_only,already_superseded_in_public,safe_candidate,public_survivor_only
58dbe2c8d7cb44f8b223f4ea19db86a9f1f3593ba2b70fda0dac37ef83a39f53,artifacts/generative_llm_validation/hotpotqa/generator_environment_report.md,public_only,already_superseded_in_public,safe_candidate,public_survivor_only
0838aa92e6f830924cf709cc27b8a93f72a21f7adb0d115b584e5fb1feb32ebc,artifacts/generative_llm_validation/hotpotqa/pareto_frontier.csv,public_only,already_superseded_in_public,safe_candidate,public_survivor_only
33a3360589839a24c84eba90f5716b321bea4588e93a3e22f0f378241bdf3de8,artifacts/generative_llm_validation/hotpotqa/per_query_generation_metrics.csv,public_only,already_superseded_in_public,safe_candidate,public_survivor_only
ee5b98390afc876d391ce8aa6363b3be0f1df155f179e324eeca22ed1fef090d,artifacts/generative_llm_validation/hotpotqa/policy_summary_metrics.csv,public_only,already_superseded_in_public,safe_candidate,public_survivor_only
85259cf062a833d21622805feef59c38f64759afa643e09f7aa92fa347597152,artifacts/generative_llm_validation/hotpotqa/primary_outcome_report.md,public_only,already_superseded_in_public,safe_candidate,public_survivor_only
1cc1216116711dd88e9f396a4aa745e546add633fc9b5eeba6dffc4a8e83f6c1,artifacts/generative_llm_validation/hotpotqa/primary_outcome_statistics.json,public_only,already_superseded_in_public,safe_candidate,public_survivor_only
454a9cc41c71731743a9dd74bdba82ed06d02113b7cadd71fe1ff34babfa5ff8,artifacts/generative_llm_validation/hotpotqa/quality_signal_diagnostics.csv,public_only,already_superseded_in_public,safe_candidate,public_survivor_only
c542288c345f425db45406eb8f50535d019f906d5a0c94347dbb8d4d78d2ae73,artifacts/generative_llm_validation/hotpotqa/selector_comparison.csv,public_only,already_superseded_in_public,safe_candidate,public_survivor_only
2f543ad49af9ddb161fed9268e15c9441b0ca8f882ad91ee54cb96a382dc5db4,artifacts/generative_llm_validation/hotpotqa_quality_signal_audit/audit_manifest.json,public_only,already_superseded_in_public,safe_candidate,public_survivor_only
e721dedbe893b3fb665404a68afc9883f86b51af235a9d28968a82f359f776bf,artifacts/generative_llm_validation/hotpotqa_quality_signal_audit/generative_hotpotqa_manifest.json,public_only,already_superseded_in_public,safe_candidate,public_survivor_only
36227f049d5a2919323dbd6c2e43640f88789e3d3c7c1ab12dee54bb08691986,artifacts/generative_llm_validation/hotpotqa_quality_signal_audit/generator_environment_report.md,public_only,already_superseded_in_public,safe_candidate,public_survivor_only
d982c0658ece8aea9c745f833fab6aff23c7d4b1738bfb1fdc1f9aff81def43c,artifacts/generative_llm_validation/hotpotqa_quality_signal_audit/pareto_frontier.csv,public_only,already_superseded_in_public,safe_candidate,public_survivor_only
2594b01ef6231f93b8f4061d029ff24eb3f5514ba732ab851547b9a9f3aad2b3,artifacts/generative_llm_validation/hotpotqa_quality_signal_audit/per_query_generation_metrics.csv,public_only,already_superseded_in_public,safe_candidate,public_survivor_only
6207641878e4634e4552e9d3816bae0f98cc3d60410a2a9b2750243bedb2b0a7,artifacts/generative_llm_validation/hotpotqa_quality_signal_audit/policy_summary_metrics.csv,public_only,already_superseded_in_public,safe_candidate,public_survivor_only
7f6f78722f319038b78fc56ee18c23a6a365169de2d5c0718abddabf0309a3b3,artifacts/generative_llm_validation/hotpotqa_quality_signal_audit/primary_outcome_report.md,public_only,already_superseded_in_public,safe_candidate,public_survivor_only
a397ef7ea2baf4015829dcad61359972c67423f8b1eceb63afe5f9bb9dac3cc4,artifacts/generative_llm_validation/hotpotqa_quality_signal_audit/primary_outcome_statistics.json,public_only,already_superseded_in_public,safe_candidate,public_survivor_only
a720e46d23cf38e6a5650f8b358c0bea15a8f95fbfbf7c9be57705b9e33070da,artifacts/generative_llm_validation/hotpotqa_quality_signal_audit/quality_signal_audit_report.md,public_only,already_superseded_in_public,safe_candidate,public_survivor_only
89e6a0d6baaa1db44e4cfd54d1505095477b1553403cf4e1231e5e72e3d212ec,artifacts/generative_llm_validation/hotpotqa_quality_signal_audit/quality_signal_diagnostics.csv,public_only,already_superseded_in_public,safe_candidate,public_survivor_only
aa330cf45a94aba65896d186e98e80d4944a7ff6ff9fc3baad6548b689d41443,artifacts/generative_llm_validation/hotpotqa_quality_signal_audit/selector_comparison.csv,public_only,already_superseded_in_public,safe_candidate,public_survivor_only
4d0c9dc7d9a08947a4bbb478e1ae41cc29494b6252f10125b3cb24429f5f2896,artifacts/hotpotqa_behavioral_governance/behavioral_distinction_matrix.csv,public_only,already_superseded_in_public,safe_candidate,public_survivor_only
f19620fc8087263278a776451d3b9d9c74f324fd0dc83507e876d83e4799bb76,artifacts/hotpotqa_behavioral_governance/hotpotqa_acquisition_manifest.json,public_only,already_superseded_in_public,safe_candidate,public_survivor_only
88a9ff6f1f73c0d4e1bd1507722b41744049d2c287f12a88954bd44cc057ff31,artifacts/hotpotqa_behavioral_governance/hotpotqa_license_report.md,public_only,already_superseded_in_public,safe_candidate,public_survivor_only
7a29bfee4c9cad268196962ef4b498685ea3bbf71e5ed22c387a204186d9bbe8,artifacts/hotpotqa_behavioral_governance/hotpotqa_quality_measurement_report.md,public_only,already_superseded_in_public,safe_candidate,public_survivor_only
9d1a1263ae9719d4c27220f2a49995f0174759826b5ca30a09e309e856389508,artifacts/hotpotqa_behavioral_governance/hotpotqa_split_manifest.json,public_only,already_superseded_in_public,safe_candidate,public_survivor_only
ce6d14b05e802fd0102584f86d0ea5a43f1516f5a1d891073e56d893758cf926,artifacts/hotpotqa_behavioral_governance/pareto_frontier.csv,public_only,already_superseded_in_public,safe_candidate,public_survivor_only
0ca9f912c671b2370d5a9e34690d8962a1253a3c2d5c89ca796a1be9608ccb84,artifacts/hotpotqa_behavioral_governance/per_query_policy_results.csv,public_only,already_superseded_in_public,safe_candidate,public_survivor_only
b398327657b99e6d1034a274c7eacd0eaac2ef581c151e0fb4cd73644c217408,artifacts/hotpotqa_behavioral_governance/policy_summary_metrics.csv,public_only,already_superseded_in_public,safe_candidate,public_survivor_only
6774a519fa36cc2b0489f19636251f9c79e8635695b33ee8a8b84e12953d9992,artifacts/hotpotqa_behavioral_governance/primary_outcome_report.md,public_only,already_superseded_in_public,safe_candidate,public_survivor_only
b819d2bc20cbb4ce6dbfa324ce787c20af5bbca601b139c76181e21d7b49185c,artifacts/hotpotqa_behavioral_governance/primary_outcome_statistics.json,public_only,already_superseded_in_public,safe_candidate,public_survivor_only
ed93c31ede526c7104b7ecfdfefdf931cd9aeef7f01f928d0cbbeaef982db50b,artifacts/hotpotqa_behavioral_governance/selector_comparison.csv,public_only,already_superseded_in_public,safe_candidate,public_survivor_only
03c0dbf129fe3a5084b90d97710eb1ad42c255b1ebf65e4882f632b32c15888b,artifacts/hotpotqa_behavioral_governance/split_manifest.json,public_only,already_superseded_in_public,safe_candidate,public_survivor_only
3a7ccb559b2723f5ef48d84e985df2a02b3b8711c7456e6431609be5a2e6bd76,artifacts/hotpotqa_quality_signal_audit_v2/audit_manifest.json,public_only,already_superseded_in_public,safe_candidate,public_survivor_only
62db31d8780ec68484b1a4652729d4c2aec44b372df2ccfda10ce725b015ca39,artifacts/hotpotqa_quality_signal_audit_v2/audit_report.md,public_only,already_superseded_in_public,safe_candidate,public_survivor_only
bd370c5e647f3a33a61e3ce3c2f25badedcf19baca6c4989620469c9246b121c,artifacts/hotpotqa_quality_signal_audit_v2/policy_summary_metrics.csv,public_only,already_superseded_in_public,safe_candidate,public_survivor_only
c131ce0bce197e57e9b539e4942fb892ba279a784982d82bee39420cb1324bcc,artifacts/hotpotqa_quality_signal_audit_v2/primary_outcome_statistics.json,public_only,already_superseded_in_public,safe_candidate,public_survivor_only
cf4d3d8f01fa73b6f9febe2ab2db167b807b25f5f8611ffb3c5524e6e93eddb5,artifacts/hotpotqa_quality_signal_audit_v2/quality_signal_diagnostics.csv,public_only,already_superseded_in_public,safe_candidate,public_survivor_only
61d431d63e442df4a542a2ba5ae5b7ca27a5794c9e874dc5107d83a4f6e3da6b,artifacts/public_mini_governance_job/environment_inspection.json,public_only,already_superseded_in_public,safe_candidate,public_survivor_only
f3695ee6684b8331125aeb9ef9789171e2f4c3ac989f7d7c03b072dacd09058a,artifacts/public_mini_governance_job/promotion_decision.json,public_only,already_superseded_in_public,safe_candidate,public_survivor_only
613655ea6f88febb3967c59522cc28b2b44a0043a93a75dfdf620c16896081a7,artifacts/public_mini_governance_job/public_mini_reproduction/mini_reproduction_manifest.json,public_only,already_superseded_in_public,safe_candidate,public_survivor_only
adcee9446e4207454f5abbc2193981ee5a40b0758e9c6b53256b97c0be929645,artifacts/public_mini_governance_job/public_mini_reproduction/per_query_policy_results.csv,public_only,already_superseded_in_public,safe_candidate,public_survivor_only
1530aa4fa950a66d244d82cf0c019673e8d4fca148f368bac29ce4784c78a122,artifacts/public_mini_governance_job/public_mini_reproduction/policy_summary_metrics.csv,public_only,already_superseded_in_public,safe_candidate,public_survivor_only
52fd21310056482d3e193f57387539a09aa4c5db6a1cddde1a72cf872a4d383a,artifacts/public_mini_governance_job/public_mini_reproduction/primary_outcome_report.md,public_only,already_superseded_in_public,safe_candidate,public_survivor_only
c1cb4299058560a44485a54544c9d92ac96460a5663d2f9a239e5d94a110e92f,artifacts/public_mini_governance_job/public_mini_reproduction/primary_outcome_statistics.json,public_only,already_superseded_in_public,safe_candidate,public_survivor_only
36fc10d4505a8dcdd9b39412212a48e889e58d236c270be422925d834de612c6,artifacts/public_mini_governance_job/public_mini_reproduction/selector_comparison.csv,public_only,already_superseded_in_public,safe_candidate,public_survivor_only
8ad619660d3514371aca5a99bcce503ef1cd2c3975464fad5b400b8315d66b3b,artifacts/public_mini_governance_job/run_manifest.json,public_only,already_superseded_in_public,safe_candidate,public_survivor_only
cf043236f7949f6bbd97272c3eee1f48cc9448be770dcff50de2f0fa35b54cb4,artifacts/public_mini_governance_job/validation_report.json,public_only,already_superseded_in_public,safe_candidate,public_survivor_only
5b785cefca8a67482b3772770de2ec02146194ce1e93e5e58b939074ea939d91,artifacts/public_mini_governance_job/validation_report.md,public_only,already_superseded_in_public,safe_candidate,public_survivor_only
49fefcb993881f036b9858246adae603198760ee7e3e111bd4c999e81efdb347,artifacts/public_mini_reproduction/mini_reproduction_manifest.json,public_only,already_superseded_in_public,safe_candidate,public_survivor_only
e49b7bc072f935bc0fa6190ca98ee3842bf9945b8626bf5d0f55af36d8ee1395,artifacts/public_mini_reproduction/per_query_policy_results.csv,public_only,already_superseded_in_public,safe_candidate,public_survivor_only
765418a0cb2054bf38915b64fd7799f1181fec15f9ab4761e925a58f3807f5be,artifacts/public_mini_reproduction/policy_summary_metrics.csv,public_only,already_superseded_in_public,safe_candidate,public_survivor_only
0399e73318af71f5a58974fe0c2fd1eda39b9322522dcb997169eea34755dd78,artifacts/public_mini_reproduction/primary_outcome_report.md,public_only,already_superseded_in_public,safe_candidate,public_survivor_only
2f660b26bd924f89210032eabbbdd5f1d0527305961ee26dc120c27e8d14a729,artifacts/public_mini_reproduction/primary_outcome_statistics.json,public_only,already_superseded_in_public,safe_candidate,public_survivor_only
8b3cf771e726bda7c5c75c70cdeb8a00df78ec57605d189c8b82faa19389d233,artifacts/public_mini_reproduction/selector_comparison.csv,public_only,already_superseded_in_public,safe_candidate,public_survivor_only
07960a05c422a9e44f9826750a905199db955f66a50b651b54305ea6b038ae81,artifacts/quality_measurement/per_query_quality_components.csv,public_only,already_superseded_in_public,safe_candidate,public_survivor_only
23e11d5bacb193fd23246bdfda94053c4d6994f5da8f496de8d8f5e8ede5b922,artifacts/quality_measurement/quality_calibration_report.md,public_only,already_superseded_in_public,safe_candidate,public_survivor_only
006c3893db04eeebba8c0469dceb85c6dd247e0e00a2dd7846ad7b2bd72c68e4,artifacts/quality_measurement/quality_component_config.yaml,public_only,already_superseded_in_public,safe_candidate,public_survivor_only
d495f768e30465ba2b0feda98088f50604f21d0b3b064db394ca32b2562f365b,artifacts/quality_measurement/quality_measurement_manifest.json,public_only,already_superseded_in_public,safe_candidate,public_survivor_only
8f27e8a11891f337d50c9da092343039852df31545c9226ac8df694261e95153,artifacts/quality_measurement/quality_measurement_result.json,public_only,already_superseded_in_public,safe_candidate,public_survivor_only
4fe9aae494e6c25f933c4cd724ad32d2308491d3a44c0ff04e73a11885ba7ac4,artifacts/release_candidate/v0.1.0-rc1/release_candidate_manifest.json,public_only,already_superseded_in_public,safe_candidate,public_survivor_only
b4f37b71684be000b44eab98409f69dc6ad4b93a43924c65a35e1aa0c6625ed0,artifacts/release_candidate/v0.1.0-rc1/release_checksums.sha256,public_only,already_superseded_in_public,safe_candidate,public_survivor_only
8f3399b4b0709e92cea94da353187b0ec6879f8bfbd6fa8ab5db0a5720d5ad00,artifacts/release_candidate/v0.1.0-rc1/release_file_manifest.csv,public_only,already_superseded_in_public,safe_candidate,public_survivor_only
10a41332d6f064143557ed5296afa75dc8bb4fe9dc344fad2dbe1f1d1887624a,artifacts/release_candidate/v0.1.0-rc1/release_validation_report.md,public_only,already_superseded_in_public,safe_candidate,public_survivor_only
c8fe7cb2a48c7062fe35f963993622cdcda20fb17e94bccfe2ef1b05a3feea51,artifacts/selected_run_summaries/packages/crag_mock_api_hardening_phase_package_v1_20260809-181136.json,different,must_exclude_per_invariant,must_exclude,private_path_like_pattern
ce725093a9ea6535804b5cc8cb14b801d0e19219b33f88896e6f7fc62ff37b16,artifacts/selected_run_summaries/packages/crag_mock_api_hardening_phase_package_v1_20260809-181317.json,different,must_exclude_per_invariant,must_exclude,private_path_like_pattern
dc7453ab6990241397ce2c61ef36331f61c40f9227b7f6a71657bb5a68326b36,artifacts/selected_run_summaries/runs/ragwarrant_beneficial_governance_divergence_search_v1_20260809-170326-3dbd620301/run_manifest.json,different,already_superseded_in_public,safe_candidate,no_blocking_pattern_in_sample
33b6ffd49a5f90e85e33a28526b43f43e48cf941caad15e6aa050838b59fc59f,artifacts/selected_run_summaries/runs/ragwarrant_crag_mock_api_ablation_v1_20260809-174530-9fc15ace19/run_manifest.json,different,already_superseded_in_public,safe_candidate,no_blocking_pattern_in_sample
1f554394c1b2b124d5623bfada22c7dfbd66bb301dd19a17b85762d0b271219c,artifacts/selected_run_summaries/runs/ragwarrant_crag_mock_api_case_explanation_pack_v1_20260809-174530-2c68f91651/crag_mock_api_case_packets.json,different,already_superseded_in_public,needs_manual_review,raw_text_field_or_prompt_pattern
9d86ac38b5b01e86f908ee27fff902018f36318fe4bca280009dbeb76890b37d,artifacts/selected_run_summaries/runs/ragwarrant_crag_mock_api_case_explanation_pack_v1_20260809-174530-2c68f91651/crag_mock_api_case_packets.md,different,already_superseded_in_public,safe_candidate,no_blocking_pattern_in_sample
14e9ef1fe41d903eeadec315eaa7f1c70899d914a0bfcf8ff911d004d7e524bf,artifacts/selected_run_summaries/runs/ragwarrant_crag_mock_api_case_explanation_pack_v1_20260809-174530-2c68f91651/crag_mock_api_technical_case_pack.md,different,already_superseded_in_public,safe_candidate,no_blocking_pattern_in_sample
d643ad66f763966332c9b19f78daed880146161b2264081d1980496087ae96a2,artifacts/selected_run_summaries/runs/ragwarrant_crag_mock_api_case_explanation_pack_v1_20260809-174530-2c68f91651/run_manifest.json,different,already_superseded_in_public,safe_candidate,no_blocking_pattern_in_sample
a8e68a1edd55f42f61d1a01bf53b0c1db54b1b2b0fa5b20a79f7b618808e51db,artifacts/selected_run_summaries/runs/ragwarrant_crag_mock_api_docker_reproduction_v1_20260809-180013-afbd193043/input_config.yaml,different,must_exclude_per_invariant,must_exclude,private_path_like_pattern
73e950d600671248b32e6d51e553f467b3be387cc03180ba4687d4cf1c0d42ef,artifacts/selected_run_summaries/runs/ragwarrant_crag_mock_api_docker_reproduction_v1_20260809-180046-afbd193043/crag_mock_api_docker_reproduction_manifest.json,different,must_exclude_per_invariant,must_exclude,private_path_like_pattern
6233fb7bba7cae326e5e73704621c416bb5362e79a9a3d2b2c1cc692efa838f5,artifacts/selected_run_summaries/runs/ragwarrant_crag_mock_api_docker_reproduction_v1_20260809-180046-afbd193043/docker_build_report.json,different,must_exclude_per_invariant,must_exclude,private_path_like_pattern
b18bb2fa30469e0fc4691c039a3a4bbea827563d0d5b7c0baba78f3c72ddc2b2,artifacts/selected_run_summaries/runs/ragwarrant_crag_mock_api_docker_reproduction_v1_20260809-180046-afbd193043/docker_mock_api_server_report.json,different,must_exclude_per_invariant,must_exclude,private_path_like_pattern
9723a9269b67faa9d3682c3f95574a6c02bcd06b462f42c64d8c13d783bdb5aa,artifacts/selected_run_summaries/runs/ragwarrant_crag_mock_api_docker_reproduction_v1_20260809-180046-afbd193043/docker_parent_comparison.json,different,must_exclude_per_invariant,must_exclude,private_path_like_pattern
170befe27f8260c6a222c36a3dde721db9a9ba814a71e4a39b52a85dafdae733,artifacts/selected_run_summaries/runs/ragwarrant_crag_mock_api_docker_reproduction_v1_20260809-180046-afbd193043/docker_reproduction_result.json,different,must_exclude_per_invariant,must_exclude,private_path_like_pattern
e96b8b2ac60dabc352d933d385081ae894b86ccc518a0bd8009e36e58ed141ce,artifacts/selected_run_summaries/runs/ragwarrant_crag_mock_api_docker_reproduction_v1_20260809-180046-afbd193043/docker_validation_run_manifest.json,different,must_exclude_per_invariant,must_exclude,private_path_like_pattern
afdfc63167ac0079d2badb1c4277300633294850a66048cc25695afa768b01d4,artifacts/selected_run_summaries/runs/ragwarrant_crag_mock_api_docker_reproduction_v1_20260809-180046-afbd193043/input_config.yaml,different,must_exclude_per_invariant,must_exclude,private_path_like_pattern
9c164b3c3e671b5cbcef1381b7ac13079101b0275956d79d09080fed0daf53b6,artifacts/selected_run_summaries/runs/ragwarrant_crag_mock_api_docker_reproduction_v1_20260809-180046-afbd193043/run_manifest.json,different,already_superseded_in_public,safe_candidate,no_blocking_pattern_in_sample
8f26b475c6f6451d5c6c4ffec6e61fe3394f8e13023733ea1763385957479d86,artifacts/selected_run_summaries/runs/ragwarrant_crag_mock_api_evidence_synthesis_v1_20260809-180106-feec0b5d7f/cross_run_evidence_summary.json,different,must_exclude_per_invariant,must_exclude,private_path_like_pattern
748fa367f3d5dd881432fc0360104b42736d6ca6848d12cd769681b42ccfe548,artifacts/selected_run_summaries/runs/ragwarrant_crag_mock_api_evidence_synthesis_v1_20260809-180106-feec0b5d7f/run_manifest.json,different,already_superseded_in_public,safe_candidate,no_blocking_pattern_in_sample
b190e70ce17b2a8ad47a8f60c50d15a067838adf4f039b0a00b871e2e36a0475,artifacts/selected_run_summaries/runs/ragwarrant_crag_mock_api_repeat_validation_v1_20260809-174530-3685275f39/run_manifest.json,different,already_superseded_in_public,safe_candidate,no_blocking_pattern_in_sample
75edb76119b6737a88c5ee39f7919aca633259dc5b7bcc33ddfa09129885bbdf,artifacts/selected_run_summaries/runs/ragwarrant_crag_mock_api_validation_v1_20260809-162440-92d8c0edd4/crag_mock_api_domain_task_sample.csv,different,already_superseded_in_public,safe_candidate,no_blocking_pattern_in_sample
83ed7fc06aeb2ae018a70325b5d20f5463ad55323b42036c86fd3e544f506abf,artifacts/selected_run_summaries/runs/ragwarrant_crag_mock_api_validation_v1_20260809-162440-92d8c0edd4/crag_mock_api_validation_freeze_manifest.json,different,must_exclude_per_invariant,must_exclude,private_path_like_pattern
d88373e940f3b20f1b1acbd32fa59a643f2307addecd7d82405f925f0eb34246,artifacts/selected_run_summaries/runs/ragwarrant_crag_mock_api_validation_v1_20260809-162440-92d8c0edd4/crag_mock_api_validation_manifest.json,different,must_exclude_per_invariant,must_exclude,private_path_like_pattern
a538adcfea94d253ae7e2a144b21cdc1813eb240e12bd071b735fd538a364f7c,artifacts/selected_run_summaries/runs/ragwarrant_crag_mock_api_validation_v1_20260809-162440-92d8c0edd4/input_config.yaml,different,must_exclude_per_invariant,must_exclude,private_path_like_pattern
c3a337d13a6797c2cbd30a53626fd2d599a244384b622530e74b3c46690facee,artifacts/selected_run_summaries/runs/ragwarrant_crag_mock_api_validation_v1_20260809-162440-92d8c0edd4/run_manifest.json,different,already_superseded_in_public,safe_candidate,no_blocking_pattern_in_sample
6939133ef5ae2a1ece1714e0d11aa62ae15ce027889cb2259764bb1af70c244d,artifacts/selected_run_summaries/runs/ragwarrant_crag_mock_api_validation_v1_20260809-164913-92d8c0edd4/crag_mock_api_domain_task_sample.csv,different,already_superseded_in_public,safe_candidate,no_blocking_pattern_in_sample
530deead02c1d85e50a6dd518f725f89ff9706a357e875a0b87313ac363c6706,artifacts/selected_run_summaries/runs/ragwarrant_crag_mock_api_validation_v1_20260809-164913-92d8c0edd4/crag_mock_api_validation_freeze_manifest.json,different,must_exclude_per_invariant,must_exclude,private_path_like_pattern
f5df4fb90a2970ec8c1d2fc89c41942439111141c51527cf5c35be7abd6944fd,artifacts/selected_run_summaries/runs/ragwarrant_crag_mock_api_validation_v1_20260809-164913-92d8c0edd4/crag_mock_api_validation_manifest.json,different,must_exclude_per_invariant,must_exclude,private_path_like_pattern
2b94a526496437312e7904056befbb9431f212c4479e6b622fe11fdced34c050,artifacts/selected_run_summaries/runs/ragwarrant_crag_mock_api_validation_v1_20260809-164913-92d8c0edd4/input_config.yaml,different,must_exclude_per_invariant,must_exclude,private_path_like_pattern
ae472b790a7a823ee788e780b10c2b11d5b4f76568c5230cf3413f4eaeaafc07,artifacts/selected_run_summaries/runs/ragwarrant_crag_mock_api_validation_v1_20260809-164913-92d8c0edd4/run_manifest.json,different,already_superseded_in_public,safe_candidate,no_blocking_pattern_in_sample
e5016a187c9e8083b616138873f25711d0fca66246265bcdd4673751c556eea0,artifacts/selected_run_summaries/runs/ragwarrant_crag_mock_api_validation_v1_20260809-165415-92d8c0edd4/crag_mock_api_domain_task_sample.csv,different,already_superseded_in_public,safe_candidate,no_blocking_pattern_in_sample
0b55666759886434fed6d95d42ca02c37d7b05621243ca2f3044a461dcf53d09,artifacts/selected_run_summaries/runs/ragwarrant_crag_mock_api_validation_v1_20260809-165415-92d8c0edd4/crag_mock_api_validation_freeze_manifest.json,different,must_exclude_per_invariant,must_exclude,private_path_like_pattern
2a06d3d16f7d1c26f989e7d9f85edc0a315fa3ae74a6306a063f02e0ce4159ea,artifacts/selected_run_summaries/runs/ragwarrant_crag_mock_api_validation_v1_20260809-165415-92d8c0edd4/crag_mock_api_validation_manifest.json,different,must_exclude_per_invariant,must_exclude,private_path_like_pattern
f8fae438ea1c2f99e16522c50f3105a4238b36d1d0c690c0f03c590c597bf77c,artifacts/selected_run_summaries/runs/ragwarrant_crag_mock_api_validation_v1_20260809-165415-92d8c0edd4/input_config.yaml,different,must_exclude_per_invariant,must_exclude,private_path_like_pattern
2b25ac4873f77f231d1c30f6640fa0d41639b828670312dea4eab3f28deb5709,artifacts/selected_run_summaries/runs/ragwarrant_crag_mock_api_validation_v1_20260809-165415-92d8c0edd4/run_manifest.json,different,already_superseded_in_public,safe_candidate,no_blocking_pattern_in_sample
3351b102ed10c16bdf926af863279fdb98f9ca105e9bc75101bfab99a71b4448,artifacts/selected_run_summaries/runs/ragwarrant_crag_mock_api_validation_v1_20260809-174919-7cf1da20ed/no_overwrite_audit.json,different,must_exclude_per_invariant,must_exclude,private_path_like_pattern
3b270ca7552997db0dcc2201e5e2aa9c4e88a051111f2688b0a64f4b2e36ab23,artifacts/selected_run_summaries/runs/ragwarrant_crag_mock_api_validation_v1_20260809-174919-7cf1da20ed/run_manifest.json,different,must_exclude_per_invariant,must_exclude,private_path_like_pattern
c8eb875e4276be4fc2bcff2b3a7a2226f9b8acee6db9ac294f21beb4b5f1a779,artifacts/selected_run_summaries/runs/ragwarrant_human_eval_pilot_v4_20260809-170222-04e5da91fa/run_manifest.json,different,already_superseded_in_public,safe_candidate,no_blocking_pattern_in_sample
e572040bee54a0cb833cfd8b9524257eb5abad11789b05bf2f1938b6dcb19695,artifacts/selected_run_summaries/runs/ragwarrant_human_eval_pilot_v4_20260809-170327-04e5da91fa/run_manifest.json,different,already_superseded_in_public,safe_candidate,no_blocking_pattern_in_sample
37eb05f210bdc0245b2715806db68b35e8bb2d073bc6adbacb7c86ca218e90a2,artifacts/selected_run_summaries/runs/ragwarrant_natural_divergence_adjudication_v1_20260809-170222-f5dacc1eb1/natural_divergence_adjudication_manifest.json,different,must_exclude_per_invariant,must_exclude,private_path_like_pattern
fdc64bfd09b2abb8d4daa4b1209bfafa7af1cde3409e27c1acab0770c152d673,artifacts/selected_run_summaries/runs/ragwarrant_natural_divergence_adjudication_v1_20260809-170222-f5dacc1eb1/run_manifest.json,different,already_superseded_in_public,safe_candidate,no_blocking_pattern_in_sample
d54caea8157d8687d3febf24a9f29dca655c00358d043f6e61a47a6dda5f4bfd,artifacts/selected_run_summaries/runs/ragwarrant_natural_divergence_adjudication_v1_20260809-170326-f5dacc1eb1/natural_divergence_adjudication_manifest.json,different,must_exclude_per_invariant,must_exclude,private_path_like_pattern
25799a54320dd884bdfd412a38a9850caf4c490b7b2aa4dc560e8d7e231164f3,artifacts/selected_run_summaries/runs/ragwarrant_natural_divergence_adjudication_v1_20260809-170326-f5dacc1eb1/run_manifest.json,different,already_superseded_in_public,safe_candidate,no_blocking_pattern_in_sample
8b4c4bca4837547b797ec6b251d83097b61fbda83cc24dbe868cb6e91fa921bb,artifacts/selected_run_summaries/runs/ragwarrant_strict_git_provenance_repair_v1_20260809-162434-8621179ce7/run_manifest.json,different,already_superseded_in_public,safe_candidate,no_blocking_pattern_in_sample
fa424b4e1fe9bd2f6dda7aeb1df593d01fb2c032e2aef4b733230f5db813e2a3,artifacts/selected_run_summaries/runs/ragwarrant_strict_git_provenance_repair_v1_20260809-162434-8621179ce7/strict_git_provenance_manifest.json,different,must_exclude_per_invariant,must_exclude,private_path_like_pattern
9c9651eb67851181f63b9372166fb9f2a068af0735f07e3ab6ca77d168794be9,artifacts/selected_run_summaries/runs/ragwarrant_strict_git_provenance_repair_v1_20260809-162434-8621179ce7/strict_git_provenance_repair_report.json,different,must_exclude_per_invariant,must_exclude,private_path_like_pattern
4d2ce3442e042f726d59cac3691fe864f75fdf3fa8f54655272615101412b5c7,artifacts/selected_run_summaries/runs/ragwarrant_strict_git_provenance_repair_v1_20260809-164908-8621179ce7/run_manifest.json,different,already_superseded_in_public,safe_candidate,no_blocking_pattern_in_sample
c06e1dbd3a847cfc06cd72518954b5cb07699df1ed012cafbb3e3b4bf323671d,artifacts/selected_run_summaries/runs/ragwarrant_strict_git_provenance_repair_v1_20260809-164908-8621179ce7/strict_git_provenance_manifest.json,different,must_exclude_per_invariant,must_exclude,private_path_like_pattern
96c60f7bac86cedc4a8e9d5378f92e9256df6aabb62478f768dab095ffef3bb0,artifacts/selected_run_summaries/runs/ragwarrant_strict_git_provenance_repair_v1_20260809-164908-8621179ce7/strict_git_provenance_repair_report.json,different,must_exclude_per_invariant,must_exclude,private_path_like_pattern
b273c068b67a46d0fe3dc4cef5f17b43cb2846a8d56d0e86cce5458cb75e45b2,artifacts/selected_run_summaries/runs/ragwarrant_strict_git_provenance_repair_v1_20260809-165408-8621179ce7/run_manifest.json,different,already_superseded_in_public,safe_candidate,no_blocking_pattern_in_sample
1ad0c3437957d3f5654edcc2f703db3d753c872898d4c5d35b98675d074db623,artifacts/selected_run_summaries/runs/ragwarrant_strict_git_provenance_repair_v1_20260809-165408-8621179ce7/strict_git_provenance_manifest.json,different,must_exclude_per_invariant,must_exclude,private_path_like_pattern
9e854367bf519bad8ff60cce50fdb2d1999dc45d8b1a12734f3dcf41dd1e4c5e,artifacts/selected_run_summaries/runs/ragwarrant_strict_git_provenance_repair_v1_20260809-165408-8621179ce7/strict_git_provenance_repair_report.json,different,must_exclude_per_invariant,must_exclude,private_path_like_pattern
00c36142023e507681a64b4665d60bc95a797f276f1b6bee7248a2db5626f89e,artifacts/selected_run_summaries/runs/ragwarrant_strict_git_provenance_repair_v1_20260809-170318-8621179ce7/run_manifest.json,different,already_superseded_in_public,safe_candidate,no_blocking_pattern_in_sample
2a4d89747c3ce9f8de29320bae021842fa4167cba4f6569fc87e386fbf2eee2d,artifacts/selected_run_summaries/runs/ragwarrant_strict_git_provenance_repair_v1_20260809-170318-8621179ce7/strict_git_provenance_manifest.json,different,must_exclude_per_invariant,must_exclude,private_path_like_pattern
2d5e9640271f1482708982c0f6e62fa4ffd8cdb5b8ab051a65db4d1d5630f756,artifacts/selected_run_summaries/runs/ragwarrant_strict_git_provenance_repair_v1_20260809-170318-8621179ce7/strict_git_provenance_repair_report.json,different,must_exclude_per_invariant,must_exclude,private_path_like_pattern
6f32fca18c837af40877048fe1cd82f6b3408f713139677dbeacef21f9bc1013,artifacts/selected_run_summaries/runs/ragwarrant_strict_git_provenance_repair_v1_20260809-170600-8621179ce7/run_manifest.json,different,already_superseded_in_public,safe_candidate,no_blocking_pattern_in_sample
6d06903e9539ee338b392e5e170780eb6eb1d107f0afa4bda1bb4684c671b169,artifacts/selected_run_summaries/runs/ragwarrant_strict_git_provenance_repair_v1_20260809-170600-8621179ce7/strict_git_provenance_manifest.json,different,must_exclude_per_invariant,must_exclude,private_path_like_pattern
60822a4f1d54515f5601091bbd8b8021c737a0bd209293e977076cc89eb1c70e,artifacts/selected_run_summaries/runs/ragwarrant_strict_git_provenance_repair_v1_20260809-170600-8621179ce7/strict_git_provenance_repair_report.json,different,must_exclude_per_invariant,must_exclude,private_path_like_pattern
055f3771fc3553b5a3c06ace0fe05ed64a29ac76eab6b5800024331ffab8cdcc,artifacts/selected_run_summaries/runs/ragwarrant_strict_git_provenance_repair_v1_20260809-173309-8621179ce7/run_manifest.json,different,already_superseded_in_public,safe_candidate,no_blocking_pattern_in_sample
ad351cadeca9f222e34b53349d84c483ac9a5c996712e53c24edc26b23cac157,artifacts/selected_run_summaries/runs/ragwarrant_strict_git_provenance_repair_v1_20260809-173309-8621179ce7/strict_git_provenance_manifest.json,different,must_exclude_per_invariant,must_exclude,private_path_like_pattern
bc93d9b72f755afdc873358f4e5614aaebe990f788e349c1394aaa51254f74db,artifacts/selected_run_summaries/runs/ragwarrant_strict_git_provenance_repair_v1_20260809-173309-8621179ce7/strict_git_provenance_repair_report.json,different,must_exclude_per_invariant,must_exclude,private_path_like_pattern
94e105ebcae48d220d3c1905f5ed59b29a699c03d54f1649b72d9d300e8de0af,artifacts/selector_ablation_matrix/selector_ablation_manifest.json,public_only,already_superseded_in_public,safe_candidate,public_survivor_only
848545b86e327578036e9ce4634d070397b9dd5a3f10d427ff71c5ac77c170b7,artifacts/selector_ablation_matrix/selector_ablation_report.md,public_only,already_superseded_in_public,safe_candidate,public_survivor_only
ea8bd87fc5785e46f6fce2e827b709af94858e462290f5d214d9e83ffff25da1,artifacts/selector_ablation_matrix/selector_ablation_results.csv,public_only,already_superseded_in_public,safe_candidate,public_survivor_only
81dcde93de5e25e37e59633ed1cf54969a03ec5f1d6b1155c23a076b3a7c5347,artifacts/selector_ablation_matrix/selector_ablation_summary.csv,public_only,already_superseded_in_public,safe_candidate,public_survivor_only
90e907ff8b57ec5b7f110dd9143788711d77ecd94b9d4c6065ef9dbbd825dbdb,artifacts/selector_ablation_matrix/unsafe_selector_cases.csv,public_only,already_superseded_in_public,safe_candidate,public_survivor_only
09e27955a7867b79dff8b60a2cb40532609eb52e2611a7ca0e551c426c05e74b,artifacts/selector_ablation_stress_v2/selector_ablation_stress_manifest.json,public_only,already_superseded_in_public,safe_candidate,public_survivor_only
a1df0bfa4942c2e1e5a85aeb0abeb42f9769f61bd2f9fef4d8ff98a584629df1,artifacts/selector_ablation_stress_v2/selector_ablation_stress_report.md,public_only,already_superseded_in_public,safe_candidate,public_survivor_only
2c392f66301df568a716f78b024fcc9a4eddd138bcc615f0a4a5aff6b081377e,artifacts/selector_ablation_stress_v2/selector_ablation_stress_results.csv,public_only,already_superseded_in_public,safe_candidate,public_survivor_only
c9564ce469270eb4f4ee13ff0ab75a85e0f9a7043e2c48e50453a71ed6fa9d0f,artifacts/selector_ablation_stress_v2/selector_ablation_stress_summary.csv,public_only,already_superseded_in_public,safe_candidate,public_survivor_only
fb0c645ebdb196d9d1b22d8bf90873d8b613349ff6473818e655bd979226667b,artifacts/selector_ablation_stress_v2/unsafe_selector_cases.csv,public_only,already_superseded_in_public,safe_candidate,public_survivor_only
7c5da418ee60d4dd62cbe17e894af1f57dfa50b744c7ee544f33b9af11e72cc3,artifacts/verify_run_demo/artifact_manifest.json,public_only,already_superseded_in_public,safe_candidate,public_survivor_only
1b36cbd1ecfc7bbc9089af80b22cf0334c2de768da4bccbb8a5793010daa40da,artifacts/verify_run_demo/artifact_manifest.sha256,public_only,already_superseded_in_public,safe_candidate,public_survivor_only
946ce6038029313785d69473f5938ccc7fcc157368f93d00d6a400e122e949a0,artifacts/verify_run_demo/verify_run_manifest.json,public_only,already_superseded_in_public,safe_candidate,public_survivor_only
487d0a980c76ec3b524238d358ce1417a0700e1893097570cb12dd38f1c08c00,artifacts/verify_run_demo/verify_run_report.md,public_only,already_superseded_in_public,safe_candidate,public_survivor_only
d771477c29eea2a3077060d6c459beb0a32ddb3b55d3dec660b9eac2860ff131,configs/adaptive_arch/<removed-lineage>_adaptive_arch_v1_compute_allocation_focus.yaml,private_only,obsolete_removed_simulation_or_legacy_lineage,safe_candidate,no_blocking_pattern_in_sample
1fd02aba0f3581d8d54f3195726a5ad839d4dd6a43f2022d9fa15c172e3a0ad9,configs/adaptive_arch/<removed-lineage>_adaptive_arch_v1_external_proxy.yaml,private_only,obsolete_removed_simulation_or_legacy_lineage,safe_candidate,no_blocking_pattern_in_sample
9087ccf50368487e00a906c3e4572c057e9f2e918c542fec5c23b7baaacc63ec,configs/adaptive_arch/<removed-lineage>_adaptive_arch_v1_smoke.yaml,private_only,obsolete_removed_simulation_or_legacy_lineage,safe_candidate,no_blocking_pattern_in_sample
41053dac37f3c71f7710baaf415ac77f1aa2c3641e4169b979393a298485cece,configs/adaptive_arch/<removed-lineage>_adaptive_arch_v1_synthetic_matrix.yaml,private_only,obsolete_removed_simulation_or_legacy_lineage,safe_candidate,no_blocking_pattern_in_sample
e3e0a6760f3cd1f2127c779da923a7b6a63a4000d2bfc2eb2cfe6868ba66da57,configs/experiments/ablation_matrix.yaml,different,already_superseded_in_public,safe_candidate,no_blocking_pattern_in_sample
e446506a1d39dd2d54cc72207cb006caa2482c4cb47b8e9631fd4d995d18b329,configs/experiments/full_spectra_matrix.yaml,different,already_superseded_in_public,safe_candidate,no_blocking_pattern_in_sample
54de48b393434fe40c8e3b82c42b6aa84215807fb69b00514feb68eaf7405e6f,configs/experiments/gate_baseline_matrix.yaml,different,already_superseded_in_public,safe_candidate,no_blocking_pattern_in_sample
efa4605a9b8ea84ab2904c2fbea1222759a318fb2e4f06a4e8c2e3c4ecaf3017,configs/experiments/gpu_smoke_energy.yaml,different,already_superseded_in_public,safe_candidate,no_blocking_pattern_in_sample
092859836f5159b8fd146a381be1a45e82f5505b23d1f686a7de6ae0a386f2f5,configs/experiments/ragwarrant_aim_hardware_characterization_v1.yaml,public_only,already_superseded_in_public,safe_candidate,public_survivor_only
abd472de4ca0e22d8fc7a3d3c08df70da97f1d9e4ee51f38efaad7f65c6a0342,configs/experiments/ragwarrant_aim_hardware_matrix_v1.yaml,public_only,already_superseded_in_public,safe_candidate,public_survivor_only
57c0fc7728274d0ec5cbf8950f9ff8b5a6e556fded0cd169f9908aebfc1ef1be,configs/experiments/ragwarrant_answer_quality_measurement_v1.yaml,public_only,already_superseded_in_public,safe_candidate,public_survivor_only
1e0e83b940cfb67ab01cf9c0b92827e98df754588f92fe5129efaefab0f772ec,configs/experiments/ragwarrant_behavioral_governance_paper_summary_v1.yaml,public_only,already_superseded_in_public,safe_candidate,public_survivor_only
78198c4128fa08e5b8516fa9f9aeea1ea967d44e7dad3cc49897239e33bcb4b5,configs/experiments/ragwarrant_behavioral_governance_primary_outcome_v1.yaml,public_only,already_superseded_in_public,safe_candidate,public_survivor_only
0cc752937123a25854842be0b0b0d20ac8f96cd575e7480b574e9412bd274488,configs/experiments/ragwarrant_behavioral_governance_repeat_v1.yaml,public_only,already_superseded_in_public,safe_candidate,public_survivor_only
47abba04a2b5e990855a840d3aab45c249f525fe6548853ce8c0ff3aebba0cfe,configs/experiments/ragwarrant_behaviorally_distinct_policy_suite_v1.yaml,public_only,already_superseded_in_public,safe_candidate,public_survivor_only
5a2b11554738ac3db7aa5e3c6f57508ad7aa46da3be05c0134b31aecbed58b5e,configs/experiments/ragwarrant_challenge_unlock_v1.yaml,different,must_exclude_per_invariant,must_exclude,private_path_like_pattern
ce80c92c4c869f23d6631ff55aff228c74f1a554387ce224292c67d735c611ee,configs/experiments/ragwarrant_container_smoke_tests_v1.yaml,public_only,already_superseded_in_public,safe_candidate,public_survivor_only
c6fc4f4922462c145abbf7ac942fb78665683a21f6efc0d0957f8aa44b5acd91,configs/experiments/ragwarrant_crag_evaluator_mapping_diagnostic_v2.yaml,public_only,already_superseded_in_public,safe_candidate,public_survivor_only
1e6534953ccf5a6a9f9047191650535d8a0f6345bcd72499096216c0d4e8f04b,configs/experiments/ragwarrant_crag_generated_answer_evaluator_mapping_v1.yaml,public_only,already_superseded_in_public,safe_candidate,public_survivor_only
4986fe789274f46b694eafccf05d454a2ef8c8a69067c64efcee4aa4331c1c88,configs/experiments/ragwarrant_crag_generative_llm_validation_v1.yaml,public_only,already_superseded_in_public,safe_candidate,public_survivor_only
c672f3fa4a6cf812b03352431f20bfd20d32e30568ddd0ea65afb1d12da79333,configs/experiments/ragwarrant_crag_generative_quality_risk_guardrail_v2.yaml,public_only,already_superseded_in_public,safe_candidate,public_survivor_only
385e1f29e842480b12c1094345c334846acbd7d20845cf8c898fc98a57a8760a,configs/experiments/ragwarrant_crag_mock_api_docker_reproduction_v1.yaml,different,must_exclude_per_invariant,must_exclude,private_path_like_pattern
30da0955492953c491f437ba90e48b47144c9597ae0c3e86e93f54d41ffaa846,configs/experiments/ragwarrant_crag_mock_api_governance_evaluation_v1.yaml,different,must_exclude_per_invariant,must_exclude,private_path_like_pattern
9bec2b5bae4c4a623f1beb527c4ebcb068c38cf2a76976b033be95e80c7b4749,configs/experiments/ragwarrant_crag_mock_api_path_v1.yaml,different,must_exclude_per_invariant,must_exclude,private_path_like_pattern
26ff3dabffbada690659afcbf675885b6db75c4c7062a2f0d2b94e83ed47bb26,configs/experiments/ragwarrant_crag_mock_api_server_smoke_v1.yaml,different,must_exclude_per_invariant,must_exclude,private_path_like_pattern; host_or_ip_like_pattern
f1bf30c16da302ce86af4f6a986b2b4e77f285634441f28c859ad2fa2bc0336c,configs/experiments/ragwarrant_crag_mock_api_validation_v1.yaml,different,must_exclude_per_invariant,must_exclude,private_path_like_pattern
086925b4b9a4512e1a1f613f573ac98795ec1c947bc46a0a6b3accec4d139fcb,configs/experiments/ragwarrant_deployment_readiness_v1.yaml,public_only,already_superseded_in_public,safe_candidate,public_survivor_only
7e1be636ef9dc8b64f75be606a91a8b04d4b909d3216f0dafb4bbd0d40e26b8d,configs/experiments/ragwarrant_end_to_end_governance_replay_v1.yaml,different,must_exclude_per_invariant,must_exclude,private_path_like_pattern
7bf11313516892a37f1ba2b2e9ad455ad1677dc1cda061439d83a00c1a2f80c2,configs/experiments/ragwarrant_end_to_end_public_development_v1.yaml,different,must_exclude_per_invariant,must_exclude,private_path_like_pattern
617f72c941d79c91f0168aea3f80ffdc1bd1c9083b207a92fd502e18ceaac550,configs/experiments/ragwarrant_external_evaluator_adapter_demo_v1.yaml,public_only,already_superseded_in_public,safe_candidate,public_survivor_only
173818a551cac4d2506492f294e29f4ba5a990e0b6c9649f35df33270070d2ba,configs/experiments/ragwarrant_fresh_clone_reproducibility_v1.yaml,public_only,already_superseded_in_public,safe_candidate,public_survivor_only
a1c410f16f083b0a9dcc5006f164386e439b6c755a66203eb7266fc5d064a707,configs/experiments/ragwarrant_fresh_live_crag_mock_api_behavioral_governance_v1.yaml,public_only,already_superseded_in_public,safe_candidate,public_survivor_only
75362828ad5228aa9fb61a42d3b616bafaa93656bc6c5a25164d51d634c5f445,configs/experiments/ragwarrant_generated_answer_quality_v1.yaml,public_only,already_superseded_in_public,safe_candidate,public_survivor_only
3a0b64916c456fd1137e3e98eced2030d19ead3293b896db1507b84fe997a383,configs/experiments/ragwarrant_generative_llm_validation_synthesis_v1.yaml,public_only,already_superseded_in_public,safe_candidate,public_survivor_only
ba9f1a119c4eceb85f7c95e05eec3a1033534fe6cab4de7b02864322e1c2dc15,configs/experiments/ragwarrant_generator_cost_model_v1.yaml,public_only,must_exclude_per_invariant,safe_candidate,public_survivor_only
a917d243931c60573396c3da78a61a5728afa063808f4597215b72dd2cba4e3c,configs/experiments/ragwarrant_hotpotqa_behavioral_governance_v1.yaml,public_only,already_superseded_in_public,safe_candidate,public_survivor_only
8e077e7a161db46df496f86ecfed2a68827e1f0dfd875ec83be901527cda79ea,configs/experiments/ragwarrant_hotpotqa_generative_llm_validation_v1.yaml,public_only,already_superseded_in_public,safe_candidate,public_survivor_only
8c564689d4bc8ee9320a339e6c924838298104657953aee91490279f26c317cd,configs/experiments/ragwarrant_hotpotqa_generative_quality_signal_audit_v1.yaml,public_only,already_superseded_in_public,safe_candidate,public_survivor_only
056ca79d552dbe90a9d2a71bb39cd1c3b05a4d49b48984ee3c7474c5f258978c,configs/experiments/ragwarrant_hotpotqa_generative_quality_signal_audit_v2.yaml,public_only,already_superseded_in_public,safe_candidate,public_survivor_only
cc3866bf8c71817214db1919adf69fc7f18504e43077698840dc76cd4bfc12a8,configs/experiments/ragwarrant_hotpotqa_quality_measurement_v1.yaml,public_only,already_superseded_in_public,safe_candidate,public_survivor_only
47d9a98fbf5f26c49c3c7bb76f2c9eddce977eff0dc6ca7be74e75f0b76256c2,configs/experiments/ragwarrant_human_eval_sample_v1.yaml,different,must_exclude_per_invariant,must_exclude,private_path_like_pattern
ba8ce829c36e418af1fd8dea918d934e6e443849225da79e506e6664fa80f9aa,configs/experiments/ragwarrant_multi_dataset_behavioral_governance_synthesis_v1.yaml,public_only,already_superseded_in_public,safe_candidate,public_survivor_only
af48650116a1ead525612d16311ebe0d883062209920e92c49a408ac6d6608fe,configs/experiments/ragwarrant_open_source_arxiv_readiness_synthesis_v1.yaml,public_only,already_superseded_in_public,safe_candidate,public_survivor_only
848d54918f10848e163014d403b0d8473a20b58739d0832f4f0a2b3f2a2d374f,configs/experiments/ragwarrant_pareto_constraint_baselines_v1.yaml,public_only,already_superseded_in_public,safe_candidate,public_survivor_only
18c99a0446ccf1731cfe76240af511b82de818b0898c0c013df29ea7d78f1fa8,configs/experiments/ragwarrant_public_mini_reproduction_v1.yaml,public_only,already_superseded_in_public,safe_candidate,public_survivor_only
3033adc09b59e01dbd0f6f0c893e6f81b36c06cd49941e5adbca89209b4649c7,configs/experiments/ragwarrant_rc1_arxiv_readiness_synthesis_v1.yaml,public_only,already_superseded_in_public,safe_candidate,public_survivor_only
37b61eb79ac3e433da05665c94a92c39422f6b3e9fd5a54fbeff0bfc745a2b19,configs/experiments/ragwarrant_real_rag_reproduction_v1_confirmatory.yaml,different,must_exclude_per_invariant,must_exclude,private_path_like_pattern
2d1946c8fd8e44b7102647ae04a4b14af54a1d0eb72b0492f29ed984b7009390,configs/experiments/ragwarrant_real_rag_reproduction_v1_development.yaml,different,must_exclude_per_invariant,must_exclude,private_path_like_pattern
bd8c6718fdb47bae5afacb993817dcad5f9a5818de0fa878d9447393067ef4df,configs/experiments/ragwarrant_real_rag_reproduction_v1_public_confirmatory.yaml,different,must_exclude_per_invariant,must_exclude,private_path_like_pattern
43f0697a411835293aa1eea0fe12a108152c326a912e4e769a5a0174eb7340be,configs/experiments/ragwarrant_real_rag_reproduction_v1_public_development.yaml,different,must_exclude_per_invariant,must_exclude,private_path_like_pattern
2ad3d0ee49ef391016be350d19fcb915bed8382d6d6324682921462ebb4b7673,configs/experiments/ragwarrant_real_rag_reproduction_v1_smoke.yaml,different,must_exclude_per_invariant,must_exclude,private_path_like_pattern
2804a134cb2afa4e92ca9311105ce86efa56b02b0c706495f09bf976047d5442,configs/experiments/ragwarrant_release_candidate_v1.yaml,public_only,already_superseded_in_public,safe_candidate,public_survivor_only
c41d820f476695c052b56e6e216290376e8ed08d69e98efda35b7cc721a5cdd3,configs/experiments/ragwarrant_selector_ablation_matrix_v1.yaml,public_only,already_superseded_in_public,safe_candidate,public_survivor_only
82eb268a9e331e49d8bc26f2fd81d31f1c76c6dcbfacfd383d3a2efb0a1ba962,configs/experiments/ragwarrant_selector_ablation_stress_v2.yaml,public_only,already_superseded_in_public,safe_candidate,public_survivor_only
e8171913b9bd318ae9bca7daf00f9b56ae21dc8e4e89634f038c9418c3e83106,configs/experiments/ragwarrant_statistical_audit_v1.yaml,different,must_exclude_per_invariant,must_exclude,private_path_like_pattern
191e9ea092d799c60dce85af4716d1f2d12ad8c10d6e69fa799beff2fd2d943a,configs/experiments/smoke_energy.yaml,different,already_superseded_in_public,safe_candidate,no_blocking_pattern_in_sample
e127e65dcf89987b10678afc4c70e3e30191c1e69c895dc612673a1ede5f624b,configs/experiments/snapshot_ablation_matrix.yaml,different,already_superseded_in_public,safe_candidate,no_blocking_pattern_in_sample
162a5c2ea19ecbbaa84b6965acea5644a2e846086f2b587c8b79ede0563d4254,configs/experiments/snapshot_second_pass_telecom_oilgas.yaml,different,already_superseded_in_public,safe_candidate,no_blocking_pattern_in_sample
7ef8a4037f5a5d91da24488a7a0072a007f7dc2d4f79b9ad23a01814f0e5fd71,configs/experiments/snapshot_smoke_energy.yaml,different,already_superseded_in_public,safe_candidate,no_blocking_pattern_in_sample
bcb053bc888dc1e57f91c3e5e65cd25d3163dbaae48ae29bc9081816e4dc434e,configs/experiments/snapshot_smoke_telecom.yaml,different,already_superseded_in_public,safe_candidate,no_blocking_pattern_in_sample
b4fc66e19533351353409e7886318de2aa759b685f2c88975c8d90de8b1a314a,configs/experiments/snapshot_synthetic_diagnostics.yaml,different,already_superseded_in_public,safe_candidate,no_blocking_pattern_in_sample
176abe2e9a276acedc40563494e117a8248a321c148c611eac3370f12e1140ec,configs/generalized/datasets_generalized_v1.yaml,private_only,obsolete_removed_simulation_or_legacy_lineage,safe_candidate,no_blocking_pattern_in_sample
5a993783f7eccc26ce3de2bde6d6bbbb7ae48fe2739ee7abb13f3ff6fdd649e0,configs/generalized/scenarios_elastic_compute_v1.yaml,private_only,obsolete_removed_simulation_or_legacy_lineage,safe_candidate,no_blocking_pattern_in_sample
2035fc982fa2eeee2f401aba0c976413e7dc68e980e98fd3f7af643be7be3964,configs/generalized/scenarios_ml_to_llm_v1.yaml,private_only,obsolete_removed_simulation_or_legacy_lineage,safe_candidate,no_blocking_pattern_in_sample
b662124d367a6012ec56fd34080ca537d66f54d0e577592f0ee2bd1e4b87e4cc,configs/generalized/scenarios_patient_flow_v1.yaml,private_only,obsolete_removed_simulation_or_legacy_lineage,safe_candidate,no_blocking_pattern_in_sample
4a8491417c710f3a179708f24a32e2d0d48583543087baceab84d649a8f02001,configs/generalized/scenarios_rag_v1.yaml,private_only,obsolete_removed_simulation_or_legacy_lineage,safe_candidate,no_blocking_pattern_in_sample
ba80797320fd7cc39c7a48d55f824942715e731f3e0c3869df51e68d871b46fb,configs/generalized/<removed-lineage>_tune_generalized_v1_full_matrix.yaml,private_only,obsolete_removed_simulation_or_legacy_lineage,safe_candidate,no_blocking_pattern_in_sample
83fd70d8c05ea00570f96aab11f715c32271d6b2b3bb0c3bbc9c6b17ab54a12b,configs/generalized/<removed-lineage>_tune_generalized_v1_publication_bundle.yaml,private_only,obsolete_removed_simulation_or_legacy_lineage,safe_candidate,no_blocking_pattern_in_sample
1df299128b23290cec7db719097d8e2b440024657e9337f07f509cd37e2c3716,configs/generalized/<removed-lineage>_tune_generalized_v1_rag_robustness_cost_sensitivity.yaml,private_only,obsolete_removed_simulation_or_legacy_lineage,safe_candidate,no_blocking_pattern_in_sample
55a026f1fe58d8908e3ee1ce14a351754b8fbfea9a4fba8995e0c310452b7244,configs/generalized/<removed-lineage>_tune_generalized_v1_smoke.yaml,private_only,obsolete_removed_simulation_or_legacy_lineage,safe_candidate,no_blocking_pattern_in_sample
f347e5d80379740ee625ead020da16dd36a388f9def673316b9fe1c0f4e3632c,configs/hardware.yaml,different,needs_manual_review,needs_manual_review,host_or_ip_like_pattern
9b9ceffe5221634cbba3f7bc599ab48e6a84a97d813e92c0f734d9323bd21eb2,configs/jobs/public_mini_governance_job.yaml,public_only,already_superseded_in_public,safe_candidate,public_survivor_only
92d99891caaecd12354030dad5ab5effa79d361c07b618461e8a0b956a55da1c,configs/matched_cost_rag/datasets_matched_cost_rag_v1.yaml,private_only,obsolete_removed_simulation_or_legacy_lineage,safe_candidate,no_blocking_pattern_in_sample
f5f4e2ba3c0ee061c2ea902e3169394f74f9253289799b33f88c6dd4fe581cc7,configs/matched_cost_rag/scenarios_matched_cost_rag_v1.yaml,private_only,obsolete_removed_simulation_or_legacy_lineage,safe_candidate,no_blocking_pattern_in_sample
abceda8fe2d6c61ba23834a64097de2d6e1d3ebc48aaf7a341890df8f3efbc00,configs/matched_cost_rag/<removed-lineage>_tune_matched_cost_rag_v1_full_matrix.yaml,private_only,obsolete_removed_simulation_or_legacy_lineage,safe_candidate,no_blocking_pattern_in_sample
7f58aac866628caefdc537cdc3420ed0bd3a544cead9a1c7100731e79122f77d,configs/matched_cost_rag/<removed-lineage>_tune_matched_cost_rag_v1_publication_bundle.yaml,private_only,obsolete_removed_simulation_or_legacy_lineage,safe_candidate,no_blocking_pattern_in_sample
3ba2c97886ab8e05cfb440d7b18caa23f7b1aad83fc598b09d886d83890e78e7,configs/matched_cost_rag/<removed-lineage>_tune_matched_cost_rag_v1_sensitivity.yaml,private_only,obsolete_removed_simulation_or_legacy_lineage,safe_candidate,no_blocking_pattern_in_sample
e40e21bf2a8fd1f57770fcfae67d79aea01e37d1a428bd9e13c894db235b36e6,configs/matched_cost_rag/<removed-lineage>_tune_matched_cost_rag_v1_smoke.yaml,private_only,obsolete_removed_simulation_or_legacy_lineage,safe_candidate,no_blocking_pattern_in_sample
021d3b6b447623f4861a5001b919c8cb0e24702e498c1a3a9b6008f205a7c5e4,configs/next_sim/adaptive_escalation_v2_full.yaml,private_only,obsolete_removed_simulation_or_legacy_lineage,safe_candidate,no_blocking_pattern_in_sample
2ef1b0e58a8b3ef35c0bf22aabbf94461b8d2ed53c7a50e64b04ce33d7e16b09,configs/next_sim/adaptive_escalation_v2_smoke.yaml,private_only,obsolete_removed_simulation_or_legacy_lineage,safe_candidate,no_blocking_pattern_in_sample
a4a3e610fdfb4d2dcb8668ae43a0438258624731e64a116ff91c74a8f763a309,configs/next_sim/claim_level_faithfulness_v1_full.yaml,private_only,obsolete_removed_simulation_or_legacy_lineage,safe_candidate,no_blocking_pattern_in_sample
be8b04137cfa7d7e5b14a132716b6ea09eb840430cfbb008bc394d91f6ea57e6,configs/next_sim/claim_level_faithfulness_v1_smoke.yaml,private_only,obsolete_removed_simulation_or_legacy_lineage,safe_candidate,no_blocking_pattern_in_sample
152786ef3f3fa0b886630d440cde2cb3e9dfc8ec6b5f0ea5aa8885db61f9a2d8,configs/next_sim/elastic_compute_policy_v1_full.yaml,private_only,obsolete_removed_simulation_or_legacy_lineage,safe_candidate,no_blocking_pattern_in_sample
6af8dd9e38f96c32c5701675980e65cdec92e1a98ff38db79f9d18e1703f136a,configs/next_sim/elastic_compute_policy_v1_smoke.yaml,private_only,obsolete_removed_simulation_or_legacy_lineage,safe_candidate,no_blocking_pattern_in_sample
89c56b7f6756a58e1bc82cb0bc6a2ab0e0013629e47c53172dc53fb9ba1e1312,configs/next_sim/no_fork_robustness_v1_full.yaml,private_only,obsolete_removed_simulation_or_legacy_lineage,safe_candidate,no_blocking_pattern_in_sample
a8937b4dfc404ec751c034ab85dd6fa318dbe2d9dda24bfcc1d22cead4ff2582,configs/next_sim/no_fork_robustness_v1_smoke.yaml,private_only,obsolete_removed_simulation_or_legacy_lineage,safe_candidate,no_blocking_pattern_in_sample
1af33dedccca16c9ab7b00ae4b6787f2ae2f57d04135380a627ed464ba9ca30c,configs/next_sim/rag_hard_subset_v1_full.yaml,private_only,obsolete_removed_simulation_or_legacy_lineage,safe_candidate,no_blocking_pattern_in_sample
6431fd469a4b2cab4d366f832cc23f647a69936d96b286710d65193c20e26163,configs/next_sim/rag_hard_subset_v1_smoke.yaml,private_only,obsolete_removed_simulation_or_legacy_lineage,safe_candidate,no_blocking_pattern_in_sample
b40a0a509ce8d9a6e8223bd1983ce3032c83f58921ad08cf81332b6a5191c1aa,configs/next_sim/<removed-lineage>_core_v2_closed_loop_targeted.yaml,private_only,obsolete_removed_simulation_or_legacy_lineage,safe_candidate,no_blocking_pattern_in_sample
85161d4dbb74ed9cfa35c9a86036f3615c4fb471ff6eff8fa457c5b79972b88d,configs/next_sim/<removed-lineage>_core_v2_field_substrate_targeted.yaml,private_only,obsolete_removed_simulation_or_legacy_lineage,safe_candidate,no_blocking_pattern_in_sample
6e4e6c70dd82adb788e9905d23fa945a8d76dce0e5e8715c67c4174cba2e1270,configs/next_sim/<removed-lineage>_core_v2_targeted_full.yaml,private_only,obsolete_removed_simulation_or_legacy_lineage,safe_candidate,no_blocking_pattern_in_sample
7897336c48321b5f958f9c9e31e5402f2d8af1a8c700125e49fd682d49550a89,configs/next_sim/<removed-lineage>_next_sim_v1_full_matrix.yaml,private_only,obsolete_removed_simulation_or_legacy_lineage,safe_candidate,no_blocking_pattern_in_sample
9569eb2fe558710b716314ad7aa496adcde5a24efb9d27a1a0db4312753a397a,configs/next_sim/<removed-lineage>_next_sim_v1_smoke.yaml,private_only,obsolete_removed_simulation_or_legacy_lineage,safe_candidate,no_blocking_pattern_in_sample
20d3b3fc979c7ea5b75d3869c4321d17d18772c76c931be433299cc84d523b5e,configs/optimizers/optimizer_registry.yaml,different,needs_manual_review,safe_candidate,no_blocking_pattern_in_sample
05867171d6e4144f5ff49982815e28a17da25c82c8782cc5b70c369a63b32cfd,configs/<removed-lineage>_core/<removed-lineage>_core_validation_v1_adaptive_arch_full.yaml,private_only,obsolete_removed_simulation_or_legacy_lineage,safe_candidate,no_blocking_pattern_in_sample
f4b4a10b96586570120e97af7b81cb933a1f2b32dfee3011a7dfae9a95b6c7ed,configs/<removed-lineage>_core/<removed-lineage>_core_validation_v1_architecture_evolution_optional.yaml,private_only,obsolete_removed_simulation_or_legacy_lineage,safe_candidate,no_blocking_pattern_in_sample
9f096bf7e1bd6fa5316a2078639ff89493d689cd9b2bfeb8e949ced65fe75092,configs/<removed-lineage>_core/<removed-lineage>_core_validation_v1_closed_loop.yaml,private_only,obsolete_removed_simulation_or_legacy_lineage,safe_candidate,no_blocking_pattern_in_sample
b1daf99b7390c98b9d2eb436880992c1fe1ad14d5a18a3381c5e9e79778a8472,configs/<removed-lineage>_core/<removed-lineage>_core_validation_v1_field_substrate.yaml,private_only,obsolete_removed_simulation_or_legacy_lineage,safe_candidate,no_blocking_pattern_in_sample
7c33427ea9a938442fbb78417a8aff9cffe31892c006607f68cbb229c3f6a5ec,configs/<removed-lineage>_core/<removed-lineage>_core_validation_v1_full_matrix.yaml,private_only,obsolete_removed_simulation_or_legacy_lineage,safe_candidate,no_blocking_pattern_in_sample
8729f422705af6d1a321f080c337d0cfbebc12444f1653636eee133c337da03a,configs/<removed-lineage>_core/<removed-lineage>_core_validation_v1_quantum_coupling_toy.yaml,private_only,obsolete_removed_simulation_or_legacy_lineage,safe_candidate,no_blocking_pattern_in_sample
af93d7f4103b2aaf373e0b90ff1778e70454a3e50e45cc6a20ff3c8172b0cfde,configs/<removed-lineage>_core/<removed-lineage>_core_validation_v1_smoke.yaml,private_only,obsolete_removed_simulation_or_legacy_lineage,safe_candidate,no_blocking_pattern_in_sample
21ecf45c8372e1456ad5c025267047130744f25c9e3a5d2b945e373d8520060a,configs/<removed-lineage>_core/<removed-lineage>_core_validation_v1_soliton.yaml,private_only,obsolete_removed_simulation_or_legacy_lineage,safe_candidate,no_blocking_pattern_in_sample
84b9ad1f9855b52da10f31d3ea44a48b4400de7994e9b4291b1220124e64e5ea,configs/storage.yaml,different,must_exclude_per_invariant,must_exclude,private_path_like_pattern
91f21f14ce30d90c1200b54a6289e5bc48a611ab5b9fd2c4da210a591d8b5638,configs/tune/external_adaptation_example.yaml,private_only,obsolete_removed_simulation_or_legacy_lineage,safe_candidate,no_blocking_pattern_in_sample
f81f25872d3ef63af8b81ca9e42f6518906831dd9b249c6902b9d4c37e39331b,configs/tune/external_transfer/datasets_external_v1.yaml,private_only,obsolete_removed_simulation_or_legacy_lineage,safe_candidate,no_blocking_pattern_in_sample
bf3ad441d1422a0a9a067a3946d71997808e4da9b3f1dc8acd8878f867d902b5,configs/tune/external_transfer/datasets_full_v1.yaml,private_only,obsolete_removed_simulation_or_legacy_lineage,safe_candidate,no_blocking_pattern_in_sample
d692935ec80c62f16ebad52fb70a789632ba18536b266dbc99bbed9863d9a374,configs/tune/external_transfer/datasets_minimal_v1.yaml,private_only,obsolete_removed_simulation_or_legacy_lineage,safe_candidate,no_blocking_pattern_in_sample
425e2addbe4940f26b009f95cd21bce24dd0f42469bc2cc985edae42e1809d25,configs/tune/external_transfer/datasets_optional_v1.yaml,private_only,obsolete_removed_simulation_or_legacy_lineage,safe_candidate,no_blocking_pattern_in_sample
6b385f0fc50b5f03961eea4c382643d22f055ade7f44d2d98297bde5f52a8d47,configs/tune/external_transfer/external_transfer_v1_cost_diagnostics.yaml,private_only,obsolete_removed_simulation_or_legacy_lineage,safe_candidate,no_blocking_pattern_in_sample
a60f0535073636ca08dd05d59aff8a38200a9122ad0b6e463f6c634998b24160,configs/tune/external_transfer/external_transfer_v1_data_curation_only.yaml,private_only,obsolete_removed_simulation_or_legacy_lineage,safe_candidate,no_blocking_pattern_in_sample
e809e121cd3f557bd5592da853c9e28d4f1fd5ad1ddc10c1140c08dde1b18de0,configs/tune/external_transfer/external_transfer_v1_data_curation_only_full.yaml,private_only,obsolete_removed_simulation_or_legacy_lineage,safe_candidate,no_blocking_pattern_in_sample
d1f5f67211f8b5efc37bac3b61bd7131f912815ff8db75286e1763b953752c97,configs/tune/external_transfer/external_transfer_v1_full.yaml,private_only,obsolete_removed_simulation_or_legacy_lineage,safe_candidate,no_blocking_pattern_in_sample
a255cd1c01f2509e60a74a8a0310b58b1ee4e5f5fbd8803f6565b29970a81c60,configs/tune/external_transfer/external_transfer_v1_full_all_available.yaml,private_only,obsolete_removed_simulation_or_legacy_lineage,safe_candidate,no_blocking_pattern_in_sample
8c2dee1032464af3a4ffad0281bbb636c817c83e9158b9bb8fa7ed7fc5fc1cd6,configs/tune/external_transfer/external_transfer_v1_minimal.yaml,private_only,obsolete_removed_simulation_or_legacy_lineage,safe_candidate,no_blocking_pattern_in_sample
d938694bae4303176b3940bbd88fed620c504532937a8a569f0b53331e95c5cf,configs/tune/external_transfer/external_transfer_v1_minimal_expanded.yaml,private_only,obsolete_removed_simulation_or_legacy_lineage,safe_candidate,no_blocking_pattern_in_sample
8e31f815befe4316ba01ce95abc820c58ce97ee851c07f9742717b8139a2ba1f,configs/tune/external_transfer/external_transfer_v1_prompt_only_full.yaml,private_only,obsolete_removed_simulation_or_legacy_lineage,safe_candidate,no_blocking_pattern_in_sample
eb85fcf6337036fe706134169de2eeb86d36b4df1247d141a58908e43ca5061b,configs/tune/external_transfer/external_transfer_v1_rag_only.yaml,private_only,obsolete_removed_simulation_or_legacy_lineage,safe_candidate,no_blocking_pattern_in_sample
0904fd83d4d5ef1e26232e5458b29af32595dda5dd2558d2aabe4000e873cd97,configs/tune/external_transfer/external_transfer_v1_rag_only_full.yaml,private_only,obsolete_removed_simulation_or_legacy_lineage,safe_candidate,no_blocking_pattern_in_sample
e2a2f10f5c27674b3d110b503a44312ea6b19832e77bb2716fab4bcf55897f78,configs/tune/external_transfer/external_transfer_v1_ragtruth_full_matrix.yaml,private_only,obsolete_removed_simulation_or_legacy_lineage,safe_candidate,no_blocking_pattern_in_sample
eca136ddc811867d13c5eb2ef13093c78148281cefca5014b5fe1cf3b6a0e251,configs/tune/external_transfer/external_transfer_v1_smoke.yaml,private_only,obsolete_removed_simulation_or_legacy_lineage,safe_candidate,no_blocking_pattern_in_sample
b85a028e0241c3b8343f1197c45112c6a32c301cde1d4111733cec29cbf49c32,configs/tune/external_transfer/external_transfer_v1_tool_only.yaml,private_only,obsolete_removed_simulation_or_legacy_lineage,safe_candidate,no_blocking_pattern_in_sample
704c1048c35fbccda332fd30be1c0474bdb3f083e311b3ce872c7b3218588206,configs/tune/external_transfer/external_transfer_v1_tool_only_full.yaml,private_only,obsolete_removed_simulation_or_legacy_lineage,safe_candidate,no_blocking_pattern_in_sample
991d708d5298306a77a9f3d3762d82640b011a85b6397560e8c33b29cec04a91,configs/tune/external_transfer/external_transfer_v2_adaptive_compute_faithfulness_only.yaml,private_only,obsolete_removed_simulation_or_legacy_lineage,safe_candidate,no_blocking_pattern_in_sample
f0dcf8ea5b2afec81820b041abaf94152ce0e1f28914dc6c06732e45a0c05e13,configs/tune/external_transfer/external_transfer_v2_adaptive_compute_rag_policy_only.yaml,private_only,obsolete_removed_simulation_or_legacy_lineage,safe_candidate,no_blocking_pattern_in_sample
66cc895a587d8781e925e44915f6f21145f148489651cb30211002658798f08c,configs/tune/external_transfer/external_transfer_v2_adaptive_compute_ragtruth.yaml,private_only,obsolete_removed_simulation_or_legacy_lineage,safe_candidate,no_blocking_pattern_in_sample
e5a9b8b2420b553bb421c3e11198b72168b37bcbe662e5c5008d6fee90b38cd2,configs/tune/external_transfer/external_transfer_v2_adaptive_compute_smoke.yaml,private_only,obsolete_removed_simulation_or_legacy_lineage,safe_candidate,no_blocking_pattern_in_sample
a5747bd1eb20c4a0410db701de67f28b607516d7a466da3b46aa6fa2d4b7c2f0,configs/tune/external_transfer/external_transfer_v2_claim_level_faithfulness.yaml,private_only,obsolete_removed_simulation_or_legacy_lineage,safe_candidate,no_blocking_pattern_in_sample
462f1de6ad8ad03acb8b1e873f5111903cda3191caa99e4e86a3424da528103a,configs/tune/peft_smoke.yaml,private_only,obsolete_removed_simulation_or_legacy_lineage,safe_candidate,no_blocking_pattern_in_sample
767c9a759aa7026b476c214f0a8e51bbb7de2687e337001c29333af9aaed9154,configs/tune/<removed-lineage>_tune_calibration_v2_controls_only.yaml,private_only,obsolete_removed_simulation_or_legacy_lineage,safe_candidate,no_blocking_pattern_in_sample
ed3e1a546e27152490e51c39ee1c7be96fd601a889bf7f7c1ed01ee092028432,configs/tune/<removed-lineage>_tune_calibration_v2_matrix.yaml,private_only,obsolete_removed_simulation_or_legacy_lineage,safe_candidate,no_blocking_pattern_in_sample
f54f9969fda237cdff8b2a5d6966c204592cfdc25072f0ad009ac70fe48477de,configs/tune/<removed-lineage>_tune_calibration_v2_smoke.yaml,private_only,obsolete_removed_simulation_or_legacy_lineage,safe_candidate,no_blocking_pattern_in_sample
a101bda3c02b61b06cf79e96f7c164f9fd5be29f6e8dd7b8becfdaa11a09036b,configs/tune/<removed-lineage>_tune_commercial_value_matrix.yaml,private_only,obsolete_removed_simulation_or_legacy_lineage,safe_candidate,no_blocking_pattern_in_sample
e8ad7c778590e31ff9952a152a20092d6602ffb81f5edc43c77b53778781f7c7,configs/tune/<removed-lineage>_tune_mechanism_matrix.yaml,private_only,obsolete_removed_simulation_or_legacy_lineage,safe_candidate,no_blocking_pattern_in_sample
77cd706d11680abc109f311b9a048174488f38e6d54a9c98b81d4500cf9b21ca,configs/tune/<removed-lineage>_tune_smoke.yaml,private_only,obsolete_removed_simulation_or_legacy_lineage,safe_candidate,no_blocking_pattern_in_sample
5ce7d9e70a3cf3874702e6098869706788f0fcc602b032aad1ff10a1b12cecef,configs/tune/synthetic_generation_llm_tuning_v1.yaml,private_only,obsolete_removed_simulation_or_legacy_lineage,safe_candidate,no_blocking_pattern_in_sample
731e8ee394438ba1d3429e9f45bcba9aa34f7c8ee4bd3fff233dc33cd7c54b1a,data/DATA_AVAILABILITY.md,different,already_superseded_in_public,safe_candidate,no_blocking_pattern_in_sample
5462036844455e7db169c073df0d53d028a1d23f181cb5c291d19bdcb84a754a,deploy/aws/README.md,public_only,already_superseded_in_public,safe_candidate,public_survivor_only
d827491a307c4b9d1a13a5782ad8b38fe82b99f73dc18dc96f0ab668247286bf,deploy/aws/batch-job-definition.json,public_only,already_superseded_in_public,safe_candidate,public_survivor_only
d5c79163d5d92b6756e77590bbb139559437cc7c21a1d182f6850b3290084080,deploy/aws/cloudformation-batch.yaml,public_only,already_superseded_in_public,safe_candidate,public_survivor_only
d32fb2d57b6a77436334d28e5b23fa7da6f6d0d7915fddfe58280bd9ef7dfb12,deploy/aws/cloudformation-ecs-fargate.yaml,public_only,already_superseded_in_public,safe_candidate,public_survivor_only
7c7b42a0e4c2651b868fcd3619e269f1bbb5c31a808e91a5ec497e473b00c0dc,deploy/aws/deploy-ecs-fargate.sh,public_only,already_superseded_in_public,safe_candidate,public_survivor_only
c60712ee279557a0e48bc022435650272328efe5a6844660866fad0b47b65a9a,deploy/aws/ecs-fargate-task.json,public_only,already_superseded_in_public,safe_candidate,public_survivor_only
6884180ee101794ddfaf120ec99aa6a4f16f6d3039da69662cb76c485bc0d046,deploy/aws/github-actions-aws-ecs-or-batch.yml,public_only,already_superseded_in_public,safe_candidate,public_survivor_only
d9151fd3545a03d68e388e7b996bca7410fb2ac8c9e1a3d952451d640e285e1d,deploy/aws/run-ecs-task.sh,public_only,already_superseded_in_public,safe_candidate,public_survivor_only
94045b992a3b5963621a76cf7af53a0a085fcddc5795c494b2d5e84a8797bd16,deploy/aws/submit-batch-job.sh,public_only,already_superseded_in_public,safe_candidate,public_survivor_only
823dfb2e352c7d7e57b037cb3e9e0d9375da6a44ce4eacab448ac8b557446c01,deploy/azure/README.md,public_only,already_superseded_in_public,safe_candidate,public_survivor_only
46a29d8ecf91f3d213577d3eac9d1c9e21a7dab2c7518d908a5619e22db66f90,deploy/azure/container-apps-job.bicep,public_only,already_superseded_in_public,safe_candidate,public_survivor_only
5ae5466b1d08e0c23129a71925bf0728f72d2d1261ddbda5acfb555ae9aeed01,deploy/azure/container-apps-job.parameters.example.json,public_only,already_superseded_in_public,safe_candidate,public_survivor_only
b5df257d38dcc5c89773dc5b849d97a4d3908bcf3316876b289b9de0ba66505c,deploy/azure/deploy-aca-job.sh,public_only,already_superseded_in_public,safe_candidate,public_survivor_only
4e34e65cee73bd5ab8ddc46e858fe182f55079beb87ce37c43414e423fe290be,deploy/azure/github-actions-azure-container-apps-job.yml,public_only,already_superseded_in_public,safe_candidate,public_survivor_only
f5c74632cf15779aab7e7795c3744f0e80f1a8c127ede1971164939279a8e9e6,deploy/azure/run-aca-job.sh,public_only,already_superseded_in_public,safe_candidate,public_survivor_only
c8d5cbae66e7ae41d93775a3388167bf0ffbb22aebee9cb6133de76f079ea14c,deploy/gcp/README.md,public_only,already_superseded_in_public,safe_candidate,public_survivor_only
edb5716f186a3b5887a55a79a0a39d7470dbd35ade0cd04405f56fed83d509df,deploy/gcp/cloud-run-job.yaml,public_only,already_superseded_in_public,safe_candidate,public_survivor_only
76140053031ac6289b0c7406963b50003f3b874cd45c0b403b7d365a2e7e517d,deploy/gcp/deploy-cloud-run-job.sh,public_only,already_superseded_in_public,safe_candidate,public_survivor_only
9a5b4d3eff56f3a632f18d890a452e08b787b6b24d34e9bc5ea17f419d9a54c9,deploy/gcp/github-actions-gcp-cloud-run-job.yml,public_only,already_superseded_in_public,safe_candidate,public_survivor_only
623f097e330f7d94e766da397ebf5ba2b04a45e656da49fb86fc6b2f439f1ecf,deploy/gcp/run-cloud-run-job.sh,public_only,already_superseded_in_public,safe_candidate,public_survivor_only
2e719d3a2d0eb14003bbfff0250b98515721c5618a747cfe8a90520ddeb394b5,deploy/gcp/terraform-cloud-run-job.example.tf,public_only,already_superseded_in_public,safe_candidate,public_survivor_only
064774d643b41aa09f1866c9a80dfeff90cbb8dfb4d52800eed407aabc7e6e66,deploy/github-actions/README.md,public_only,already_superseded_in_public,safe_candidate,public_survivor_only
359ccbc464fdfcca6df9afa54c0c778d14191783f7b15610c0905312c3439612,deploy/github-actions/build-container.yml,public_only,already_superseded_in_public,safe_candidate,public_survivor_only
6a7359f8399d497795ccd08d4e6d9da894b19743a7b9aecabe1034097a32e1ac,deploy/github-actions/run-public-mini-container.yml,public_only,already_superseded_in_public,safe_candidate,public_survivor_only
5a41b03bfc3334634affa16320fb9a1539247078ec0d53439a505d4cb91ae99c,deploy/github-actions/validate-docker.yml,public_only,already_superseded_in_public,safe_candidate,public_survivor_only
9dfc74eb47b8987ae54e4d5dcb94ca58aaa9d68ca69a314ca98ec906d6c014a3,deploy/kubernetes/README.md,public_only,already_superseded_in_public,safe_candidate,public_survivor_only
45f67ec744840b926135caa657bc4b697757636dd020e110c3f90874d07a7062,deploy/kubernetes/kustomization.yaml,public_only,already_superseded_in_public,safe_candidate,public_survivor_only
247cfa46ddb188ec2c2c8ffcee2dd76f0e462ae5a30ba798c389ce58bce79e7a,deploy/kubernetes/ragwarrant-configmap.example.yaml,public_only,already_superseded_in_public,safe_candidate,public_survivor_only
e1dfaae4a6373637e0ce10fbdbcf5f18a73dfbeb40a88de9eee5b5cb2112cffa,deploy/kubernetes/ragwarrant-cronjob.yaml,public_only,already_superseded_in_public,safe_candidate,public_survivor_only
7fc0691b3be15d87e4d0a1b1fbc5517d61e52f3683ffd6be19cd51e9e66325eb,deploy/kubernetes/ragwarrant-job.yaml,public_only,already_superseded_in_public,safe_candidate,public_survivor_only
3fbf43b72ee36b90418719710f762f289b0e01681f9b5b80bf87ca37945cc488,deploy/kubernetes/ragwarrant-pvc.example.yaml,public_only,already_superseded_in_public,safe_candidate,public_survivor_only
fe52602f40fd8e19fbbf655d511a189b42dae77be85f70e46c86eaa2fd75c719,deploy/kubernetes/ragwarrant-secret.example.yaml,public_only,already_superseded_in_public,safe_candidate,public_survivor_only
a11214f29cb6119eb525f88d100f533d72b51491e1268c396c1a7a497807fd8c,deployment_review/checksums/tracked_file_checksums.sha256,public_only,already_superseded_in_public,safe_candidate,public_survivor_only
d432dd01ef72e6a1f0ac2a9f1c645cfefdc6b58883b5e7608fcdd680eee61141,deployment_review/cloud_agnostic_deployable_tool_hardening/final_pr_body.md,public_only,already_superseded_in_public,safe_candidate,public_survivor_only
04a14202da151b258b7b0700b5fb338476cfd92bb23e7161e0f6d1e32b3e6dcb,deployment_review/cloud_agnostic_deployable_tool_hardening/post_validation_report.json,public_only,already_superseded_in_public,safe_candidate,public_survivor_only
10f0d8f3be35a595df97b47e12dcbf54f329e825ba294b21318c77b22d428ea6,deployment_review/cloud_agnostic_deployable_tool_hardening/post_validation_report.md,public_only,already_superseded_in_public,safe_candidate,public_survivor_only
91d7ff28f8b61f70fe5cefaffc0908efa05fa7c29194ed9bc049ee0a3bd87396,deployment_review/cloud_agnostic_deployable_tool_hardening/preflight_report.json,public_only,already_superseded_in_public,safe_candidate,public_survivor_only
28110c75ffa0d4a135773319b66ab869c944cb0d5cfef1d03770032e0cf8574d,deployment_review/cloud_agnostic_deployable_tool_hardening/preflight_report.md,public_only,already_superseded_in_public,safe_candidate,public_survivor_only
0a666cc221ff5204abcc50530d93c7aab48122e4272d6f705c4a7f7f5a24422d,deployment_review/deployment_gate_summary.json,public_only,already_superseded_in_public,safe_candidate,public_survivor_only
e522dd3b82019e476e3abbb20f87b6e314107fb1f414247d45d80c4820dae4af,deployment_review/deployment_gate_summary.md,public_only,already_superseded_in_public,safe_candidate,public_survivor_only
6f8313f909c3c295427382396b57d946daa258f89e9d6614dec31f59e00f9a97,deployment_review/docker_hardening/docker_asset_inventory.json,public_only,already_superseded_in_public,safe_candidate,public_survivor_only
374042eba128f40c9d14af2a3e720bf1373bf4e0a29fc3888914e9bd8b1d3653,deployment_review/docker_hardening/docker_asset_inventory.md,public_only,already_superseded_in_public,safe_candidate,public_survivor_only
dc381d72f6cca60706c025bc70840d4a3807b69a8a6a194f53fe45a4941ae44a,deployment_review/docker_hardening/final_pr_body.md,public_only,already_superseded_in_public,safe_candidate,public_survivor_only
bb6ced4786ea2b77bcd0889b1de5a7e1da88a4f3a3cf374c80fde662a2089c8f,deployment_review/docker_hardening/post_validation_report.json,public_only,already_superseded_in_public,safe_candidate,public_survivor_only
6119c792177b90e5b351f8df29c9f59fd0bb46a8b33c6f754441496565f435b2,deployment_review/docker_hardening/post_validation_report.md,public_only,already_superseded_in_public,safe_candidate,public_survivor_only
5f3ae32a1a83da1632d0ebe8b80100c586cfb90930b384a38c77ce570b2416ee,deployment_review/docker_hardening/preflight_report.json,public_only,already_superseded_in_public,safe_candidate,public_survivor_only
5d29e55f5c9972d53465ff33f4c5228fd8c5f2e62c81ac46b6cc8edb1d9e93e6,deployment_review/docker_hardening/preflight_report.md,public_only,already_superseded_in_public,safe_candidate,public_survivor_only
a1455bff7a752fde4d990b3adae18ebbd35ffd5bef1ab6ac916a62bd492e969a,deployment_review/fresh_live_crag_hotpotqa/post_validation_report.json,public_only,already_superseded_in_public,safe_candidate,public_survivor_only
21f41d77bd2272333fc6579cb520606a57c938c1436d657bfe41039a420328c7,deployment_review/fresh_live_crag_hotpotqa/post_validation_report.md,public_only,already_superseded_in_public,safe_candidate,public_survivor_only
368bce36a1d366b8ec5945511b767fb75fca43e005a608e3fcea04b1820d0242,deployment_review/fresh_live_crag_hotpotqa/preflight_report.json,public_only,already_superseded_in_public,safe_candidate,public_survivor_only
60deb7f1d81875b11f20f60d44aafa9550282a618f91d2ce33b176a064db8885,deployment_review/fresh_live_crag_hotpotqa/preflight_report.md,public_only,already_superseded_in_public,safe_candidate,public_survivor_only
4959cb9d1c335eb44b2b55b4fe277e579d01fa78191eaa04cb4f0a551afcb5d0,deployment_review/fresh_live_crag_unblock/final_pr_body.md,public_only,already_superseded_in_public,safe_candidate,public_survivor_only
e990513b3e97852660def793370f5f26f10746ac323baa9b72bb3be796dcefad,deployment_review/fresh_live_crag_unblock/post_validation_report.json,public_only,already_superseded_in_public,safe_candidate,public_survivor_only
cd75eb4749337c9448a5b8866bb83837b84d1b2af4f24016e07299d104b6164e,deployment_review/fresh_live_crag_unblock/post_validation_report.md,public_only,already_superseded_in_public,safe_candidate,public_survivor_only
ca94bbff70dbdbfda2419c607471b610b223174142486f67474a417ee7ffefe3,deployment_review/fresh_live_crag_unblock/preflight_report.json,public_only,already_superseded_in_public,safe_candidate,public_survivor_only
efb2efdfd44587636ae8ace8cbfcb407383dda8ab380b090bfbbb963e56adb0d,deployment_review/fresh_live_crag_unblock/preflight_report.md,public_only,already_superseded_in_public,safe_candidate,public_survivor_only
c40323f9659e7b842e600ffa48d6291a5f975e10c9aec178aa1adfde84b2c666,deployment_review/generative_llm_validation/final_pr_body.md,public_only,already_superseded_in_public,safe_candidate,public_survivor_only
675d831548a7dab5b6d9840f36b9f41a555f17a4c916652d67044de8619b1427,deployment_review/generative_llm_validation/post_validation_report.json,public_only,already_superseded_in_public,safe_candidate,public_survivor_only
87d0459f145da9f5d92d6a2d34fab5c47b5f7c9589bdf30692912b8550d90556,deployment_review/generative_llm_validation/post_validation_report.md,public_only,already_superseded_in_public,safe_candidate,public_survivor_only
b6d811acd57b7df27e1fd46febb2c16651f4058d7e924ee3d17965ff48eb6c79,deployment_review/generative_llm_validation/preflight_report.json,public_only,already_superseded_in_public,safe_candidate,public_survivor_only
6af17fb4ca7c53cee4593492223875972c56961b9e2cb798f6cd7d98f20c85c6,deployment_review/generative_llm_validation/preflight_report.md,public_only,already_superseded_in_public,safe_candidate,public_survivor_only
1086164061503b4379f6520cd1cb71cff1fe357381cf9105416198a2dab64caa,deployment_review/generative_llm_validation_answer_emission_repair/final_pr_body.md,public_only,already_superseded_in_public,safe_candidate,public_survivor_only
7555c1717ec6631aa87a123e78a3e96e0b8c19e09b7bafb17c0a253b7ff29c31,deployment_review/generative_llm_validation_answer_emission_repair/post_validation_report.json,public_only,already_superseded_in_public,safe_candidate,public_survivor_only
c05a254f3249562f1a3edb4fb81680e925e069a5a5d4b72ed072094638f29aab,deployment_review/generative_llm_validation_answer_emission_repair/post_validation_report.md,public_only,already_superseded_in_public,safe_candidate,public_survivor_only
cec5196cdd5749b66a343738e9da1a8fa1e801e7681f5d261c672d408a22bd18,deployment_review/generative_llm_validation_guarded_latency/final_pr_body.md,public_only,already_superseded_in_public,safe_candidate,public_survivor_only
a4ad2d616d1f87715665484b6508a9313c8fcf8bdfe164360ec8aa840d60a4c4,deployment_review/generative_llm_validation_guarded_latency/post_validation_report.json,public_only,already_superseded_in_public,safe_candidate,public_survivor_only
791105dc9b05c25bc4d7b16e8b3446263280382398eaf304b04cae9fce9c4b33,deployment_review/generative_llm_validation_guarded_latency/post_validation_report.md,public_only,already_superseded_in_public,safe_candidate,public_survivor_only
b32b5acabfae65a0a66c4dad0be028db27d0ae5fff7f1d9a7ce778a2f65a273c,deployment_review/generative_llm_validation_guardrail_v2/final_pr_body.md,public_only,already_superseded_in_public,safe_candidate,public_survivor_only
f8b32caf5a7a2b3590c3175d3a8d1e77228280501cb5597203be75e15383e6b3,deployment_review/generative_llm_validation_latency_selector/final_pr_body.md,public_only,already_superseded_in_public,safe_candidate,public_survivor_only
6af03cd32c3471dfea37c6fb4a8d3015443ea3a89b7a958b3f0eb07a3187f159,deployment_review/generative_llm_validation_latency_selector/post_validation_report.json,public_only,already_superseded_in_public,safe_candidate,public_survivor_only
73325fe14cb4d7075c8a2d97e2e2bdf252b7a8c46d8689e0d3c32a93ece04e48,deployment_review/generative_llm_validation_latency_selector/post_validation_report.md,public_only,already_superseded_in_public,safe_candidate,public_survivor_only
62ab2f164bd8fde336cc8c1290d1ac357079c26305d00ded1f81641e2249906c,deployment_review/generative_llm_validation_learned_risk_predictor/final_pr_body.md,public_only,already_superseded_in_public,safe_candidate,public_survivor_only
59053d9dc909f1193b657394e8279aafce243da2eaf510cf24c26c9b56b81df1,deployment_review/generative_llm_validation_learned_risk_predictor/post_validation_report.json,public_only,already_superseded_in_public,safe_candidate,public_survivor_only
bbaf5453475b588f7eaeead99ca803193110abe2ec20b7b482735bd2e7fbd808,deployment_review/generative_llm_validation_learned_risk_predictor/post_validation_report.md,public_only,already_superseded_in_public,safe_candidate,public_survivor_only
ce1a0c9e96bec2a8bedfc58019122d911888c3ec8ad4f67c0b45c24ec9cbf468,deployment_review/generative_llm_validation_quality_signal_audit/final_pr_body.md,public_only,already_superseded_in_public,safe_candidate,public_survivor_only
ff11aa084c76c9dd3043257068769cdb247aab0d532e747bded98686d813c16a,deployment_review/generative_llm_validation_quality_signal_audit/generator_access_diagnosis.json,public_only,already_superseded_in_public,safe_candidate,public_survivor_only
0ade7185e07b3107643d01f0977255bccba6fbac0636f13b6b72b26ec5b6bfbc,deployment_review/generative_llm_validation_quality_signal_audit/generator_access_diagnosis.md,public_only,already_superseded_in_public,safe_candidate,public_survivor_only
f3847c32aaeeb73211438eec16e03c144163fc4ffa5eb0c0435b20cf60f3f3c3,deployment_review/generative_llm_validation_quality_signal_audit/post_validation_report.json,public_only,already_superseded_in_public,safe_candidate,public_survivor_only
0f189e7e19955d26392b6a4937774b825e5c68b3315b6de7695c9bcb724ec5de,deployment_review/generative_llm_validation_quality_signal_audit/post_validation_report.md,public_only,already_superseded_in_public,safe_candidate,public_survivor_only
5305dbad70b5a71d00f9529e081bd35c6ee50f574694d3a3a6524c0a68bd42ae,deployment_review/generative_llm_validation_quality_signal_audit/preflight_report.json,public_only,already_superseded_in_public,safe_candidate,public_survivor_only
e8fbdef086398be433477b09576159f2c54599bfce8c6d857bd10b63c9d0a1d0,deployment_review/generative_llm_validation_quality_signal_audit/preflight_report.md,public_only,already_superseded_in_public,safe_candidate,public_survivor_only
4a3be57c85942dc4478cc9417d81332a80dba0ef9c03ec7338c997f10269e5f3,deployment_review/generative_llm_validation_second_model/final_pr_body.md,public_only,must_exclude_per_invariant,safe_candidate,public_survivor_only
3921bbf4cc6d5518959022cced12315bf3a4cad2e1b2ef7ce6bc4ab931ba692c,deployment_review/generative_llm_validation_second_model/generator_access_diagnosis.json,public_only,must_exclude_per_invariant,safe_candidate,public_survivor_only
d070c1f81f3f1e589485d6029cda4bd7ddbcf91adfc9a90311bcfc53845ff94b,deployment_review/generative_llm_validation_second_model/generator_access_diagnosis.md,public_only,must_exclude_per_invariant,safe_candidate,public_survivor_only
6c29e76a100f005b4fbaa2192ce4843354304f8b981ed802b808b679b0e1e110,deployment_review/generative_llm_validation_second_model/post_validation_report.json,public_only,must_exclude_per_invariant,safe_candidate,public_survivor_only
69e4364a260e4bbaa8ed9807bc6e29551fc9f7dae4f4f9451fe0365e1bf75f0a,deployment_review/generative_llm_validation_second_model/post_validation_report.md,public_only,must_exclude_per_invariant,safe_candidate,public_survivor_only
eddb149c82052afaa242d5a2f67532dcb8c3bd3c9233a4812946ef39fcf2393f,deployment_review/generative_llm_validation_stability/final_pr_body.md,public_only,already_superseded_in_public,safe_candidate,public_survivor_only
0345302384cf4e0778a7b35b9fd66fe9c1c14fbdb7e40311428dff9f4b2214de,deployment_review/generative_llm_validation_stability/post_validation_report.json,public_only,already_superseded_in_public,safe_candidate,public_survivor_only
6f05ef8cf3db5aa93a74be17382d4bd4e12822cba68a4bc70db7adc1ff89790e,deployment_review/generative_llm_validation_stability/post_validation_report.md,public_only,already_superseded_in_public,safe_candidate,public_survivor_only
62b45e8f2a2b7576c2683a1ba66747310365e7e28574752b00d89ffe02e27402,deployment_review/historical_ledger/post_historical_ledger_validation_report.json,public_only,already_superseded_in_public,safe_candidate,public_survivor_only
d2c6e5c7899f91fefa305b3abc59c94312664644ed426ab789ef999c3e7972bd,deployment_review/historical_ledger/post_historical_ledger_validation_report.md,public_only,already_superseded_in_public,safe_candidate,public_survivor_only
88dfafc505b9de8df6832a1c0b9a333154acd0ee18dd23a772503a795664c4d5,deployment_review/historical_ledger/pre_historical_ledger_gate_report.json,public_only,already_superseded_in_public,safe_candidate,public_survivor_only
45d492e4e5f657c1311b3bd732ed0f7668e5a91a6cc3531a69067a125426961f,deployment_review/historical_ledger/pre_historical_ledger_gate_report.md,public_only,already_superseded_in_public,safe_candidate,public_survivor_only
601c9a32480c5417e79456e47dfb3f683c202f1d94e2eec428028732524d0698,deployment_review/manifests/tracked_file_manifest.json,public_only,already_superseded_in_public,safe_candidate,public_survivor_only
28c48437aedcd1e8aea9c2ff597d3e413cd419725a61f10d9f63fe9d2883a368,deployment_review/open_source_arxiv_readiness/final_pr_body.md,public_only,already_superseded_in_public,safe_candidate,public_survivor_only
ef5ef1a4e207d44a885784ecbed22252b5bf1b9b716032c78908b90b12ad0ad7,deployment_review/open_source_arxiv_readiness/post_validation_report.json,public_only,already_superseded_in_public,safe_candidate,public_survivor_only
37643ba09b8afe6157a61f6f6de696e3003a8adfcf26f7ddb31fe38441951c61,deployment_review/open_source_arxiv_readiness/post_validation_report.md,public_only,already_superseded_in_public,safe_candidate,public_survivor_only
b28a43216097f6e887e8bdf6e84caa165e5fa279d363eaa1a478ae25dc1acbcc,deployment_review/open_source_arxiv_readiness/preflight_report.json,public_only,already_superseded_in_public,safe_candidate,public_survivor_only
498a638f9ef78ca634bb4a029dbfabc930d8203f7158eaf0ca3ef273e63d79a0,deployment_review/open_source_arxiv_readiness/preflight_report.md,public_only,already_superseded_in_public,safe_candidate,public_survivor_only
11efd56d3cda42cf4cdcc1cf5e612e03f79d564732f4675683dd022897161af8,deployment_review/rc1_reproducibility_and_arxiv/final_pr_body.md,public_only,already_superseded_in_public,safe_candidate,public_survivor_only
116e3e02aab46f0e0701b00e2692167cb8d23149509a3d33bfcd18b80bf4ab5d,deployment_review/rc1_reproducibility_and_arxiv/post_validation_report.json,public_only,already_superseded_in_public,safe_candidate,public_survivor_only
ca4e2fc56596fbd7b9a374ba70fc4e22c8e73fab0f3443ba8d95e845f7a6bd3b,deployment_review/rc1_reproducibility_and_arxiv/post_validation_report.md,public_only,already_superseded_in_public,safe_candidate,public_survivor_only
6d27e6da60c1e754f1592fef136968d6fe11b7c27ecc3afa918cbde8ca9554b1,deployment_review/rc1_reproducibility_and_arxiv/preflight_report.json,public_only,already_superseded_in_public,safe_candidate,public_survivor_only
ffd1a72db7b292fc2144859cd9afbd975d41df0208720c895a878de455ba4b03,deployment_review/rc1_reproducibility_and_arxiv/preflight_report.md,public_only,already_superseded_in_public,safe_candidate,public_survivor_only
352da2a30b9c1e717a1f78e812941ae3551061d80a956c85e7b26be83045593f,deployment_review/repo_consolidation_<removed-lineage>_excision/preflight_report.json,public_only,obsolete_removed_simulation_or_legacy_lineage,safe_candidate,public_survivor_only
a8f46abfb73280f4efed86d3e77b0a492281e1407553f06ac9c722a682bcd42a,deployment_review/repo_consolidation_<removed-lineage>_excision/preflight_report.md,public_only,obsolete_removed_simulation_or_legacy_lineage,safe_candidate,public_survivor_only
b27e64009e637001d78b7cbe232b91f22e1db02ffe8544a12f4e0d2724cd367d,deployment_review/repo_consolidation_<removed-lineage>_excision/<removed-lineage>_reference_inventory.json,public_only,obsolete_removed_simulation_or_legacy_lineage,safe_candidate,public_survivor_only
41c4def5cd665a8a27b0f95fc7acb6df376ee992edaea708c17ceb08accd0901,deployment_review/repo_consolidation_<removed-lineage>_excision/<removed-lineage>_reference_inventory.md,public_only,obsolete_removed_simulation_or_legacy_lineage,safe_candidate,public_survivor_only
db03ef999383bb9cd0076304a0012d2a3fd49947e445af0ced733de1e306f8d4,deployment_review/repo_consolidation_<removed-lineage>_excision/<removed-lineage>_reference_inventory.txt,public_only,obsolete_removed_simulation_or_legacy_lineage,safe_candidate,public_survivor_only
714a046685cdde2ca4119170d8d2102c8cd3e8d5e455057f1b24eaeff183a310,deployment_review/repo_consolidation_<removed-lineage>_excision/task_a_<removed-lineage>_excision_report.json,public_only,obsolete_removed_simulation_or_legacy_lineage,safe_candidate,public_survivor_only
96789e3c0f6fa4947448a3e644037e553759a0c47c2d2bde1d59d2ff25fcd358,deployment_review/repo_consolidation_<removed-lineage>_excision/task_a_<removed-lineage>_excision_report.md,public_only,obsolete_removed_simulation_or_legacy_lineage,safe_candidate,public_survivor_only
4218abf214cea8f3001c6260f6b624cd63325a8083ffa35fabeb07e43b73d28e,deployment_review/reports/crag_restrictions_report.json,public_only,already_superseded_in_public,safe_candidate,public_survivor_only
1c252407f35a028c399b3dbf7650e81a192f20cb8cc9df08e3bfa182eed360a3,deployment_review/reports/crag_restrictions_report.md,public_only,already_superseded_in_public,safe_candidate,public_survivor_only
ad0a2f194ba49cadcb18b35856c16c2246dc40e3bd42dac1d2010e19b9aa06da,deployment_review/reports/github_deployment_report.json,public_only,already_superseded_in_public,safe_candidate,public_survivor_only
5a886b75239668aa074c870e7c2ec17485d5e6c1db209d0f6836fd5dd1443ec4,deployment_review/reports/github_deployment_report.md,public_only,already_superseded_in_public,safe_candidate,public_survivor_only
b24342f3786d1a99e734f20a0f3e723d3def42fa7d10a956980f69b0d680ec19,deployment_review/reports/github_release_NOT_CREATED.md,public_only,already_superseded_in_public,safe_candidate,public_survivor_only
623c6eb79eb0a8203ad258f39d394da1567bcff794fd40088e601cce8f04bae1,deployment_review/reports/license_report.json,public_only,already_superseded_in_public,safe_candidate,public_survivor_only
b8814158e3ae36f878b623cb2e5603e3596392df82c99a8835477bc157b11a1f,deployment_review/reports/license_report.md,public_only,already_superseded_in_public,safe_candidate,public_survivor_only
2a97581b37de1823a22ce8fe1f7af1d117b767872c13cc71fb2565cf4372948f,deployment_review/reports/no_overclaims_report.json,public_only,already_superseded_in_public,safe_candidate,public_survivor_only
c8965a8a708923012cd104a2998d7bddb6b83111738d8f8a7f28e4cd7839e3c4,deployment_review/reports/no_overclaims_report.md,public_only,already_superseded_in_public,safe_candidate,public_survivor_only
18ec00d9a10b3e1c12c54660095b8939e1dff05c58f608ea1e199b5636997619,deployment_review/reports/no_private_paths_report.json,public_only,already_superseded_in_public,safe_candidate,public_survivor_only
58ce2de9d2cb05688fdd7bba87cc58429c0be29faf42563bb820e05e1e103ec3,deployment_review/reports/no_private_paths_report.md,public_only,already_superseded_in_public,safe_candidate,public_survivor_only
62b66031d235f54cbd3e137a6c3be69eba47731dcb502f544e92d9379caeae8a,deployment_review/reports/no_raw_data_report.json,public_only,already_superseded_in_public,safe_candidate,public_survivor_only
7c1d85a0d3c88c186f5ce9a6d94c3d3d775fc486b17bf40952701256febac2ad,deployment_review/reports/no_raw_data_report.md,public_only,already_superseded_in_public,safe_candidate,public_survivor_only
80987f62a4fe0556e7ca798342e9fd9af5606660b75892547a325852e27e8a85,deployment_review/reports/no_secrets_report.json,public_only,already_superseded_in_public,safe_candidate,public_survivor_only
0c0ba4540f41d3468665634851924d759eb906f4b1c010fc21e66ebd88b3c4fe,deployment_review/reports/no_secrets_report.md,public_only,already_superseded_in_public,safe_candidate,public_survivor_only
1685f0bb651260e9aa3c9e61a58ce47f38eab9a67703b2f72308a509c098f306,deployment_review/reports/readme_clarity_report.json,public_only,already_superseded_in_public,safe_candidate,public_survivor_only
18ebc6e6ed02108d62b254aed493fb12642a6bed0d777e501176783b154d8cd2,deployment_review/reports/readme_clarity_report.md,public_only,already_superseded_in_public,safe_candidate,public_survivor_only
7cf2e9c1c94d37457aecdcf1b45fdf674252c1d4c675309ee675d48c15ee461c,deployment_review/reports/test_report.json,public_only,already_superseded_in_public,safe_candidate,public_survivor_only
988cecb020b39db7aa9eadb315e521a0c18b8178e680696e010f8329679335b8,deployment_review/reports/test_report.md,public_only,already_superseded_in_public,safe_candidate,public_survivor_only
52a46fe67ec8d2ca8a8a4782a0bfabcdde9d0fc1609f77ef2bc99bb4197457f3,deployment_review/sanitization/crag_query_text_sanitization_report.json,public_only,already_superseded_in_public,safe_candidate,public_survivor_only
8d8e8a5afb8b69c1bfe9ea22b83ff624fbbd1223b56621a8929db0089869b18a,deployment_review/sanitization/crag_query_text_sanitization_report.md,public_only,already_superseded_in_public,safe_candidate,public_survivor_only
98ed29539c3d50439d8189f8bd47bfee295759c02e5cf55642ff2121d3c4659c,deployment_review/sanitization/github_sanitization_push_report.json,public_only,already_superseded_in_public,safe_candidate,public_survivor_only
33f325a7186ef053b4195c34eb25b97259e7ec36a4a69f8ce6f9cd3ef7f5661e,deployment_review/sanitization/github_sanitization_push_report.md,public_only,already_superseded_in_public,safe_candidate,public_survivor_only
7d65c1ad1e0d542eaf25ab8333e92fcc3350bb671c75c157a7d8987629ebc239,deployment_review/sanitization/history_rewrite_recommendation.md,public_only,already_superseded_in_public,safe_candidate,public_survivor_only
3c9bc57d0011d4832681729cd1120b5caef611148b93710d397ec885a026b3b8,deployment_review/sanitization/history_sanitization_NOT_PERFORMED.md,public_only,already_superseded_in_public,safe_candidate,public_survivor_only
ea29d3a7c581ef7b13c273fd2cbd967a6330525a9b0a318771ad9027f27c2a02,deployment_review/sanitization/post_sanitization_overclaim_scan.json,public_only,already_superseded_in_public,safe_candidate,public_survivor_only
cf2a6d98c9a89bb7d483489be87e2f014989617971781722935c00200fefaefa,deployment_review/sanitization/post_sanitization_overclaim_scan.md,public_only,already_superseded_in_public,safe_candidate,public_survivor_only
b1f0a7aec79fe7be079b27580a861c5586a1481f5a4bb02bd77cf50b0f0a11c0,deployment_review/sanitization/post_sanitization_private_path_scan.json,public_only,already_superseded_in_public,safe_candidate,public_survivor_only
c36afe3cbe49b5ee825f5b90aaf30b3d24054155c525f198cd286baec8f1a320,deployment_review/sanitization/post_sanitization_private_path_scan.md,public_only,already_superseded_in_public,safe_candidate,public_survivor_only
c8fc1657346d0d3ad1fc318ac1cb30ba0d1524c48eb81d3ab20881c2f23b0473,deployment_review/sanitization/post_sanitization_raw_text_scan.json,public_only,already_superseded_in_public,safe_candidate,public_survivor_only
0693e5166843871ee11b4a0bc06043f77a5b544b13dcb49f1f3000bf9cb357f0,deployment_review/sanitization/post_sanitization_raw_text_scan.md,public_only,already_superseded_in_public,safe_candidate,public_survivor_only
7d18e938fea8a74c335fb1033b401acb9ab3b5f6630e340ae0abfec4f1aadaf5,deployment_review/sanitization/post_sanitization_secret_scan.json,public_only,already_superseded_in_public,safe_candidate,public_survivor_only
c63ec2eec7b69b8ff972a2f3df49eb54470b908250b717c2e44acec748d62532,deployment_review/sanitization/post_sanitization_secret_scan.md,public_only,already_superseded_in_public,safe_candidate,public_survivor_only
0b81b14f9ca1b776e58af79e78bd01d1c8271658dbd92c938a2a4cfa7d9c9fa7,deployment_review/sanitization/post_sanitization_validation_report.json,public_only,already_superseded_in_public,safe_candidate,public_survivor_only
728638fef071e83afe15c9c8b164449cf7943e33f40acf746463a13b6defe3c1,deployment_review/sanitization/post_sanitization_validation_report.md,public_only,already_superseded_in_public,safe_candidate,public_survivor_only
ebbe5400aa8a310362da14477b84503ad453a1b58f29241b238f480bb1861b9c,deployment_review/sanitization/pre_sanitization_state.json,public_only,already_superseded_in_public,safe_candidate,public_survivor_only
e5ed9816c371433902fafb5929b981f289a4ba6fae65dd014cb8cc229c8777fe,deployment_review/sanitization/pre_sanitization_state.md,public_only,already_superseded_in_public,safe_candidate,public_survivor_only
23c14e68b816e1a1504b9aa1223a1635a1cd56f0c31dffc741bc6f5e53390f7a,deployment_review/sanitization/raw_text_exposure_inventory.csv,public_only,already_superseded_in_public,safe_candidate,public_survivor_only
115e3053c7b65de7c878e768e41bd073b72c11de9e46bc4c99ad70f590be1abd,deployment_review/sanitization/raw_text_exposure_inventory.json,public_only,already_superseded_in_public,safe_candidate,public_survivor_only
748f0f37ed332d11e62d3fbac74b6fa2d2b50041a35a30fa95cc91c9f87c91ba,deployment_review/sanitization/sanitized_files_manifest.csv,public_only,already_superseded_in_public,safe_candidate,public_survivor_only
22ab65879df9b88f4159f34ebf483e8c8a3ae4046347af5ab66be5da85d94b32,deployment_review/sanitization/sanitized_files_manifest.json,public_only,already_superseded_in_public,safe_candidate,public_survivor_only
e45e45baeda1c1e73482975a664062aa56f20c03dd9d64a827aba57775bed0d3,docker-compose.yml,public_only,already_superseded_in_public,safe_candidate,public_survivor_only
da8fcbe728a9172b578e5d754f8e2df214c658c4321f610e63dd68bea828ab49,docker/README.md,public_only,already_superseded_in_public,safe_candidate,public_survivor_only
202be9590c79112cc6f2be2d2aba853c03f2266c4ae3e77ec867816f95c026a1,docker/compose.public-mini.yml,public_only,already_superseded_in_public,safe_candidate,public_survivor_only
96afc998dee986fc90605d45bc758367e101fc24f9baa37face9493885d3005c,docker/docker-compose.public-mini.yml,public_only,already_superseded_in_public,safe_candidate,public_survivor_only
99d020083c116f6d57535d9ac69480c82d1e26595c63f107c2897daf664b9a87,docker/healthcheck.sh,public_only,already_superseded_in_public,safe_candidate,public_survivor_only
c221b30877a63ea3ca280146cc164f21a3e56e1a5b4761cf2dafc1fc71685537,docker/run_governance_job.sh,public_only,already_superseded_in_public,safe_candidate,public_survivor_only
fcdeb0a0556e4de7d37034abda9796341b69f3c209c10a211aeda6ec79f35b5f,docker/run_public_mini.sh,public_only,already_superseded_in_public,safe_candidate,public_survivor_only
92c8bda3e3e5b49828283c0c35457218962f368787843996763492f475c2d5cd,docs/aim_hardware_characterization.md,public_only,already_superseded_in_public,safe_candidate,public_survivor_only
228f898ddfb267c945e7edc2d143706236693050960ec4908140a8568d7add01,docs/aim_hardware_matrix.md,public_only,already_superseded_in_public,safe_candidate,public_survivor_only
161006b8fd7fa444069bdcf7977bcb6501af56d3f8b6df191a81b6a1942f3a3b,docs/artifact_integrity.md,public_only,already_superseded_in_public,safe_candidate,public_survivor_only
c4d42c9bdf55b1a1741eb12cd939251edfa395abef2ee43c0e5f60868fbc1806,docs/artifact_storage.md,public_only,already_superseded_in_public,safe_candidate,public_survivor_only
2f7b1104b95ef2f4287da361bc52ed5973614772eab3bd87ea91286ae1a3232f,docs/arxiv_paper_plan.md,public_only,already_superseded_in_public,safe_candidate,public_survivor_only
2bc164b5fd87afea73de3dee2c91d906cd267cad30f1cc4798784d1887b6d595,docs/arxiv_reproducibility_appendix.md,public_only,already_superseded_in_public,safe_candidate,public_survivor_only
5eebb86c55896738b5ae459641fa54de627731a721437f113bbce53da3ba1f5a,docs/behaviorally_distinct_policy_experiment_plan.md,public_only,already_superseded_in_public,safe_candidate,public_survivor_only
efe1a4600f52bf6439e17e0519d6a816059b1741cce66f560b21e678c175f941,docs/claim_boundaries.md,different,already_superseded_in_public,safe_candidate,no_blocking_pattern_in_sample
ac9366ab071783a4e5a8e3716fed91770fb8f8bcab745ae4c4e2773a9415cd7f,docs/cloud_agnostic_deployment.md,public_only,already_superseded_in_public,safe_candidate,public_survivor_only
d9d9569825930aa7e6a2c8c053574c2598c5a452d24ab5870a5e18143a603fc7,docs/container_security_scans.md,public_only,already_superseded_in_public,safe_candidate,public_survivor_only
e6989617d31f06f1a46c1e328193f62c54a498705fe3d3e4e0b0e3cfa5c40a71,docs/crag_evaluator_mapping_v2.md,public_only,already_superseded_in_public,safe_candidate,public_survivor_only
2d9a405b13781115cadd74fd023b2977e053c4c5c062ed9c7015597f54b1ac45,docs/crag_generated_answer_evaluator_mapping.md,public_only,already_superseded_in_public,safe_candidate,public_survivor_only
7685711803f9cc30206794548362dc870a824a537c7eea2e5be41a6743ea9919,docs/crag_mock_api_validation.md,different,already_superseded_in_public,safe_candidate,no_blocking_pattern_in_sample
5bf6b9c7767361327963e168705c92c1a7e4fafb9027db33ce2ca2be37b285fb,docs/crag_query_text_sanitization.md,public_only,already_superseded_in_public,safe_candidate,public_survivor_only
7b434ca96fcb12e40417f0f6f2145db285994ab92a65728a5952c8d316397ba1,docs/dataset_acquisition.md,public_only,already_superseded_in_public,safe_candidate,public_survivor_only
cdb30fe645799364befe707dd16000803bf56ce524ec9ac490e26afe33ef7418,docs/datasets.md,different,already_superseded_in_public,safe_candidate,no_blocking_pattern_in_sample
414f6629cde82d404fef4a6e0b7dd80b3e17e853f476529a74033955ebdf7374,docs/deployment_architecture.md,public_only,already_superseded_in_public,safe_candidate,public_survivor_only
a2d736b9e97a735706d774368dde72546c334ec997a639aa32cc25532c9af6fd,docs/docker_runtime_validation.md,public_only,already_superseded_in_public,safe_candidate,public_survivor_only
c9c2fc5cc75cd695857e0c25f936aeec95cec4a9abc91793b8845227608316f4,docs/evidence_ladder.md,different,already_superseded_in_public,safe_candidate,no_blocking_pattern_in_sample
24abbc96fc8ee58fbdde850169ac43fe3d8c2a5a38a7c2a41bb3ceb72ac3f13e,docs/external_evaluator_adapters.md,public_only,already_superseded_in_public,safe_candidate,public_survivor_only
be7f49fdf9a674dfafd2843a2f50bcc788b81ca6ef25634a72d8b3c02b8e0f3e,docs/fresh_clone_reproducibility.md,public_only,already_superseded_in_public,safe_candidate,public_survivor_only
fe74c68a5b2e2b6f8c48360f1cfc7c014ce7f1144af2fa8613ca93f93b627034,docs/fresh_live_crag_hotpotqa_behavioral_governance_plan.md,public_only,already_superseded_in_public,safe_candidate,public_survivor_only
2908e8479673fa167ab65dec0e3c504473e7db99994ffc5a623982394bff6002,docs/generative_llm_validation.md,public_only,already_superseded_in_public,safe_candidate,public_survivor_only
3a9ef5085cd939079db44ecc622c78a8dd9a4c1cdcc120f8f597db1956958ab5,docs/generator_configuration.md,public_only,already_superseded_in_public,safe_candidate,public_survivor_only
d796d194ef9a222da3211addac496c37cc28ae178f12be3ff96b074b39827a48,docs/historical_validation_summary.md,public_only,already_superseded_in_public,safe_candidate,public_survivor_only
9a537738ef5ee9775e967e507377919ef63a426797bece3bdc86cfdb7b0db720,docs/hotpotqa_quality_signal_audit_v2.md,public_only,already_superseded_in_public,safe_candidate,public_survivor_only
e5b7263b8e99daf67954571f024ca7b512943430735c3bc156e74c480e9bc98f,docs/open_source_arxiv_readiness.md,public_only,already_superseded_in_public,safe_candidate,public_survivor_only
5412a299e02682ab2b4d2e9b62c62862c3d6876bdf0f45e5be7825cfb142203e,docs/operator_workflow.md,public_only,already_superseded_in_public,safe_candidate,public_survivor_only
6d36410ca394edd6d132424e3f2a43588449dd9685bee1dd9a782001d9d39d68,docs/platform_benchmarking_boundary.md,public_only,already_superseded_in_public,safe_candidate,public_survivor_only
3ccc44ae15cde4a1ac043dc53637c64ef90fce91a70e3bf2c299711d6adc86c3,docs/product_contract.md,public_only,already_superseded_in_public,safe_candidate,public_survivor_only
eca490d366eb8b1dd9c9c5751dfaf2862c5a9c5c46fd972318c579c15e41367d,docs/promotion_decision_schema.md,public_only,already_superseded_in_public,safe_candidate,public_survivor_only
a48871bf9a249aa119680cf7c1f3068f7b0b9b59563bea0832ceea52f7a50401,docs/public_mini_reproduction.md,public_only,already_superseded_in_public,safe_candidate,public_survivor_only
115bdcc829319344f95287f69e2ed343d3ac85eb9cfed884cd91ecf03bfb34e0,docs/public_repository_note.md,public_only,already_superseded_in_public,safe_candidate,public_survivor_only
988a5392cf907f7c5728b8ac90445facc7f835f3c00375764ec99769dcde2d5a,docs/quickstart.md,public_only,already_superseded_in_public,safe_candidate,public_survivor_only
839ff07be472e469625645c1648f4ccb1d5e68af4a109b8ee7dfa8dc0238f981,docs/rag_compass_name_migration.md,different,already_superseded_in_public,safe_candidate,no_blocking_pattern_in_sample
b60e145ff391ed49317a5ce3d3fc514c001c3fe21ec9952541c96d8af274a59c,docs/release_notes_v0.1.0-rc1.md,public_only,already_superseded_in_public,safe_candidate,public_survivor_only
b54fc682b6f5e7b977b36d98dd902b2bbcb5aef2a75b306f493dc0768723b33c,docs/release_process.md,public_only,already_superseded_in_public,safe_candidate,public_survivor_only
c4217f4120a075a8940b61db32091776a6699d3761f61758f17f55c2a7c3d3ce,docs/selector_ablation_matrix.md,public_only,already_superseded_in_public,safe_candidate,public_survivor_only
3d66b1e48439d1a7f66f5bb8a3034dd2bc0658bd15a0fc07e2adb56b5774f3b2,docs/selector_ablation_stress_v2.md,public_only,already_superseded_in_public,safe_candidate,public_survivor_only
9dca013a8696d4114eb099148dde60eb9ee8f308861049ea55e8bbaf3c94cc61,examples/external_evaluator_adapters/README.md,public_only,already_superseded_in_public,safe_candidate,public_survivor_only
483e42633c5c95eda66afcc3f5b349fd6c83edab18644cc543415f71ae75edb8,examples/public_mini_reproduction/README.md,public_only,already_superseded_in_public,safe_candidate,public_survivor_only
beae14acbb51d0260cceb3c3ef1b18685739f44b37386bf49d407272f4b68b93,paper/figures/deployment_architecture_placeholder.md,public_only,already_superseded_in_public,safe_candidate,public_survivor_only
5c9cfa26883abf5c6b5be3f7d84fb0d90b4844777be32ebe0722cbc4d2174d04,paper/figures/evidence_ladder_placeholder.md,public_only,already_superseded_in_public,safe_candidate,public_survivor_only
3f884b6ec4bb51dca1e2e8fd0fc6f71095f2bbd3c0d88aa00c95fdc4b81eb25b,paper/figures/governance_flow_placeholder.md,public_only,already_superseded_in_public,safe_candidate,public_survivor_only
01944e90eeb85eb7df0318d2ea79cd44597a9840141b3f3c86a093240d651138,paper/main.tex,different,already_superseded_in_public,safe_candidate,no_blocking_pattern_in_sample
352d284a350cf4a94f320f346cb7a70192d1e5417fcea85929d95a6458223bec,paper/tables/claim_boundary_table.tex,public_only,already_superseded_in_public,safe_candidate,public_survivor_only
31a4bd7592394260d75bcc604aab9a1fb4e0a7c8826544dd056813270bd02f39,paper/tables/deployment_readiness_table.tex,public_only,already_superseded_in_public,safe_candidate,public_survivor_only
a39859d505902b1d5da45bd4ade1f180c2b88c20fd61cb916441b5a0b0fddef8,paper/tables/reproducibility_table.tex,public_only,already_superseded_in_public,safe_candidate,public_survivor_only
a73b343ff384d21c85ed2fb1c5f34f6c1aca75b99960316af5e992cf3b34b1d3,paper/tables/result_taxonomy_table.tex,public_only,already_superseded_in_public,safe_candidate,public_survivor_only
ad100b6aad36b65a087c0dc7bc7423888a8e7b4aaa37ef9ed93d3beee4b3461e,paper/tables/selector_ablation_summary.tex,public_only,already_superseded_in_public,safe_candidate,public_survivor_only
50c86b7ed8ac2cf95bd48334961bf0530cdc77b5a56f852c5c61b89d735fd711,pyproject.toml,different,needs_manual_review,safe_candidate,no_blocking_pattern_in_sample
e2d001e15371f52b4bc9f29bb3f888bdbd7eb2f7d47f8ad90629b492acaf66c8,results/README.md,different,already_superseded_in_public,safe_candidate,no_blocking_pattern_in_sample
973ad62b94a18f0b3d4590d9073069b5e3cf4f9d2a35a6ee2ada93cf8dbf43b0,results/aim_hardware_matrix/claim_update.json,public_only,already_superseded_in_public,safe_candidate,public_survivor_only
9d20533c3e1a7f17ed80c706572e00f09f5100b9addbd275bfe8ca645bc30f78,results/behavioral_governance/claim_update.json,public_only,already_superseded_in_public,safe_candidate,public_survivor_only
a14d3fe41ff6fc3b5ee00d66b94a67e90994cce4543e0bf6c37012ec8fcbe55c,results/behavioral_governance/executive_summary.md,public_only,already_superseded_in_public,safe_candidate,public_survivor_only
01b31d8d7d9a915063257690ed7615f40e87090ff5d72a02fbf91af3959f1409,results/behavioral_governance/limitations.md,public_only,already_superseded_in_public,safe_candidate,public_survivor_only
2e1bd9a889f9116d0379fa5d7414d6e14b1d83155d3880cf341183a417be43b1,results/behavioral_governance/paper_ready_summary.md,public_only,already_superseded_in_public,safe_candidate,public_survivor_only
bbffb27cf15d2e5fc4b00f2f2b118ad426bb9d04a9c1b19c6c3d5efe4f061786,results/claim_status/claim_status_table.csv,different,already_superseded_in_public,safe_candidate,no_blocking_pattern_in_sample
a84de2580a1ce7134d173520ed3c659c0a50f3f1cb6b252e09283f8b9833730a,results/deployment_readiness/claim_update.json,public_only,already_superseded_in_public,safe_candidate,public_survivor_only
cfc4803644f25d83a5a657b9d5628490993288d5f81fa133a2100c62a813495f,results/deployment_readiness/executive_summary.md,public_only,already_superseded_in_public,safe_candidate,public_survivor_only
ed0625a949b1b1f299f5244c61aa4d1259a4c86991ed8569eced90f2bbe5a692,results/docker_hardening/claim_update.json,public_only,already_superseded_in_public,safe_candidate,public_survivor_only
1d747cc1cbb6b2dd13bd6e6f28d24cf0b6fdb081dcd9e6ad6899d380ef415646,results/docker_hardening/executive_summary.md,public_only,already_superseded_in_public,safe_candidate,public_survivor_only
29bb3e733defef38f6cb93f8b909fad24ba76b63a4c426cd5029083b88d4b790,results/evidence_summary.json,different,already_superseded_in_public,safe_candidate,no_blocking_pattern_in_sample
e29089d7142ca41978cd1369cfe775fefa1eb4b85231aae7f8eac4175dc4d98b,results/external_evaluator_adapters_v2/claim_update.json,public_only,already_superseded_in_public,safe_candidate,public_survivor_only
d4bc1281bf15b37a75d788e19c0b9fd8f3458b55a6b7be52e869e63b9a33ce73,results/fresh_clone_reproducibility/claim_update.json,public_only,already_superseded_in_public,safe_candidate,public_survivor_only
413aaf006c027e04f35024e8f3dae1f0771352ef559fa4bd4313e35fd6d44033,results/fresh_clone_reproducibility/executive_summary.md,public_only,already_superseded_in_public,safe_candidate,public_survivor_only
701297341d679bfcba2b63ee0d2ff587e038181ca6b2255d8797677f0eba32d3,results/generative_llm_validation/claim_update.json,public_only,already_superseded_in_public,safe_candidate,public_survivor_only
cb7ea6ac61355096f84085b2104e0191d4588c537027e1dcfca933260e202533,results/generative_llm_validation/crag_answer_emission_model_comparison.csv,public_only,must_exclude_per_invariant,safe_candidate,public_survivor_only
a86fd84fb56888c528484a3a9f4a7f9a1e76ca45a4afeff6d45e6b0354baad5e,results/generative_llm_validation/crag_answer_emission_model_comparison.json,public_only,must_exclude_per_invariant,safe_candidate,public_survivor_only
350d7c0a336f1fdc875c441a7d320debc3f054a8d252bc545fb17fc978444389,results/generative_llm_validation/crag_answer_emission_model_comparison.md,public_only,must_exclude_per_invariant,safe_candidate,public_survivor_only
237b420e2dc36f25aa6487f0db307065b221d9d70475a193aec18e091ee7be98,results/generative_llm_validation/crag_learned_quality_risk_predictor_comparison.csv,public_only,already_superseded_in_public,safe_candidate,public_survivor_only
651a85bb02c54a68aa64f6a4873be0b279c1f29ef05b800fe12de45bb56133f5,results/generative_llm_validation/crag_learned_quality_risk_predictor_comparison.json,public_only,already_superseded_in_public,safe_candidate,public_survivor_only
c78ef65aab2469c29054e37ca0e574b2b2bd69f8920af158149681e9dd525d55,results/generative_llm_validation/crag_learned_quality_risk_predictor_comparison.md,public_only,already_superseded_in_public,safe_candidate,public_survivor_only
142a65046e032282e5e0418e19ef2a72555bca87965a5b1717881019ece03111,results/generative_llm_validation/crag_quality_risk_guardrail_v2_comparison.csv,public_only,already_superseded_in_public,safe_candidate,public_survivor_only
d7a25da2a2f18f27a5f67ec876d16ad11e45de1111444d1bd9c56710d0b7a721,results/generative_llm_validation/crag_quality_risk_guardrail_v2_comparison.json,public_only,already_superseded_in_public,safe_candidate,public_survivor_only
50043830b6a33011287421d15711b08a3656f635a7ad0bb819ab94d87a6c1862,results/generative_llm_validation/crag_quality_risk_guardrail_v2_comparison.md,public_only,already_superseded_in_public,safe_candidate,public_survivor_only
755199980d4b10be4a94938e523a0243f23a9fe9d71c657356750f7fa87ca6a5,results/generative_llm_validation/crag_repeat_comparison.csv,public_only,already_superseded_in_public,safe_candidate,public_survivor_only
29249425df77dc0e91180e622d638a1c9396ad4bde4d040b70bd269a088ddf30,results/generative_llm_validation/crag_repeat_comparison.json,public_only,already_superseded_in_public,safe_candidate,public_survivor_only
dedd001bd08be5d51e81549a5432e28feea8a7aeaeeb792f44f4eabc937ba4ff,results/generative_llm_validation/crag_repeat_comparison.md,public_only,already_superseded_in_public,safe_candidate,public_survivor_only
da1e4fc7dac081096c3783e5195fc9eb070160df9a4e4bd43c6b4c4365958151,results/generative_llm_validation/crag_second_model_comparison.csv,public_only,must_exclude_per_invariant,safe_candidate,public_survivor_only
f4432c303c37ba121d920e89ec045deb410772bbbce9237b9545cccd5429c9fd,results/generative_llm_validation/crag_second_model_comparison.json,public_only,must_exclude_per_invariant,safe_candidate,public_survivor_only
cc260ed038e4170c26728885832110b96db0af9da547e49a956922a4526fce91,results/generative_llm_validation/crag_second_model_comparison.md,public_only,must_exclude_per_invariant,safe_candidate,public_survivor_only
98dab6399d0381fc35e2d27df5658fe560a9b7dba8c431d113cf6cc965a56530,results/generative_llm_validation/crag_stability_comparison.csv,public_only,already_superseded_in_public,safe_candidate,public_survivor_only
50de2079b54c12e7468c2424b8bf93b092f3c4fa9c72fec2b56b6a7c8306a756,results/generative_llm_validation/crag_stability_comparison.json,public_only,already_superseded_in_public,safe_candidate,public_survivor_only
40cb8eeb153c29b63d7e42f647f5abf4e30a915b9835d37ff517d4ce383fd7de,results/generative_llm_validation/crag_stability_comparison.md,public_only,already_superseded_in_public,safe_candidate,public_survivor_only
5ff1545b539c8ddc3c62e50ea400f9fc90e05788c05d22803f31779be207aad3,results/generative_llm_validation/dataset_comparison_table.csv,public_only,already_superseded_in_public,safe_candidate,public_survivor_only
0004279dda9ab2ca48f16dd17170b3a248efb5ec22f18cd025b3dac5cda00f5c,results/generative_llm_validation/executive_summary.md,public_only,already_superseded_in_public,safe_candidate,public_survivor_only
d6da03c3afc586344750c2c2f48234b3180a03d9d056bad206efebf16a0e379d,results/generative_llm_validation/gpt_oss_20b/crag_stability_comparison.csv,public_only,already_superseded_in_public,safe_candidate,public_survivor_only
7bf49d714c59f4107cf211975c1bb6da2a7d2e9884eb31d14b21ed42c921b819,results/generative_llm_validation/gpt_oss_20b/crag_stability_comparison.json,public_only,already_superseded_in_public,safe_candidate,public_survivor_only
cb6ed3be0fdde52dce20245c58d1d57577ef9180c0bea9fec7f86464fb229e10,results/generative_llm_validation/gpt_oss_20b/crag_stability_comparison.md,public_only,already_superseded_in_public,safe_candidate,public_survivor_only
96328f137982eb872565b3170db730860d5f2c0101e2271e98629055415325f0,results/generative_llm_validation/limitations.md,public_only,already_superseded_in_public,safe_candidate,public_survivor_only
28574ed96fe556c30f8ced57e18f59ea6e1ed8190e9e75a73401635ad87bb267,results/generative_llm_validation/llama3_2_3b/crag_stability_comparison.csv,public_only,already_superseded_in_public,safe_candidate,public_survivor_only
ba3f53868ef2cd5b188fc9cb7aa41776f25b515e8b82960ae9805b9c311fec9e,results/generative_llm_validation/llama3_2_3b/crag_stability_comparison.json,public_only,already_superseded_in_public,safe_candidate,public_survivor_only
8f8f9f882b9ed6de2b81156a42a2a40b3a66999108e32426b987d1281b04725c,results/generative_llm_validation/llama3_2_3b/crag_stability_comparison.md,public_only,already_superseded_in_public,safe_candidate,public_survivor_only
5c8299cbe4e951866d7e551d8526f0fbf4d8e02284b58435e0ee945475358b9c,results/generative_llm_validation/paper_ready_summary.md,public_only,already_superseded_in_public,safe_candidate,public_survivor_only
297ba13950f1bcd848702e1a0274d8ee6a093165cb66f0ebeee1b0d706e02bf3,results/generative_llm_validation/synthesis_report.md,public_only,already_superseded_in_public,safe_candidate,public_survivor_only
8e701209f3ae39c8b294435051f1cf8c1761007ab94344962af658f75056a2d4,results/generative_llm_validation/synthesis_result.json,public_only,already_superseded_in_public,safe_candidate,public_survivor_only
4e5ce194bf7ed67bb048551bd398de007c52913e2348991ed25d16ed78fcc3aa,results/historical/historical_blocked_results.md,public_only,already_superseded_in_public,safe_candidate,public_survivor_only
dbd62bace52a3afbae445c2ed840ad932fd8fc4539c81d3e738ed93060993696,results/historical/historical_claim_status.json,public_only,already_superseded_in_public,safe_candidate,public_survivor_only
6401d71a3b894cef268aca5c467804fb7d7fa8c668ff534fbc76ddfea33be02d,results/historical/historical_evidence_ladder.json,public_only,already_superseded_in_public,safe_candidate,public_survivor_only
a0c65f6bf84f27ac12e539f8db43eeef9d91a3a7a9f56181e7321c42a45a5ff6,results/historical/historical_evidence_timeline.md,public_only,already_superseded_in_public,safe_candidate,public_survivor_only
69a3dc9285abe3080aa0cffc43e2e6926ad137f23069fd0a0c68223bfff5673b,results/historical/historical_negative_results.md,public_only,already_superseded_in_public,safe_candidate,public_survivor_only
e661987165115c4fcbfdecf973aaa971925652d7d769267d5ed1989b51a36e34,results/historical/historical_reproducibility_summary.md,public_only,already_superseded_in_public,safe_candidate,public_survivor_only
3e2070b959d71c152a2d28d9498b560b96fb95fc142fad6686a6aaec82c30847,results/historical/historical_run_index.csv,public_only,already_superseded_in_public,safe_candidate,public_survivor_only
e06d2dbaec21cc8ddfa470cb897507e6b88cc9ce434c0aa122d496524c6fc98a,results/historical/selected_run_summaries/01_spectra_quantum_fighter_summary.md,public_only,obsolete_removed_simulation_or_legacy_lineage,safe_candidate,public_survivor_only
e088f1e74e21e8515269fdf2bcade79ab2442b375d7a90bc6cdd5248b6c41970,results/historical/selected_run_summaries/02_synthetic_mechanism_matrix_summary.md,public_only,already_superseded_in_public,safe_candidate,public_survivor_only
eb891f45ce0f4f7beb93d3d82125b72bd0ff9a70f654f48fe5c54b53a4c669ce,results/historical/selected_run_summaries/03_external_transfer_summary.md,public_only,already_superseded_in_public,safe_candidate,public_survivor_only
e3294675d35e1afd7f87b0bb1ac5aa390e509a92dddc0208eeb0533796ac1720,results/historical/selected_run_summaries/04_matched_cost_real_rag_kill_test.md,public_only,already_superseded_in_public,safe_candidate,public_survivor_only
cf77c249b2acbe57aec70401340ea76223053f380bda0586c5ab0d40335e7b56,results/historical/selected_run_summaries/05_row_level_reconstruction.md,public_only,already_superseded_in_public,safe_candidate,public_survivor_only
131d3c967910735c3275853ce90243fd8d81d520d49224ff0866a4b2ded0c76f,results/historical/selected_run_summaries/06_t2_ragbench_development_v2.md,public_only,already_superseded_in_public,safe_candidate,public_survivor_only
c5e2e702ae2a9a5c74f6aa496b57da2378cab973aca6d005a3bf6131addc66f7,results/historical/selected_run_summaries/07_multihop_confirmatory.md,public_only,already_superseded_in_public,safe_candidate,public_survivor_only
85a8d7900219264d02adebc3a0a0955b00b0e1c7434b325a5dc457e27fda645f,results/historical/selected_run_summaries/08_selection_regret_audit.md,public_only,already_superseded_in_public,safe_candidate,public_survivor_only
67aaf5955acc3857dce5abde333bca98bb958dc9bd1b317202fa6341cf0fa064,results/historical/selected_run_summaries/09_hotpotqa_context_retrieval.md,public_only,already_superseded_in_public,safe_candidate,public_survivor_only
05efc839c5ad9b5eaf19379968605a971a97399d6d91eaa44f4466340f734101,results/historical/selected_run_summaries/10_crag_acquisition.md,public_only,already_superseded_in_public,safe_candidate,public_survivor_only
faff8c86ece2d8691c16ac7f81a797e2711543fa652c8acec209d47f8778808a,results/historical/selected_run_summaries/11_crag_web_document_governance.md,public_only,already_superseded_in_public,safe_candidate,public_survivor_only
e5b35d2282c18468a189db381788405b12ceb47a205d3ea35e01f1688682bd7c,results/historical/selected_run_summaries/12_crag_mock_api_validation.md,public_only,already_superseded_in_public,safe_candidate,public_survivor_only
0ec1a2a742986af533a2e579305427d2dc3cbf9376f787437a1ee5400c500a8d,results/historical/selected_run_summaries/13_natural_divergence.md,public_only,already_superseded_in_public,safe_candidate,public_survivor_only
b37c079f984190c2b8c815a8b6e938d966a1cfe2e6755c2719dc686acb13b1dc,results/historical/selected_run_summaries/14_rag_compass_niche_analysis.md,public_only,already_superseded_in_public,safe_candidate,public_survivor_only
c1c9eb8c422a2c9a778450353ed2ddaa9ed829c79f63314f3cb50c70fd24e3d2,results/historical/selected_run_summaries/15_unsupported_validation_areas.md,public_only,already_superseded_in_public,safe_candidate,public_survivor_only
bd3352e5e462107709d62a5c2b5c0cd8aaa4387bfbe7e5ae147cec1621457711,results/hotpotqa_quality_signal_audit_v2/claim_update.json,public_only,already_superseded_in_public,safe_candidate,public_survivor_only
1c08feb64f114d0694c5e36966ff083a07f31280c23f3edd06b663859978a548,results/multi_dataset_behavioral_governance/claim_update.json,public_only,already_superseded_in_public,safe_candidate,public_survivor_only
a622c4543311b3c9db6579bfd1a3cd4ae75fdbf7f34a3448199d42f558ca17e2,results/multi_dataset_behavioral_governance/dataset_comparison_table.csv,public_only,already_superseded_in_public,safe_candidate,public_survivor_only
83ed1ca1290f80225d4ee508b0355be668e5d57fda23c478a00404d971b6a807,results/multi_dataset_behavioral_governance/executive_summary.md,public_only,already_superseded_in_public,safe_candidate,public_survivor_only
38b366ab688e56172356ea501188cd57efc6a26c6acb96871a884f341a1c2a6f,results/multi_dataset_behavioral_governance/limitations.md,public_only,already_superseded_in_public,safe_candidate,public_survivor_only
cd075d4458d752cb8f35a9ab507ec236b95aecb62bf80c549ed18328e3269ca2,results/multi_dataset_behavioral_governance/paper_ready_summary.md,public_only,already_superseded_in_public,safe_candidate,public_survivor_only
ab2a7e1d9e151345317d014200e11f4bf6ca8361066fe4829a54287a129dfec3,results/multi_dataset_behavioral_governance/synthesis_report.md,public_only,already_superseded_in_public,safe_candidate,public_survivor_only
539c2a05cd252691f0af192ce41c837cf965922178960859cfc9e8c5dc4f78d9,results/multi_dataset_behavioral_governance/synthesis_result.json,public_only,already_superseded_in_public,safe_candidate,public_survivor_only
da2f5b2d3fd0ca2b5dafc5a9eb544b5805f8259e1412859cfeaf2023a03b6b0d,results/open_source_arxiv_readiness/arxiv_readiness_table.csv,public_only,already_superseded_in_public,safe_candidate,public_survivor_only
ef5b9a641d7beac61bbeccfe6e7582a001bbb72b93be5edc3f4ddcd0ffa7ee22,results/open_source_arxiv_readiness/claim_update.json,public_only,already_superseded_in_public,safe_candidate,public_survivor_only
6e3c3d3ad1d231590f832bb1e7c82297a90b56d13c13b62533f9181dbc54eb56,results/open_source_arxiv_readiness/evidence_table.csv,public_only,already_superseded_in_public,safe_candidate,public_survivor_only
934f2425754d8e5e62cc304a0fcee079a355a18da189e86de85fb9f6567ab89c,results/open_source_arxiv_readiness/executive_summary.md,public_only,already_superseded_in_public,safe_candidate,public_survivor_only
06d72a3fb8602ab8644821840ad0142d2af1226566eadb52ea2419143d6bfdfb,results/open_source_arxiv_readiness/limitations.md,public_only,already_superseded_in_public,safe_candidate,public_survivor_only
22e845af34a0df7b62a2f080780a0a4251975b99a4751d9e4d5f66ac1f9829f6,results/open_source_arxiv_readiness/synthesis_report.md,public_only,already_superseded_in_public,safe_candidate,public_survivor_only
63301d89efba1027ab775ab0867801999b8feca8b09db776c6713ffeac70bd0a,results/open_source_arxiv_readiness/synthesis_result.json,public_only,already_superseded_in_public,safe_candidate,public_survivor_only
0683eb17bac9fa9a2d43712ac5fc8e3babcac808a4f6f2b79491757f5a5687ea,results/open_source_arxiv_readiness/tool_readiness_table.csv,public_only,already_superseded_in_public,safe_candidate,public_survivor_only
f4f7ea7fc378034de9d1772827382becd5bc79ac72921d18ddb3aa39f241000a,results/public_mini_reproduction/claim_update.json,public_only,already_superseded_in_public,safe_candidate,public_survivor_only
9b8ce81f3a9ad572ef25b06c3b662f492b6085645a445e62e59f1c62c577b81e,results/public_mini_reproduction/executive_summary.md,public_only,already_superseded_in_public,safe_candidate,public_survivor_only
23d949ef65a1b49de0c202e55af017ae11958128aece5cc6a280ac223ba7d469,results/public_mini_reproduction/reproduction_report.md,public_only,already_superseded_in_public,safe_candidate,public_survivor_only
f578fbeba5cd752134da008d29104e5ac20e5ef8f55678af9d88408466e8e20f,results/rc1_arxiv_readiness/claim_update.json,public_only,already_superseded_in_public,safe_candidate,public_survivor_only
0ba8ddc79adea6e3829d250f95b4303dc0d501eeaaea4f11a4e82a37a62c822c,results/rc1_arxiv_readiness/evidence_table.csv,public_only,already_superseded_in_public,safe_candidate,public_survivor_only
b9ba7ae0eed9fce6dda6145239e92b4c01792467fa391ac861227e9c46b6b562,results/rc1_arxiv_readiness/executive_summary.md,public_only,already_superseded_in_public,safe_candidate,public_survivor_only
428c7408ae894846a3115eefc611c4defd4af28fc74375fdf162e9dfd4a6d85c,results/rc1_arxiv_readiness/limitations.md,public_only,already_superseded_in_public,safe_candidate,public_survivor_only
3b723ba95fb081f682f90875bfe89fea7e7aaf163080f59423f1244d4e5d4673,results/rc1_arxiv_readiness/paper_readiness_table.csv,public_only,already_superseded_in_public,safe_candidate,public_survivor_only
260b4e50cea7c2b9a309fde1485422fcf24813be866b4b2dbc823d58f5093051,results/rc1_arxiv_readiness/synthesis_report.md,public_only,already_superseded_in_public,safe_candidate,public_survivor_only
0c1b371774a7f729214e7ec5330286a5404806fcbaee2b899b2b7cc694f5f772,results/rc1_arxiv_readiness/synthesis_result.json,public_only,already_superseded_in_public,safe_candidate,public_survivor_only
4aeda5e9549d6da2db148af10f1fdd3657d669d6c293882902b0ffcce097a4e7,results/rc1_arxiv_readiness/tool_readiness_table.csv,public_only,already_superseded_in_public,safe_candidate,public_survivor_only
463815da5daa3ba9464c96dbd99bd5475eced736f87ddf749a36a3c667c677b7,results/release_candidate/v0.1.0-rc1/claim_update.json,public_only,already_superseded_in_public,safe_candidate,public_survivor_only
6e1e52d3de7df304cd0cd39d2999ed02522c81e59f174e2bbbac8b53deff4285,results/release_candidate/v0.1.0-rc1/release_notes.md,public_only,already_superseded_in_public,safe_candidate,public_survivor_only
e340bf3de6c5496737ec578badc150fdbaf9d88232771f1c15b646cd40abe305,results/run_index.csv,different,already_superseded_in_public,safe_candidate,no_blocking_pattern_in_sample
cadefbd54315e653b23e08fd2665109b8cc1718a8c0c8f1e69771773a71a70f4,results/selector_ablation_matrix/claim_update.json,public_only,already_superseded_in_public,safe_candidate,public_survivor_only
cecd314278eced10fbb5acd494b2d9f97c4a03799294a064930e88731c01cdc6,results/selector_ablation_matrix/executive_summary.md,public_only,already_superseded_in_public,safe_candidate,public_survivor_only
70d8f795db946af65a08154d1cd3f7979928709c2f9721b0ea676c9e8c7ef75b,results/selector_ablation_stress_v2/claim_update.json,public_only,already_superseded_in_public,safe_candidate,public_survivor_only
65a3c60342993b9e839b03fa5998e32c10c654a509b45ca1656da6b4a6759e1e,results/selector_ablation_stress_v2/executive_summary.md,public_only,already_superseded_in_public,safe_candidate,public_survivor_only
8a46aa3c469be67c91463816314d8f52ea88f19c461f684cbd62b3a84eebd03b,results/tables/claim_status_table.csv,different,already_superseded_in_public,safe_candidate,no_blocking_pattern_in_sample
626e10f457c1e0e0a9ff464fe1b065e5ff28408e97d1dd6d39450e7e6189a52a,results/tables/run_index.csv,different,already_superseded_in_public,safe_candidate,no_blocking_pattern_in_sample
e9bfedaf46ee1a9e85481d9044aa7a3e202365cf4ccee77b170f2f6f1e1b7697,results/verify_run_demo/claim_update.json,public_only,already_superseded_in_public,safe_candidate,public_survivor_only
a1627640a6bf9db005d62a0e19b6723e8f5ca44c24099e250b01362adda38239,schemas/artifact_manifest.schema.json,public_only,already_superseded_in_public,safe_candidate,public_survivor_only
a3458528b7f40aa80a199b8ef1a5e63250a93badbe400ba05ed30cb750d43694,schemas/deployment_readiness.schema.json,public_only,already_superseded_in_public,safe_candidate,public_survivor_only
72c5818d3435b5bd999bcb0c31d664f9bcadea620da86132201a01d690e471f8,schemas/promotion_decision.schema.json,public_only,already_superseded_in_public,safe_candidate,public_survivor_only
114df13828d6bddb844664cc01cbada0b1eceea5484b8a01f754ab8f9d967793,schemas/run_manifest.schema.json,public_only,already_superseded_in_public,safe_candidate,public_survivor_only
b0132c48ed5b350419303ec3eba473755c546d01329ea307deaf7654fd48e2c8,scripts/acquire_crag_live_mock_api_inputs.py,public_only,already_superseded_in_public,safe_candidate,public_survivor_only
35621d74ebe392c68eeeae57823f1d6c2be706f5bb12d3d39f8c651ff1668790,scripts/acquire_hotpotqa_public_corpus.py,public_only,already_superseded_in_public,safe_candidate,public_survivor_only
69a8e48cf0557a6c5d7016ac170f84df051e7892308c67e326c848d8fbf9fa88,scripts/build_local_approval_export.py,different,must_exclude_per_invariant,must_exclude,secret_like_pattern; private_path_like_pattern
ef25bd8687be94a87c4eafe8e9ef8d204583af781b620e7007e86fdc02daca3f,scripts/build_paper_assets.py,public_only,already_superseded_in_public,safe_candidate,public_survivor_only
3101dd5dccd42a1d6ef4b7ca0e10a653ec254249ac618c3b28ca94dc674cae7f,scripts/compare_crag_answer_emission_models.py,public_only,must_exclude_per_invariant,safe_candidate,public_survivor_only
cd86c322a6085844bc5cac8fe8b0efd574657e3aa1f4e4dc27d4ebe8c785ddeb,scripts/compare_crag_generative_repeats.py,public_only,already_superseded_in_public,safe_candidate,public_survivor_only
f1033464721f5012cc48dc43007898036d3c2270bcd086f84b2b8a4bcc4e9fa7,scripts/compare_crag_generative_second_model.py,public_only,must_exclude_per_invariant,safe_candidate,public_survivor_only
0c1e49855b9ba3330168006c43aa4cbb4da0ea56050f14d2cf988fcff511a96c,scripts/compare_crag_generative_stability.py,public_only,already_superseded_in_public,safe_candidate,public_survivor_only
4b7707c37fe05cb96521b4a75ebf022df5092c8042d26b6f4f08a8ae0a33ca05,scripts/diagnose_container_runtime.py,public_only,already_superseded_in_public,safe_candidate,public_survivor_only
5f068f9d6d913ac8a87927d421994909fda425f5e827028e8233e9b5e46de86b,scripts/diagnose_crag_evaluator_mapping.py,public_only,already_superseded_in_public,safe_candidate,public_survivor_only
4018c9703b1ef7dfbf38cd74dbb706e82e0151180fb5a8ac43361e5f9e0ba22b,scripts/diagnose_generator_access.py,public_only,already_superseded_in_public,safe_candidate,public_survivor_only
7ca788841cc48df4ee53d63bd0f1833b43dfd12f72d527e6772a534c487dfc25,scripts/generate_publication_metadata.py,different,must_exclude_per_invariant,must_exclude,secret_like_pattern; private_path_like_pattern
e370ab735b3a5d29ce7d7f0d64838acb0c531762dae917a1c54b61a65291cda0,scripts/package_for_approval.sh,different,must_exclude_per_invariant,must_exclude,private_path_like_pattern
ca8dc31df39689d4ee03fad2a24332fc5659cd847ae74e9a4d9df8c82d4d1911,scripts/prepare_release_candidate.py,public_only,already_superseded_in_public,safe_candidate,public_survivor_only
7a5f22b836f6f54c51df51242a3f2f209f67f703e50caa096f0ce1f71019c7ad,scripts/run_aim_hardware_characterization.py,public_only,already_superseded_in_public,safe_candidate,public_survivor_only
32aefa140631db4a1801c861890857a1b46e55adcb0489c49c507a6ae27732a7,scripts/run_aim_hardware_matrix.py,public_only,already_superseded_in_public,safe_candidate,public_survivor_only
0160518b3298c9ca5b54699d13cb499535bc82a4074b3b134d59fe60054ad6e4,scripts/run_behavioral_governance_experiment.py,public_only,already_superseded_in_public,safe_candidate,public_survivor_only
963fb3270c12660335e226a87963209347931cd911a2f08dac85763833aec871,scripts/run_container_smoke_tests.py,public_only,already_superseded_in_public,safe_candidate,public_survivor_only
a3241081551b8b75f407f4b4d7798098d1fde24dfca4bb5640551a670a8ee92a,scripts/run_crag_evaluator_mapping_diagnostic_v2.py,public_only,already_superseded_in_public,safe_candidate,public_survivor_only
91c206546b0454e51fc494c5989a2067b351f8628db22f2861da2265c50a674d,scripts/run_crag_generative_evaluator_mapping.py,public_only,already_superseded_in_public,safe_candidate,public_survivor_only
f5e06548b0767c7e79a55a70af19c1add14a501f8f95eba374458b76d86cb7eb,scripts/run_crag_generative_llm_validation.py,public_only,already_superseded_in_public,safe_candidate,public_survivor_only
3a020ce80e4e59f4dd461188dba7b2e6823b9debace9abd182104c3d63eb225f,scripts/run_crag_quality_risk_guardrail_v2.py,public_only,already_superseded_in_public,safe_candidate,public_survivor_only
743a7f2f5a42962a93a40572ed20bbe18add14e78f7a4a38d1d56ec6a59e5521,scripts/run_external_evaluator_adapter_demo.py,public_only,already_superseded_in_public,safe_candidate,public_survivor_only
8ae5a58ed624a4004074df932403129ee54052121cd49ec0f7a92311753404b2,scripts/run_external_evaluator_adapter_demo_v2.py,public_only,already_superseded_in_public,safe_candidate,public_survivor_only
5bf837a529affe63f1326ddf8ad2cf73a6bf28cd3ab12b647df336f1a1c98f99,scripts/run_fresh_clone_reproducibility_drill.py,public_only,already_superseded_in_public,safe_candidate,public_survivor_only
c3aee8cb4a828f2ea6ce2853b8b4e47c2606b2f355e65411f1c6b0046d22ecb2,scripts/run_fresh_live_crag_behavioral_governance.py,public_only,already_superseded_in_public,safe_candidate,public_survivor_only
3b19c27bcb3f448172ab55a9ccc0793be13dc43d48e2edbc644682b683568af4,scripts/run_generative_llm_validation_synthesis.py,public_only,already_superseded_in_public,safe_candidate,public_survivor_only
a136fa411b23336164d01c16273754b609002c792946afd5c71d169d207c7d0b,scripts/run_hotpotqa_behavioral_governance.py,public_only,already_superseded_in_public,safe_candidate,public_survivor_only
cdb4ce151e6198750af60756af1d6f028327d1d6afd2e3a5d437544463c7763d,scripts/run_hotpotqa_generative_llm_validation.py,public_only,already_superseded_in_public,safe_candidate,public_survivor_only
3e3073c44617d74180db9754a9e8debce3896c4adee4a1e4f0fdd69e6f7fb8da,scripts/run_hotpotqa_generative_quality_signal_audit.py,public_only,already_superseded_in_public,safe_candidate,public_survivor_only
faaa678cbb2efd2ef30135dabe25e5bf5f94f0368a28b97abbb5c2179349aa28,scripts/run_hotpotqa_generative_quality_signal_audit_v2.py,public_only,already_superseded_in_public,safe_candidate,public_survivor_only
f8e0beeb56d11dd7838cd76c492daa2f3ed455f48ae5b86a257e6f3971440a3e,scripts/run_multi_dataset_behavioral_governance_synthesis.py,public_only,already_superseded_in_public,safe_candidate,public_survivor_only
84f45a3f22ecd5de0eeea9e707db322ce41c38f5bd5082d224f21d92837d8bfa,scripts/run_open_source_arxiv_readiness_synthesis.py,public_only,already_superseded_in_public,safe_candidate,public_survivor_only
a709e23f02e6eb0378871ef542cf7f3d86810c31427775ea477b44b94002c8c1,scripts/run_optional_container_security_scans.py,public_only,already_superseded_in_public,safe_candidate,public_survivor_only
f181e28f6c62e42155c08ea37abcf7dcdb640bb95bce7f04cc57f4e5b61fad32,scripts/run_public_mini_reproduction.py,public_only,already_superseded_in_public,safe_candidate,public_survivor_only
9e9e5ac7e2439709d902c2889a223dfe60dd634ad79ab8f6c16f723eeb1e1a1e,scripts/run_rc1_arxiv_readiness_synthesis.py,public_only,already_superseded_in_public,safe_candidate,public_survivor_only
cfdb98ec548a45ab4155c147b46b2bfc977439767045fdc790594894fba3aca5,scripts/run_selector_ablation_matrix.py,public_only,already_superseded_in_public,safe_candidate,public_survivor_only
3fadd57c6c505911c272ef4467a7ea9f1834851e2e8e72924f2552aa028e1112,scripts/run_selector_ablation_stress_v2.py,public_only,already_superseded_in_public,safe_candidate,public_survivor_only
3c66ad6733643dc789e258e7120a6b2dc822dfb96937a6c86f20a0788173f540,scripts/validate_deployment_readiness.py,public_only,already_superseded_in_public,safe_candidate,public_survivor_only
b22e334cd13621064c3b6404cadc975129d681e392021ed735d1b4f74481959e,scripts/validate_docker_static.py,public_only,already_superseded_in_public,safe_candidate,public_survivor_only
055194e5df22979861e9756a257a3258cca34e081c56df700f993d74dfd99c31,scripts/validate_publication_bundle.py,different,must_exclude_per_invariant,must_exclude,secret_like_pattern
a89581830950e7dfce193205068a7b7041bfa0b8f5c6346acc84c7926f8b6a7c,scripts/verify_ragwarrant_run.py,public_only,already_superseded_in_public,safe_candidate,public_survivor_only
76eed030a484a400475ddeb5edaacdf4c2fe69e6176ff6d340ee1bc8f05d26f5,src/ragwarrant_governance.egg-info/PKG-INFO,different,needs_manual_review,safe_candidate,no_blocking_pattern_in_sample
77ba17a41f1f60e2410225ef680a37cadbb7bed2d8c27e96a95222e6585e9c25,src/ragwarrant_governance.egg-info/SOURCES.txt,different,needs_manual_review,safe_candidate,no_blocking_pattern_in_sample
164fb34d8b859bff19f3f6946cff1ab8c154f6933435021266b6fed6bcf6df84,src/ragwarrant/aim_hardware_characterization.py,public_only,already_superseded_in_public,safe_candidate,public_survivor_only
44c7837e11f7c866bd9b3331f59df349294b97e48e418d8162f0f24742fbc8d8,src/ragwarrant/artifacts.py,different,already_superseded_in_public,safe_candidate,no_blocking_pattern_in_sample
993d654414b9ca7ad7353981fa33c2b1eca36428e874184742afc2d1ecd87a5a,src/ragwarrant/behavioral_governance.py,public_only,already_superseded_in_public,safe_candidate,public_survivor_only
5a98ca8e12c456f1b49a99455b85ea9d6fbc66a192e6f7e46dce8fdca5f5b876,src/ragwarrant/certificates.py,different,already_superseded_in_public,safe_candidate,no_blocking_pattern_in_sample
432aef8f1d930ea6c3d1012578e48869ffab9362cd2bab7825850f8bdabb9e1a,src/ragwarrant/cli.py,different,already_superseded_in_public,safe_candidate,no_blocking_pattern_in_sample
67dc9d143f419542037c21d9339726b220ef650a786f0ae1d5df0e7881e47928,src/ragwarrant/container_runtime.py,public_only,already_superseded_in_public,safe_candidate,public_survivor_only
58b63017ca64420d956d1c07b578e529d1b22eb0bbff22d4a0799fd63160411c,src/ragwarrant/container_security_scans.py,public_only,already_superseded_in_public,safe_candidate,public_survivor_only
75dc4f8b22a45f1b32531c8d42034cb0b3ba6853c79a87a5a08773287b05bd00,src/ragwarrant/container_smoke_tests.py,public_only,already_superseded_in_public,safe_candidate,public_survivor_only
01914396ebb55c91aa0bc97f119eea532646fa997c2653f068888b09704f25a4,src/ragwarrant/crag_evaluator_mapping.py,public_only,already_superseded_in_public,safe_candidate,public_survivor_only
b353a68e90a4024dab8cde20d36e59f20a28698f061a615582e62770d5cc99a9,src/ragwarrant/crag_generative_validation.py,public_only,already_superseded_in_public,safe_candidate,public_survivor_only
a41fa287bb94ea144cf24a45704c76b39c7844059521675defb9fc6aa7d747c6,src/ragwarrant/deployment_readiness.py,public_only,already_superseded_in_public,safe_candidate,public_survivor_only
db60f272e42030e08cfaf76af859ef77a5a3ced6c2bc6d02918aa30cc442061a,src/ragwarrant/docker_static_validation.py,public_only,already_superseded_in_public,safe_candidate,public_survivor_only
2835fdc3ce35edd88705408c8e9ac3b9d75cc6f56174a951104b61fe9f9c78e6,src/ragwarrant/experiments/certificate_calibration.py,different,already_superseded_in_public,safe_candidate,no_blocking_pattern_in_sample
7642043f9481cca94f521c7efb0ec87885e8c89e1a46c0ae598e72cae9d49672,src/ragwarrant/experiments/cloud_repro.py,different,already_superseded_in_public,safe_candidate,no_blocking_pattern_in_sample
a9c231ccf5f8f782ae6f842fb7d9c1286e7066b832c97916f1cd16a08d9b8f41,src/ragwarrant/experiments/common.py,different,already_superseded_in_public,safe_candidate,no_blocking_pattern_in_sample
640a76210db471098d76364cb0333992065b815bd057c487cb9fa8356d8e2f4e,src/ragwarrant/experiments/end_to_end_public.py,different,already_superseded_in_public,safe_candidate,no_blocking_pattern_in_sample
f3348b7a0a96b3eadb0c54459e7e44726f03f6a0bc2047cac26e6ed6d8bb832d,src/ragwarrant/external_evaluator_adapter_demo.py,public_only,already_superseded_in_public,safe_candidate,public_survivor_only
9b84503b874bc768b687712045d10ade7eb3e960b0565e5bf4648813fe33da59,src/ragwarrant/external_evaluators/__init__.py,public_only,already_superseded_in_public,safe_candidate,public_survivor_only
e1c149a1c20de8535b7b16e0cc87dc36e0ce351240701ac86353c5854163e8e0,src/ragwarrant/external_evaluators/deepeval_adapter.py,public_only,already_superseded_in_public,safe_candidate,public_survivor_only
36d2643b9683012733c6798c2d11672256e7ccfef9953944b8f3c282de0b91d2,src/ragwarrant/external_evaluators/generic_csv_adapter.py,public_only,already_superseded_in_public,safe_candidate,public_survivor_only
1b1f92b2263ca88d61464348b703c6ff0c4c2fe4ca91f1b82e8a4e4106723273,src/ragwarrant/external_evaluators/generic_jsonl_adapter.py,public_only,already_superseded_in_public,safe_candidate,public_survivor_only
eed4e438fbef87f39f6b6b6ee9dc35d130a610162d3f656598e2a05dbf62d97d,src/ragwarrant/external_evaluators/ragas_adapter.py,public_only,already_superseded_in_public,safe_candidate,public_survivor_only
0129255604a159a0ee281b004f28c1c3546ea3851fa6c47dcccd08f36878de2f,src/ragwarrant/external_evaluators/schema.py,public_only,already_superseded_in_public,safe_candidate,public_survivor_only
6d805123e853915f345c06ca5f6b407c2cfde965d9c078bffec129eab19a99b7,src/ragwarrant/fixtures.py,different,already_superseded_in_public,safe_candidate,no_blocking_pattern_in_sample
9a10db60b4150d6659a48dac5a72f836cdd1219713fb5acc1eb647854f368349,src/ragwarrant/fresh_live_behavioral_governance.py,public_only,already_superseded_in_public,safe_candidate,public_survivor_only
db2d2357cf5cfd2dd9206270d06d8177200f249e0958909d4d5f1a91f5fa41b8,src/ragwarrant/generated_answer_quality.py,public_only,already_superseded_in_public,safe_candidate,public_survivor_only
323e83343b7aadb674394046ec28639b36cbb9103acd708e57ed864fe01e9be8,src/ragwarrant/generative_prompts.py,public_only,already_superseded_in_public,safe_candidate,public_survivor_only
1ba2a1018e9c294252bd8c05e63bee9a51c0a12ed6e7f2fb272684f25b670abc,src/ragwarrant/generative_validation_common.py,public_only,already_superseded_in_public,safe_candidate,public_survivor_only
2e97ed2518f48d330178b8090ceaca432904e01d3aa9c35d0c49c4050efe54a3,src/ragwarrant/generative_validation_synthesis.py,public_only,already_superseded_in_public,safe_candidate,public_survivor_only
f91700334e982af0d7f4634a43cb9282486f34f0a40899135d2a356e3e78958d,src/ragwarrant/generators/__init__.py,public_only,already_superseded_in_public,safe_candidate,public_survivor_only
ecc7fec4b6f1ac6d4ac1418e5f04c2115d79ff53f7ab2025d7eb57fe74856760,src/ragwarrant/generators/azure_openai.py,public_only,already_superseded_in_public,safe_candidate,public_survivor_only
f31c05a1654570d24a6499ed7d3b717db5ea7337f4ad94959f6fd389a4c84e29,src/ragwarrant/generators/base.py,public_only,already_superseded_in_public,safe_candidate,public_survivor_only
595d6f126cdf205475c19d01ef7abe35a7b07c735d917f8da390f35e0bbe00ec,src/ragwarrant/generators/factory.py,public_only,already_superseded_in_public,safe_candidate,public_survivor_only
e01bb0c00f5f94096cd164cb0ed2b6e1a2f54c2f8edc246a5aae410b76077b14,src/ragwarrant/generators/hosted_openai.py,public_only,already_superseded_in_public,safe_candidate,public_survivor_only
08b5f4bb6fdd0a212e928236ee8a5a62043510334e66f63cc56b2944f161afef,src/ragwarrant/generators/local_openai_compatible.py,public_only,already_superseded_in_public,safe_candidate,public_survivor_only
ce462aca060964da5ee440dc3baf91786bf6a3ce560f7f7f8083a123e4739af6,src/ragwarrant/generators/ollama.py,public_only,already_superseded_in_public,safe_candidate,public_survivor_only
732741445925ed5a45c4e8cab8636b8049590ca1ea06371d114d49536a065664,src/ragwarrant/generators/util.py,public_only,already_superseded_in_public,safe_candidate,public_survivor_only
327af8b240eb73d8636e35074acbaf3c5b59e1ff9af05e1dc6fe29b57c14f9e6,src/ragwarrant/hotpotqa_generative_quality_signal_audit.py,public_only,already_superseded_in_public,safe_candidate,public_survivor_only
210465f663a12fbc6352a850ca4e475f822515410e545f1b7250af5d3e21d076,src/ragwarrant/hotpotqa_generative_validation.py,public_only,already_superseded_in_public,safe_candidate,public_survivor_only
6a6f1dcdc67b8ca01fb21e3862e8f6d5d2a2156d09ab5a8f0c48bebc5af903c0,src/ragwarrant/open_source_arxiv_readiness_synthesis.py,public_only,already_superseded_in_public,safe_candidate,public_survivor_only
bf42f50dff338500552be5726994d4cc6e141b7c65a035840233e423cdefb68d,src/ragwarrant/phase2.py,different,must_exclude_per_invariant,must_exclude,private_path_like_pattern
c98065c05aa1ce03102c98a46847d91439dc18f80a5070dad170155f2bd0d862,src/ragwarrant/policy.py,different,already_superseded_in_public,safe_candidate,no_blocking_pattern_in_sample
d114db04b9d88941913131aeec4dd06d0e10c0cabe8db6bbfcf7728d756c63f6,src/ragwarrant/policy_selection.py,public_only,already_superseded_in_public,safe_candidate,public_survivor_only
48b5d629adaefa3cc7c068c90b039452bbf4ee96bb0e4072ed259d7987791250,src/ragwarrant/promotion_decision.py,public_only,already_superseded_in_public,safe_candidate,public_survivor_only
e4568180dc07e9fb07b024261dc5b94946e27ef1a58563c2ebd3df635f0d52e5,src/ragwarrant/public_mini_reproduction.py,public_only,already_superseded_in_public,safe_candidate,public_survivor_only
a59ebdff1ba6b317c42c99e63f550817ec1ba5172c6d8179f8cba50861a99930,src/ragwarrant/publication_sanitization.py,public_only,already_superseded_in_public,safe_candidate,public_survivor_only
3a1467da2cc91d4a3e2430a9ea26648bbc31fde7bd3e88addee9e44cd0d1123e,src/ragwarrant/quality_metrics.py,public_only,already_superseded_in_public,safe_candidate,public_survivor_only
fb9bed4247feaaf67161bfd886a7939917d4164618c1a9e9914e975909c08845,src/ragwarrant/rc1_maturity.py,public_only,already_superseded_in_public,safe_candidate,public_survivor_only
8e19bbefa9292f6fe8235f37d450874cddedd756f1ca8461d79cfc57c575e4d3,src/ragwarrant/real_rag.py,different,must_exclude_per_invariant,must_exclude,private_path_like_pattern
e14e514ac160a4ef046bee8f6ec7a817078a267b2c31dbd8e2a7e07f65c4b433,src/ragwarrant/reports.py,different,already_superseded_in_public,safe_candidate,no_blocking_pattern_in_sample
080443ea61a583e762284999b86ea7d3f3b2200853d37bf3d844ca69d0b5f8bf,src/ragwarrant/robustness.py,different,already_superseded_in_public,safe_candidate,no_blocking_pattern_in_sample
83fc543abcaeeca5b8b78e38cba85214d42cb5f5ade6cc45f4246b7126b7c74e,src/ragwarrant/selector_ablation_matrix.py,public_only,already_superseded_in_public,safe_candidate,public_survivor_only
b7f4a7dba98c0c027748f279db457be61180a7d06065fa7d5ee5502d70269674,src/ragwarrant/storage/__init__.py,public_only,already_superseded_in_public,safe_candidate,public_survivor_only
aed12b71025f1bcb85b6bea433e89cb499379365f874eb3a3e2f2b23d0f6172d,src/ragwarrant/storage/azure_blob.py,public_only,already_superseded_in_public,safe_candidate,public_survivor_only
159a06318da672d7c47f6f4ae10f64c0334782d712735a8f0c98fe864451b09b,src/ragwarrant/storage/base.py,public_only,already_superseded_in_public,safe_candidate,public_survivor_only
29e36666435ffcaec1891ce202bfe0cd99c675554cf74db304212749de363299,src/ragwarrant/storage/factory.py,public_only,already_superseded_in_public,safe_candidate,public_survivor_only
571d587e42f3831a281559f04d64cef6b46b42300082a80cb959f6a778343878,src/ragwarrant/storage/gcs.py,public_only,already_superseded_in_public,safe_candidate,public_survivor_only
ef42e7ebf48e54f6fcde23d85227b3128a252de9b707e2ec22ecd67601b66663,src/ragwarrant/storage/local.py,public_only,already_superseded_in_public,safe_candidate,public_survivor_only
2148cb34e2665b8076407cc13ca6e28c6574d6a88b467e591e01a0f6e58f69c4,src/ragwarrant/storage/s3.py,public_only,already_superseded_in_public,safe_candidate,public_survivor_only
f6ab5fb4667457b8aac6d860a81468372f98e68d267bf175e6a63de1afd20b94,src/ragwarrant/utils/__init__.py,public_only,already_superseded_in_public,safe_candidate,public_survivor_only
57c4f3425bd638b4c58a6015189faec92c612a541940af7217212e8d4123ef29,src/ragwarrant/utils/files.py,public_only,already_superseded_in_public,safe_candidate,public_survivor_only
ad6952518475ff8a08955b0cbdd784844a5edba01adac407997413b38532e2f4,src/ragwarrant/utils/hashing.py,public_only,already_superseded_in_public,safe_candidate,public_survivor_only
64a1ffaf5e6bd5339524c645585f7923279f4b6faf35b242a0539bec7294c6c4,src/ragwarrant/utils/write_once.py,public_only,already_superseded_in_public,safe_candidate,public_survivor_only
3b698e701a9fd11f02367e951734d4418d40482ae5f4fa9f60054c2ddf4a4683,src/ragwarrant/validation_phase3.py,different,must_exclude_per_invariant,must_exclude,private_path_like_pattern; raw_text_field_or_prompt_pattern
f8317c5c06fb182f6a8399662ef0cc473f84df0578aec5df49a6a5ab958bd5c7,src/<removed-lineage>/__init__.py,private_only,obsolete_removed_simulation_or_legacy_lineage,safe_candidate,no_blocking_pattern_in_sample
e87b4880ad0147c8b8a765013c61b30e7ad49c70b026658362fde4680763a5e1,src/<removed-lineage>/adaptive_arch/__init__.py,private_only,obsolete_removed_simulation_or_legacy_lineage,safe_candidate,no_blocking_pattern_in_sample
93222fa6f217693c9363983d3e4c8b7a9615d57575e9bc4a137e553c841ef557,src/<removed-lineage>/adaptive_arch/architecture_memory.py,private_only,obsolete_removed_simulation_or_legacy_lineage,safe_candidate,no_blocking_pattern_in_sample
29e4e1a1b3b585cedfa7febb78f1aadd3d924f5bbccd8c3fd943990bb024b5e1,src/<removed-lineage>/adaptive_arch/certificate.py,private_only,obsolete_removed_simulation_or_legacy_lineage,safe_candidate,no_blocking_pattern_in_sample
df486d4428527e472272a97e0da73a5920cf5bd3d7bd08471e504b61e8144995,src/<removed-lineage>/adaptive_arch/cli.py,private_only,obsolete_removed_simulation_or_legacy_lineage,safe_candidate,no_blocking_pattern_in_sample
5109e202ba3b8f1f0639b23584a48eb42db2c1ffc8374fb3cff101827b780feb,src/<removed-lineage>/adaptive_arch/config.py,private_only,obsolete_removed_simulation_or_legacy_lineage,safe_candidate,no_blocking_pattern_in_sample
d09e769e6f5aa5c1353d84fe27ec514910156736af96316a36274fe547e15fac,src/<removed-lineage>/adaptive_arch/diagnostics.py,private_only,obsolete_removed_simulation_or_legacy_lineage,safe_candidate,no_blocking_pattern_in_sample
b66c762fbda481832782c134498f3ec1356297327a672605e82758d4818bc122,src/<removed-lineage>/adaptive_arch/generators.py,private_only,obsolete_removed_simulation_or_legacy_lineage,safe_candidate,no_blocking_pattern_in_sample
3a75305a17b2206b82d61d7c34a1fa1d4af87ab17cbc688db9550eb321f7a843,src/<removed-lineage>/adaptive_arch/metrics.py,private_only,obsolete_removed_simulation_or_legacy_lineage,safe_candidate,no_blocking_pattern_in_sample
8e8211c18d2a23106afd858bc8f6de48526696e31b27aebdf86665d15f4b1d43,src/<removed-lineage>/adaptive_arch/regime_shift.py,private_only,obsolete_removed_simulation_or_legacy_lineage,safe_candidate,no_blocking_pattern_in_sample
7305200ba89adb6c827a14fb3c29df225fee8917e70b22080a6c4ed704af608a,src/<removed-lineage>/adaptive_arch/reporting.py,private_only,obsolete_removed_simulation_or_legacy_lineage,safe_candidate,no_blocking_pattern_in_sample
e3a1d6181e3bb45ecd85bf22ffe714a67168a3456bfeb9e0c0c5cb98030ee678,src/<removed-lineage>/adaptive_arch/rollout_requirements.py,private_only,obsolete_removed_simulation_or_legacy_lineage,safe_candidate,no_blocking_pattern_in_sample
7066c88ced39ef2c9365576ba85ef5a7d6d8693ef3b24687eaee2e4575131f63,src/<removed-lineage>/adaptive_arch/runner.py,private_only,obsolete_removed_simulation_or_legacy_lineage,safe_candidate,no_blocking_pattern_in_sample
6e69d3cddf84d33e524c82673c0ce44b09610c3ea79a7052aff7035d2a2f3e4a,src/<removed-lineage>/adaptive_arch/tasks.py,private_only,obsolete_removed_simulation_or_legacy_lineage,safe_candidate,no_blocking_pattern_in_sample
820dcdc325a7a1a53e22414b4b9cd70f1cf819bfaf5129608ff6418b7bc46242,src/<removed-lineage>/adaptive_arch/topology.py,private_only,obsolete_removed_simulation_or_legacy_lineage,safe_candidate,no_blocking_pattern_in_sample
b0d61927f0a4057b60c926154085a9325be2276410e37fa004a826a7c323d206,src/<removed-lineage>/cli.py,private_only,obsolete_removed_simulation_or_legacy_lineage,safe_candidate,no_blocking_pattern_in_sample
966a02af2850a0505c5d3200556afc58e0c2e32ddaeac6fa6251e20ecdfce29d,src/<removed-lineage>/config.py,private_only,must_exclude_per_invariant,must_exclude,private_path_like_pattern; host_or_ip_like_pattern
452e3c7d5892def34c81ba874e1ce667f8888869d5eab315e200538f66fcc16a,src/<removed-lineage>/data/__init__.py,private_only,obsolete_removed_simulation_or_legacy_lineage,safe_candidate,no_blocking_pattern_in_sample
c0b846007c33a7a1564e8b80f2fc0832d120ae6dba147ab34623e62ff0a05ee4,src/<removed-lineage>/data/acquire.py,private_only,obsolete_removed_simulation_or_legacy_lineage,safe_candidate,no_blocking_pattern_in_sample
efa57e6992460957e8806c0d724e53c0adc06ad54622586237594ddb85287351,src/<removed-lineage>/data/catalog.py,private_only,obsolete_removed_simulation_or_legacy_lineage,safe_candidate,no_blocking_pattern_in_sample
1a817eab5839fe4f7eb5b1ec7f586e8765600ee81d3a15f2df2c9241a18a8c25,src/<removed-lineage>/data/ensure_splits.py,private_only,obsolete_removed_simulation_or_legacy_lineage,safe_candidate,no_blocking_pattern_in_sample
1ac3a0c1dcd692119e9e1d1298a641b3dcf8fdf26d7df6b69cbc5e762671d4d0,src/<removed-lineage>/data/features.py,private_only,obsolete_removed_simulation_or_legacy_lineage,safe_candidate,no_blocking_pattern_in_sample
852c38c363acaaf0a6c9f87023beb3ac40738eadb4f75f96e2b645bd81cc3dff,src/<removed-lineage>/data/kaggle_client.py,private_only,obsolete_removed_simulation_or_legacy_lineage,safe_candidate,no_blocking_pattern_in_sample
8aeb17c2f78e84450a05783acde0e1f9b5be04bd7984fefd19ad5685460850a4,src/<removed-lineage>/data/manifest.py,private_only,obsolete_removed_simulation_or_legacy_lineage,safe_candidate,no_blocking_pattern_in_sample
bca01f5f1d6023847f1124913c8e68759fa153136dfa470aa7b878a11ce3d70a,src/<removed-lineage>/data/manual_import.py,private_only,obsolete_removed_simulation_or_legacy_lineage,safe_candidate,no_blocking_pattern_in_sample
2ceef1174fc43f08921d2a9d22a01e588debd5df506d72ca63c40040bb3253d8,src/<removed-lineage>/data/normalize.py,private_only,obsolete_removed_simulation_or_legacy_lineage,safe_candidate,no_blocking_pattern_in_sample
4d39507879b8b57e8f53e28e3b029768a87e0676774e3fcbed8f4899ecf95416,src/<removed-lineage>/data/resolver.py,private_only,obsolete_removed_simulation_or_legacy_lineage,safe_candidate,no_blocking_pattern_in_sample
4e5b6c6cbee4dd992e3db83bb62e68a5c42c645d63e9e7ef0b3a4dd8bfa72b3e,src/<removed-lineage>/data/schema.py,private_only,obsolete_removed_simulation_or_legacy_lineage,safe_candidate,no_blocking_pattern_in_sample
8aa68261e1ca4c0e3333eb8ca75f88b3903b3a322b4fb64f8e1e58c8234c1661,src/<removed-lineage>/data/split.py,private_only,obsolete_removed_simulation_or_legacy_lineage,safe_candidate,no_blocking_pattern_in_sample
3165539bf6cfd2ac1ef0bb69b2b21ad5078c8394a635a13db5989009794a864c,src/<removed-lineage>/data/synthetic.py,private_only,obsolete_removed_simulation_or_legacy_lineage,safe_candidate,no_blocking_pattern_in_sample
06cca11765f0a845419e45978c1f2e2688d2ef21d980037e503b957157ff2770,src/<removed-lineage>/data/synthetic_snapshot.py,private_only,obsolete_removed_simulation_or_legacy_lineage,safe_candidate,no_blocking_pattern_in_sample
1bd1280f280c796fb96a94dc89c444d5a60cd45f589755ec1a8a8cfa9789f9b9,src/<removed-lineage>/data/validate.py,private_only,obsolete_removed_simulation_or_legacy_lineage,safe_candidate,no_blocking_pattern_in_sample
d3695964899ff5b6e56a91d70fa63c923f141124a570333b511e40a4a4a708c1,src/<removed-lineage>/logging_config.py,private_only,obsolete_removed_simulation_or_legacy_lineage,safe_candidate,no_blocking_pattern_in_sample
82f8208fe97b4c655c46eb72032881ba338115f36bd12e59ce551ded05ea0a8a,src/<removed-lineage>/models/__init__.py,private_only,must_exclude_per_invariant,safe_candidate,no_blocking_pattern_in_sample
e7bcd798df0ab5ec8b9233a71e8d9b2ea6e468e8f75d70c78b1f358d23f4364c,src/<removed-lineage>/models/ablations.py,private_only,must_exclude_per_invariant,safe_candidate,no_blocking_pattern_in_sample
49424f32cbc42d6bb2bdee83524366f1b7dc5a00592e6793cf2641d10d4c1239,src/<removed-lineage>/models/baselines/__init__.py,private_only,must_exclude_per_invariant,safe_candidate,no_blocking_pattern_in_sample
e7e8ca8ff56a55b0e4d1f3f68a59892d8a3c34c9b4d1ae692fe60267f93053bf,src/<removed-lineage>/models/baselines/boosted_trees.py,private_only,must_exclude_per_invariant,safe_candidate,no_blocking_pattern_in_sample
e061ea7ef100c037862010c0d0ad7c5d9ca7037453367546acbd1c843f7f4dbd,src/<removed-lineage>/models/baselines/fourier_mlp.py,private_only,must_exclude_per_invariant,safe_candidate,no_blocking_pattern_in_sample
6887d70ee180082e92aa3dd446420f5a88a69b8e26e72c9c8bcbfc1bc55e09e6,src/<removed-lineage>/models/baselines/gate_inspired.py,private_only,must_exclude_per_invariant,safe_candidate,no_blocking_pattern_in_sample
86bd803b18c8742fc78cd6d46da959bce906bcae6d5a85f66d0778d58e8a7343,src/<removed-lineage>/models/baselines/sklearn_baselines.py,private_only,must_exclude_per_invariant,safe_candidate,no_blocking_pattern_in_sample
2ef204fd5d56607ed96dda1396aebb0a5415e81e49c625bf79deca56b8b338b7,src/<removed-lineage>/models/<removed-lineage>sim/__init__.py,private_only,must_exclude_per_invariant,safe_candidate,no_blocking_pattern_in_sample
5b4256ab6e8099d26b76dc7f34298bb38be8a85775d00644cc3919a2ca00358a,src/<removed-lineage>/models/<removed-lineage>sim/branch_scoring.py,private_only,must_exclude_per_invariant,safe_candidate,no_blocking_pattern_in_sample
7c434a0d17ac9da2150b2c8511b69532f831b9b7755d0cbb72d1afc342c4f31c,src/<removed-lineage>/models/<removed-lineage>sim/branching.py,private_only,must_exclude_per_invariant,safe_candidate,no_blocking_pattern_in_sample
53b60f3f624db0baef9319f26456b0b47edc5b6ed637044f8bf44c3fe6a03005,src/<removed-lineage>/models/<removed-lineage>sim/classifier.py,private_only,must_exclude_per_invariant,safe_candidate,no_blocking_pattern_in_sample
bbfd6b09ed8de01945cb2c0330a56fdeafd703bc8779aac280caf96b04dcf229,src/<removed-lineage>/models/<removed-lineage>sim/dynamics.py,private_only,must_exclude_per_invariant,safe_candidate,no_blocking_pattern_in_sample
c6b527e5666f7feada59b5b8c8f43c1ae2f562f02b22f980e4f5a67b2508fb22,src/<removed-lineage>/models/<removed-lineage>sim/emitters.py,private_only,must_exclude_per_invariant,safe_candidate,no_blocking_pattern_in_sample
a200cf77f5bada0cf458e84a708fb2b0e3ff6f783867b6aa2f3f7f9f96b1e7ee,src/<removed-lineage>/models/<removed-lineage>sim/feedback.py,private_only,must_exclude_per_invariant,safe_candidate,no_blocking_pattern_in_sample
a2bfd3d863709e42da303c90fd934704e2d9460da92af5ca2157d77973b03899,src/<removed-lineage>/models/<removed-lineage>sim/field_grid.py,private_only,must_exclude_per_invariant,safe_candidate,no_blocking_pattern_in_sample
eaddf393336a10e0fb5502cff6ad76ac83645b5cbf14c4331e959092bbff0fe9,src/<removed-lineage>/models/<removed-lineage>sim/merge.py,private_only,must_exclude_per_invariant,safe_candidate,no_blocking_pattern_in_sample
116d46c17c86f878b9f28c5d3561bcd095a24ec2dadcd01197a5744cc4f5577b,src/<removed-lineage>/models/<removed-lineage>sim/model.py,private_only,must_exclude_per_invariant,safe_candidate,no_blocking_pattern_in_sample
965af0f2b84d757fc6edce2e48962e964179e332312d130cda99d1b32232a125,src/<removed-lineage>/models/<removed-lineage>sim/phase_encoder.py,private_only,must_exclude_per_invariant,safe_candidate,no_blocking_pattern_in_sample
867cd93f2e47c1e0be24bc56d1982ce099f144012d241a4c0a628918ed1e8633,src/<removed-lineage>/models/<removed-lineage>sim/readout.py,private_only,must_exclude_per_invariant,safe_candidate,no_blocking_pattern_in_sample
bf4dccdc692e698634942590931bf9894b4fccdf4d259904cd16bcfe55b17c7a,src/<removed-lineage>/models/<removed-lineage>sim/region_selectors.py,private_only,must_exclude_per_invariant,safe_candidate,no_blocking_pattern_in_sample
c4d62ae7f254f85aa76cb97ac70a5c4de7eb7aeca16fb6fb32352a172c40adab,src/<removed-lineage>/models/<removed-lineage>sim/rollout.py,private_only,must_exclude_per_invariant,safe_candidate,no_blocking_pattern_in_sample
dbb13568039de9af15a781f8b159847ca95022c3c91f9ad393a564c845dea070,src/<removed-lineage>/models/<removed-lineage>sim/snapshot.py,private_only,must_exclude_per_invariant,safe_candidate,no_blocking_pattern_in_sample
9c0c185bfc6488018e35d47a56d580f7a82dc373807de9b2455949ca4f04b0ba,src/<removed-lineage>/models/<removed-lineage>sim/snapshot_engine.py,private_only,must_exclude_per_invariant,safe_candidate,no_blocking_pattern_in_sample
f80fb494def587d2130fffd456f06f3f69923ae6faf930300956a5d8ffd27a2b,src/<removed-lineage>/models/<removed-lineage>sim/zones.py,private_only,must_exclude_per_invariant,safe_candidate,no_blocking_pattern_in_sample
aacaea01809d8b95e9acb1fae3cb4ba65a04503fc3b3ea24d5df25326643db08,src/<removed-lineage>/next_sim/__init__.py,private_only,obsolete_removed_simulation_or_legacy_lineage,safe_candidate,no_blocking_pattern_in_sample
c33efe520c913c1d53206bbe1104f76e62eb46d79e6b87e2e0e44366a89a14f2,src/<removed-lineage>/next_sim/adaptive_escalation/__init__.py,private_only,obsolete_removed_simulation_or_legacy_lineage,safe_candidate,no_blocking_pattern_in_sample
c50e555f1902e2f0df068e1f5f348952473e5c48b28b84f4593af59d8f72e8d1,src/<removed-lineage>/next_sim/adaptive_escalation/policies.py,private_only,obsolete_removed_simulation_or_legacy_lineage,safe_candidate,no_blocking_pattern_in_sample
5a919d19a453b4de5b61c1f382b221306c3524c8f68ecfda4540601d5acbf4d2,src/<removed-lineage>/next_sim/certificates.py,private_only,obsolete_removed_simulation_or_legacy_lineage,safe_candidate,no_blocking_pattern_in_sample
934b7ca9db9ef15d8a0897899d9c64125d19f89ba5562d23ea9fc6857afb7e81,src/<removed-lineage>/next_sim/claim_faithfulness/__init__.py,private_only,obsolete_removed_simulation_or_legacy_lineage,safe_candidate,no_blocking_pattern_in_sample
88250ec1ed62194c4e4498c78a868626def86830102f2e85775b48ce7da04a7a,src/<removed-lineage>/next_sim/claim_faithfulness/claim_extraction_proxy.py,private_only,obsolete_removed_simulation_or_legacy_lineage,needs_manual_review,raw_text_field_or_prompt_pattern
16135e39490fb22fcaa71b8a6941cc07c218a0f91ac0ee7744c6e3c9660f16eb,src/<removed-lineage>/next_sim/cli.py,private_only,obsolete_removed_simulation_or_legacy_lineage,safe_candidate,no_blocking_pattern_in_sample
c138e02742a3be0a85713d90e5790d4a1e4e0a43d3583b075c6919ecc20ead36,src/<removed-lineage>/next_sim/config.py,private_only,obsolete_removed_simulation_or_legacy_lineage,safe_candidate,no_blocking_pattern_in_sample
fa9692c18f5d79a1831550cd1b73295fa4572d0d6724c28d5a482e92de3d3f83,src/<removed-lineage>/next_sim/elastic_compute/__init__.py,private_only,obsolete_removed_simulation_or_legacy_lineage,safe_candidate,no_blocking_pattern_in_sample
443fbfad9f50d9bce7eda0d7a881848c8fd63cdf85686e10d3d7fe61c1aded22,src/<removed-lineage>/next_sim/elastic_compute/synthetic_trace.py,private_only,obsolete_removed_simulation_or_legacy_lineage,safe_candidate,no_blocking_pattern_in_sample
88ba89a4876e8f47824467c95bc3c329206c436b27289a86e671df05976472b9,src/<removed-lineage>/next_sim/paths.py,private_only,obsolete_removed_simulation_or_legacy_lineage,safe_candidate,no_blocking_pattern_in_sample
ba48ba65c260b162dc02bb44775a5f96439a257514c5e345d32418b03fd772fa,src/<removed-lineage>/next_sim/protected_results.py,private_only,obsolete_removed_simulation_or_legacy_lineage,safe_candidate,no_blocking_pattern_in_sample
dab8ca402887c0883de9d040ae3534d1ef48e5e38e5f6bbbe8e112a8ef20995a,src/<removed-lineage>/next_sim/publication_bundle.py,private_only,obsolete_removed_simulation_or_legacy_lineage,safe_candidate,no_blocking_pattern_in_sample
33c34b6308bba0d2be06d3ebbc6ddf11e468b8b8a3937a0cc1e3d525d66a85a6,src/<removed-lineage>/next_sim/rag_hard_subset/__init__.py,private_only,obsolete_removed_simulation_or_legacy_lineage,safe_candidate,no_blocking_pattern_in_sample
9a283695c1842b54e345e2e12e0d30cab7a17e5092c9fa51c6218a988760ec33,src/<removed-lineage>/next_sim/rag_hard_subset/subset_detection.py,private_only,obsolete_removed_simulation_or_legacy_lineage,safe_candidate,no_blocking_pattern_in_sample
43f6b2aee8e990ed61c4ffcd12e3133889a04f94f5a3f91c9105b55a29380cb6,src/<removed-lineage>/next_sim/reports.py,private_only,obsolete_removed_simulation_or_legacy_lineage,safe_candidate,no_blocking_pattern_in_sample
7d21d1be6874da03de09b1ad620f7bde66e2311cc65d2feb3800c46cc5a20ea0,src/<removed-lineage>/next_sim/runner.py,private_only,obsolete_removed_simulation_or_legacy_lineage,needs_manual_review,raw_text_field_or_prompt_pattern
4336c500bab1854b40044acc227ce0cb64b05036605de88f502fc918c8846d2e,src/<removed-lineage>/next_sim/<removed-lineage>_core_v2/__init__.py,private_only,obsolete_removed_simulation_or_legacy_lineage,safe_candidate,no_blocking_pattern_in_sample
29bd207875c35e2d6f2dfdaf1fbfd588f889b03f6a26722c4c8ea3190751f6ac,src/<removed-lineage>/next_sim/<removed-lineage>_core_v2/closed_loop_v2.py,private_only,obsolete_removed_simulation_or_legacy_lineage,safe_candidate,no_blocking_pattern_in_sample
32f279e397f67046ccd5d24494b5584c0007e2e22c9991e6385faaf92c8b8024,src/<removed-lineage>/next_sim/<removed-lineage>_core_v2/field_substrate_v2.py,private_only,obsolete_removed_simulation_or_legacy_lineage,safe_candidate,no_blocking_pattern_in_sample
9c55cf75a61f67fa2eae69e3507d2f1e8aefec9b0ffd5c028997ca8aafbf8897,src/<removed-lineage>/orchestration/__init__.py,private_only,obsolete_removed_simulation_or_legacy_lineage,safe_candidate,no_blocking_pattern_in_sample
6c683a3a886b631a9d54261e5d459e5ca305bfa9f48594c4747065d2a34f3535,src/<removed-lineage>/orchestration/api.py,private_only,obsolete_removed_simulation_or_legacy_lineage,safe_candidate,no_blocking_pattern_in_sample
2a8c94a83afd8eafd46ba85dd0d6f411daf3a693e03bc8948c16a8350c288725,src/<removed-lineage>/orchestration/jobs.py,private_only,obsolete_removed_simulation_or_legacy_lineage,safe_candidate,no_blocking_pattern_in_sample
e5b58c7a95d34c467066403c19056b666cef8887fc141e809ec170966f371841,src/<removed-lineage>/orchestration/matrix.py,private_only,obsolete_removed_simulation_or_legacy_lineage,safe_candidate,no_blocking_pattern_in_sample
003e1e21d9a889a72ae75ce53d7c18e03666b20e561faacd2d35a11c0c661af9,src/<removed-lineage>/orchestration/node_registry.py,private_only,obsolete_removed_simulation_or_legacy_lineage,safe_candidate,no_blocking_pattern_in_sample
d7f839e721d8d1dc41602303e91a765393cdf009019f2377b88ace39cdec65b5,src/<removed-lineage>/orchestration/queue.py,private_only,obsolete_removed_simulation_or_legacy_lineage,safe_candidate,no_blocking_pattern_in_sample
d4470c15080d85b01e23415bd0440f6c0796cf005efdb1136dc3fa8f994d16d0,src/<removed-lineage>/orchestration/scheduler.py,private_only,obsolete_removed_simulation_or_legacy_lineage,safe_candidate,no_blocking_pattern_in_sample
ca74f10ee80861cc71f315e27af361061e04ab038d1ce960bd1e3c67d29ecf5e,src/<removed-lineage>/orchestration/worker.py,private_only,obsolete_removed_simulation_or_legacy_lineage,safe_candidate,no_blocking_pattern_in_sample
89ab52f8d69bb96bcb53fa2e7c69d55b9ef06aeed133d7233d2cc9309bc12c11,src/<removed-lineage>/paths.py,private_only,obsolete_removed_simulation_or_legacy_lineage,safe_candidate,no_blocking_pattern_in_sample
285882a845ca56ed1c32b6cdd090c2d7b2f75588e3eb5d93e3c837296b1e49f2,src/<removed-lineage>/registry/__init__.py,private_only,obsolete_removed_simulation_or_legacy_lineage,safe_candidate,no_blocking_pattern_in_sample
860a3bb06a2a6883569705f2fa67c084934dbf1706e63f556b6ce92edd2bb232,src/<removed-lineage>/registry/db.py,private_only,obsolete_removed_simulation_or_legacy_lineage,safe_candidate,no_blocking_pattern_in_sample
dc8a9c27ffad59409ecf5a1001be48f3983f6079f7612b1e6cdee17d43315e19,src/<removed-lineage>/registry/migrations.py,private_only,obsolete_removed_simulation_or_legacy_lineage,safe_candidate,no_blocking_pattern_in_sample
3f7c6fdc8e0d96ebc468f828d6a79d2b2f8e557c541b3347b97856ac3e58f2bb,src/<removed-lineage>/registry/models.py,private_only,must_exclude_per_invariant,safe_candidate,no_blocking_pattern_in_sample
2007d9c083c24b62cacee276bb5598a651793171e19d8f2edf47d2947ff3e0d0,src/<removed-lineage>/registry/repositories.py,private_only,obsolete_removed_simulation_or_legacy_lineage,safe_candidate,no_blocking_pattern_in_sample
a836136e5a6cb2038532f6aff6c263c92cbdddf611871cc3c662dd3d2628306c,src/<removed-lineage>/reporting/__init__.py,private_only,obsolete_removed_simulation_or_legacy_lineage,safe_candidate,no_blocking_pattern_in_sample
10b1c9009a6ad7dffb819632b32afa6b67902f0b459c9b86be24466c4ba3b061,src/<removed-lineage>/reporting/bootstrap_compare.py,private_only,obsolete_removed_simulation_or_legacy_lineage,safe_candidate,no_blocking_pattern_in_sample
ad73a6525ac00cf51cf002c3486eb51b6972e0fcfacbed1565602cceb9877fc4,src/<removed-lineage>/reporting/certificate.py,private_only,obsolete_removed_simulation_or_legacy_lineage,safe_candidate,no_blocking_pattern_in_sample
d253c7c6683d5d317e0777edf33f3c3a2102785a0526bbd8484ed1eae34835c2,src/<removed-lineage>/reporting/compare_runs.py,private_only,obsolete_removed_simulation_or_legacy_lineage,safe_candidate,no_blocking_pattern_in_sample
e6902f9919d706a39135e08365feb25acef7ba706c0839e663614cc91ceda573,src/<removed-lineage>/reporting/explain_run.py,private_only,obsolete_removed_simulation_or_legacy_lineage,safe_candidate,no_blocking_pattern_in_sample
acaf62319ce14c458c96291864ffd9b62dfcdcf72e7fc541c9558bf064c51bb2,src/<removed-lineage>/reporting/plots.py,private_only,obsolete_removed_simulation_or_legacy_lineage,safe_candidate,no_blocking_pattern_in_sample
a66fd9f28b1f8055bf249fa1e2560f8fa308e0736f296b8f5f695b51f8475cd6,src/<removed-lineage>/reporting/templates/certificate_report.md.j2,private_only,obsolete_removed_simulation_or_legacy_lineage,safe_candidate,no_blocking_pattern_in_sample
66501576e9c97874912a04096decac7621f67f59530ca637a0721f0c3d9b0ce3,src/<removed-lineage>/reporting/templates/dataset_report.md.j2,private_only,obsolete_removed_simulation_or_legacy_lineage,safe_candidate,no_blocking_pattern_in_sample
bcdee3379f206d6be1c8f7750655b608daf1b8824da3b45a9601eaa5d0d4d050,src/<removed-lineage>/reporting/templates/run_explanation.md.j2,private_only,obsolete_removed_simulation_or_legacy_lineage,safe_candidate,no_blocking_pattern_in_sample
69afe3067d25bde71feb1ddc6de94a142c5b89306a66e347c03c5e3c1c7ddfef,src/<removed-lineage>/<removed-lineage>_core/__init__.py,private_only,obsolete_removed_simulation_or_legacy_lineage,safe_candidate,no_blocking_pattern_in_sample
f84df9a01902af8af4d2bebc58c8dc39658568a3349d9af863a02bca50006421,src/<removed-lineage>/<removed-lineage>_core/adaptive_arch/__init__.py,private_only,obsolete_removed_simulation_or_legacy_lineage,safe_candidate,no_blocking_pattern_in_sample
a5916cd13565a74be240627b188e69a51cd0f3138dfa04dfbf24c8ae4a7ded73,src/<removed-lineage>/<removed-lineage>_core/adaptive_arch/generators.py,private_only,obsolete_removed_simulation_or_legacy_lineage,safe_candidate,no_blocking_pattern_in_sample
c5ea58d185e4e949f5dbc6dcf969016a9faf1102149583f55b44f77cac8f398c,src/<removed-lineage>/<removed-lineage>_core/adaptive_arch/runner.py,private_only,obsolete_removed_simulation_or_legacy_lineage,safe_candidate,no_blocking_pattern_in_sample
3f27987aca8c417e5abdea500d07f5c2beeb3dae1983af06e9bd86d29a65fb06,src/<removed-lineage>/<removed-lineage>_core/adaptive_arch/systems.py,private_only,obsolete_removed_simulation_or_legacy_lineage,safe_candidate,no_blocking_pattern_in_sample
d5036b66ffb0dfb77cf47da7b524ad893946d09d159c86c10b549af30bf0f3f2,src/<removed-lineage>/<removed-lineage>_core/adaptive_arch/tasks.py,private_only,obsolete_removed_simulation_or_legacy_lineage,safe_candidate,no_blocking_pattern_in_sample
0953f0a20cfcfc54a47a117d655c1efcc78b84eb30d32e9123e4715b99cfc46a,src/<removed-lineage>/<removed-lineage>_core/cli.py,private_only,obsolete_removed_simulation_or_legacy_lineage,safe_candidate,no_blocking_pattern_in_sample
6e357e0f0b1baad6aaff92505ce23a469a57aeb0f11a6db64943f56cdcc4f00e,src/<removed-lineage>/<removed-lineage>_core/closed_loop/__init__.py,private_only,obsolete_removed_simulation_or_legacy_lineage,safe_candidate,no_blocking_pattern_in_sample
b405e708d2705f1b8b8eb97507216d9ef8af54b62e646b1ba250d4e08e5f41e8,src/<removed-lineage>/<removed-lineage>_core/closed_loop/controllers.py,private_only,obsolete_removed_simulation_or_legacy_lineage,safe_candidate,no_blocking_pattern_in_sample
c9df66629412897c392aa1fb32f611ac0194b1230eef1c6240c58a8aa7b02eb0,src/<removed-lineage>/<removed-lineage>_core/closed_loop/diagnostics.py,private_only,obsolete_removed_simulation_or_legacy_lineage,safe_candidate,no_blocking_pattern_in_sample
5a8b10ec253268bfeb8d607700418a33dc4b668bdf924714e6a684ba233846b1,src/<removed-lineage>/<removed-lineage>_core/closed_loop/drift.py,private_only,obsolete_removed_simulation_or_legacy_lineage,safe_candidate,no_blocking_pattern_in_sample
30a7aaa096a29b99c5704771d5bf1a7be2371ab65f8535c44fbda0fdba849e16,src/<removed-lineage>/<removed-lineage>_core/closed_loop/failures.py,private_only,obsolete_removed_simulation_or_legacy_lineage,safe_candidate,no_blocking_pattern_in_sample
3ff788f0fa6c9961795b176f53bbbf228059eec8f7fffa38a890654bb864f416,src/<removed-lineage>/<removed-lineage>_core/closed_loop/latency.py,private_only,obsolete_removed_simulation_or_legacy_lineage,safe_candidate,no_blocking_pattern_in_sample
2076134d4daa005e04a70492bcab1c741f65d3ba44862676b32322aa48b2306d,src/<removed-lineage>/<removed-lineage>_core/closed_loop/perturbations.py,private_only,obsolete_removed_simulation_or_legacy_lineage,safe_candidate,no_blocking_pattern_in_sample
609e5ac58e41827429d16e697b61865a3ec9eb2f5d1f0092ed62505333a4f6de,src/<removed-lineage>/<removed-lineage>_core/closed_loop/runner.py,private_only,obsolete_removed_simulation_or_legacy_lineage,safe_candidate,no_blocking_pattern_in_sample
4e65237991251092730c060f2fe5c24a16a120e8e4bcae9eb80e019a7694bf68,src/<removed-lineage>/<removed-lineage>_core/closed_loop/sensors.py,private_only,obsolete_removed_simulation_or_legacy_lineage,safe_candidate,no_blocking_pattern_in_sample
749827d7d81a50619fc59e642a091a9aabe7fb851ba1c1a8f8018474d3a12529,src/<removed-lineage>/<removed-lineage>_core/common/__init__.py,private_only,obsolete_removed_simulation_or_legacy_lineage,safe_candidate,no_blocking_pattern_in_sample
6d16a1d6a2d477de720903304299ab7e2e5830611bba76aeb35d264fc024b0ee,src/<removed-lineage>/<removed-lineage>_core/common/certificates.py,private_only,obsolete_removed_simulation_or_legacy_lineage,safe_candidate,no_blocking_pattern_in_sample
a4bf2e74b79535f998352c0fae2a0eb42a2ccef2f6bc5c414e60024e9a575633,src/<removed-lineage>/<removed-lineage>_core/common/diagnostics.py,private_only,obsolete_removed_simulation_or_legacy_lineage,safe_candidate,no_blocking_pattern_in_sample
31c3d2721d6d6f02004b91e3285a740962746a291ee7badadfbd533dfa57ef88,src/<removed-lineage>/<removed-lineage>_core/common/grids.py,private_only,obsolete_removed_simulation_or_legacy_lineage,safe_candidate,no_blocking_pattern_in_sample
700e757aaa9ba6d27d6fce48543132e2c76bd1485ba9fc05ab6349b7f8020253,src/<removed-lineage>/<removed-lineage>_core/common/metrics.py,private_only,obsolete_removed_simulation_or_legacy_lineage,safe_candidate,no_blocking_pattern_in_sample
2d12eb8628792bf0d23a746e3d8f03e4aeb758bff53bc40c7ef352b13832cd29,src/<removed-lineage>/<removed-lineage>_core/common/no_overwrite.py,private_only,obsolete_removed_simulation_or_legacy_lineage,safe_candidate,no_blocking_pattern_in_sample
fda76db43b92b545e6b9b9400d55a5f6f6071b89313ca093ae9187d3cb24844c,src/<removed-lineage>/<removed-lineage>_core/common/numerical.py,private_only,obsolete_removed_simulation_or_legacy_lineage,safe_candidate,no_blocking_pattern_in_sample
c26ec9e9ac90fc73bcc240b44f5ee8a23cf77cd3d603c1f381a3d42ce8aa893a,src/<removed-lineage>/<removed-lineage>_core/common/plotting.py,private_only,obsolete_removed_simulation_or_legacy_lineage,safe_candidate,no_blocking_pattern_in_sample
24c67a9343131e882ecaab6ed6030eef9470cf13b3e3c2886604007862969e06,src/<removed-lineage>/<removed-lineage>_core/common/state.py,private_only,obsolete_removed_simulation_or_legacy_lineage,safe_candidate,no_blocking_pattern_in_sample
26806550a9c856cd6b44571071e4bd20cfb06c72a6ae46a99982317dab24429b,src/<removed-lineage>/<removed-lineage>_core/config.py,private_only,obsolete_removed_simulation_or_legacy_lineage,safe_candidate,no_blocking_pattern_in_sample
6628362edbdbc87724644c51ad7284cd519c1d37e1b76382dcf0ed5aab6a8881,src/<removed-lineage>/<removed-lineage>_core/field_substrate/__init__.py,private_only,obsolete_removed_simulation_or_legacy_lineage,safe_candidate,no_blocking_pattern_in_sample
72278e4518e165b8f3af25a9f56971ea9bcf8a1a9d6c9f97bf96863b4c82da6f,src/<removed-lineage>/<removed-lineage>_core/field_substrate/crosstalk.py,private_only,obsolete_removed_simulation_or_legacy_lineage,safe_candidate,no_blocking_pattern_in_sample
06fe31ae51703487efc582d4eaaf72618d90f313f8fc60d65e598f54a48db247,src/<removed-lineage>/<removed-lineage>_core/field_substrate/diagnostics.py,private_only,obsolete_removed_simulation_or_legacy_lineage,safe_candidate,no_blocking_pattern_in_sample
6cb1cc6d26a06593a66bffb573eed6be4097e60722226ef997be0a4c757b3442,src/<removed-lineage>/<removed-lineage>_core/field_substrate/dynamics.py,private_only,obsolete_removed_simulation_or_legacy_lineage,safe_candidate,no_blocking_pattern_in_sample
9feefb366e8da90ffd06f90686137e40305adc3059328958bfd1d2d1fc534d7a,src/<removed-lineage>/<removed-lineage>_core/field_substrate/emitters.py,private_only,obsolete_removed_simulation_or_legacy_lineage,safe_candidate,no_blocking_pattern_in_sample
ef10515ae17ae9b79a63fa347df6d7aaa182e0b29e459b8ad3eb4e72a9716407,src/<removed-lineage>/<removed-lineage>_core/field_substrate/field_grid.py,private_only,obsolete_removed_simulation_or_legacy_lineage,safe_candidate,no_blocking_pattern_in_sample
6411ed68ab36dfdf7f66beec5cb63599aae9e0482587b10f950586fdd2707305,src/<removed-lineage>/<removed-lineage>_core/field_substrate/runner.py,private_only,obsolete_removed_simulation_or_legacy_lineage,safe_candidate,no_blocking_pattern_in_sample
817f9e3bb9b498af11c787d870d076819685bebc448140c2b5e88016b79acb0b,src/<removed-lineage>/<removed-lineage>_core/field_substrate/target_fields.py,private_only,obsolete_removed_simulation_or_legacy_lineage,safe_candidate,no_blocking_pattern_in_sample
18579aa6946e8a4323e2ef198ca2c50219a065ab0001a078b87f6b8ba85c5524,src/<removed-lineage>/<removed-lineage>_core/field_substrate/zones.py,private_only,obsolete_removed_simulation_or_legacy_lineage,safe_candidate,no_blocking_pattern_in_sample
f90f24de9edbf7884d8e9f39313f878b4d02adaee1beb63c3219a453aa548888,src/<removed-lineage>/<removed-lineage>_core/matrix/__init__.py,private_only,obsolete_removed_simulation_or_legacy_lineage,safe_candidate,no_blocking_pattern_in_sample
ca67375159c190d57ef5aa563cd9ba4a8b788ee58b1d89ebcfe376cc3ba418f0,src/<removed-lineage>/<removed-lineage>_core/matrix/aggregate.py,private_only,obsolete_removed_simulation_or_legacy_lineage,safe_candidate,no_blocking_pattern_in_sample
d488ad738463654528fc8465c78037c17322bef989a1b4bf363935d6a96f57bf,src/<removed-lineage>/<removed-lineage>_core/matrix/certificates.py,private_only,obsolete_removed_simulation_or_legacy_lineage,safe_candidate,no_blocking_pattern_in_sample
0c6b07156684df4534707555b5d3b5d4e4bd785e38537ab056cf66ed2b358c07,src/<removed-lineage>/<removed-lineage>_core/matrix/plan.py,private_only,obsolete_removed_simulation_or_legacy_lineage,safe_candidate,no_blocking_pattern_in_sample
faf4753f676d3f5d14a536cad55c04dae7443f247df2c7a1a55b0f2feabac880,src/<removed-lineage>/<removed-lineage>_core/matrix/registry.py,private_only,obsolete_removed_simulation_or_legacy_lineage,safe_candidate,no_blocking_pattern_in_sample
95955a56553c6b892f34f6629fbf3f4df3b155e8b61aff91d3b45e34d3c49fb1,src/<removed-lineage>/<removed-lineage>_core/matrix/reports.py,private_only,obsolete_removed_simulation_or_legacy_lineage,safe_candidate,no_blocking_pattern_in_sample
15aeab8c151d76691a1b940d954ce6f93914f30c6b5becbfb22bfe8c4a741d51,src/<removed-lineage>/<removed-lineage>_core/matrix/runner.py,private_only,obsolete_removed_simulation_or_legacy_lineage,safe_candidate,no_blocking_pattern_in_sample
791c54bc9ce510391ba478d63203caa5dc21b67ff0c22f60043cf7f31a95e237,src/<removed-lineage>/<removed-lineage>_core/quantum_coupling/__init__.py,private_only,obsolete_removed_simulation_or_legacy_lineage,safe_candidate,no_blocking_pattern_in_sample
951090b2aa11426ccca6d210fe96de1dc1b4653c4ae58f1ef9e6761b6f94f1f5,src/<removed-lineage>/<removed-lineage>_core/quantum_coupling/controls.py,private_only,obsolete_removed_simulation_or_legacy_lineage,safe_candidate,no_blocking_pattern_in_sample
7a61aef1b9b4298dff2571aefeec9fb84a3430d6589fb7a17143c7376817726d,src/<removed-lineage>/<removed-lineage>_core/quantum_coupling/diagnostics.py,private_only,obsolete_removed_simulation_or_legacy_lineage,safe_candidate,no_blocking_pattern_in_sample
add40981685694f74e47f962ff58548475c6d0e018399baeadc4129bd5358daa,src/<removed-lineage>/<removed-lineage>_core/quantum_coupling/hamiltonians.py,private_only,obsolete_removed_simulation_or_legacy_lineage,safe_candidate,no_blocking_pattern_in_sample
349e9ac3c63e1079ac310f11f614855410cdb086ea4dd4d814a1ff8e3703e754,src/<removed-lineage>/<removed-lineage>_core/quantum_coupling/lindblad.py,private_only,obsolete_removed_simulation_or_legacy_lineage,safe_candidate,no_blocking_pattern_in_sample
176c9843849cdfc119d1324ae7ad951139a767f338c47c844fc5059c46846689,src/<removed-lineage>/<removed-lineage>_core/quantum_coupling/noise_models.py,private_only,must_exclude_per_invariant,safe_candidate,no_blocking_pattern_in_sample
b5740dbb92856fd306548e7af230eac4120602cc603af429ce74f04d90ca28ef,src/<removed-lineage>/<removed-lineage>_core/quantum_coupling/runner.py,private_only,obsolete_removed_simulation_or_legacy_lineage,safe_candidate,no_blocking_pattern_in_sample
99a54d8c44b1b8cba3a4738fcbe758966c517c95b2a91d290bb9f5d1c9aef13e,src/<removed-lineage>/<removed-lineage>_core/quantum_coupling/toy_qubits.py,private_only,obsolete_removed_simulation_or_legacy_lineage,safe_candidate,no_blocking_pattern_in_sample
1bfd183d5091d2a174908245103145c1b898d0e8680edd1a421a0033a32bbad8,src/<removed-lineage>/<removed-lineage>_core/soliton/__init__.py,private_only,obsolete_removed_simulation_or_legacy_lineage,safe_candidate,no_blocking_pattern_in_sample
a108038a02c6b74070210a56a8fa9f27e8aae5775a304dd79c5b5324f52241d6,src/<removed-lineage>/<removed-lineage>_core/soliton/collisions.py,private_only,obsolete_removed_simulation_or_legacy_lineage,safe_candidate,no_blocking_pattern_in_sample
c8f099fef23fd72dca00f5cc0dadab6c9c18136fca49c2baa1b800d23ee4bcae,src/<removed-lineage>/<removed-lineage>_core/soliton/diagnostics.py,private_only,obsolete_removed_simulation_or_legacy_lineage,safe_candidate,no_blocking_pattern_in_sample
0fba142149a015ac7903377f6fb1f11fa55ec950cc3ae381d1e55ab62e09ad5a,src/<removed-lineage>/<removed-lineage>_core/soliton/equations.py,private_only,obsolete_removed_simulation_or_legacy_lineage,safe_candidate,no_blocking_pattern_in_sample
ed9307e3b5f9c2d05d5823c06e65d145dfec1121f5e1461078843b821cff225b,src/<removed-lineage>/<removed-lineage>_core/soliton/initial_conditions.py,private_only,obsolete_removed_simulation_or_legacy_lineage,safe_candidate,no_blocking_pattern_in_sample
2a32ed2bc75a4bd0f246288207730b5977b27a150a3e713179cf428f6448c699,src/<removed-lineage>/<removed-lineage>_core/soliton/runner.py,private_only,obsolete_removed_simulation_or_legacy_lineage,safe_candidate,no_blocking_pattern_in_sample
ae9fe63bece3098f779652044a4237666bc8bec765207ff4261fc5af3e13d101,src/<removed-lineage>/<removed-lineage>_core/soliton/stability.py,private_only,obsolete_removed_simulation_or_legacy_lineage,safe_candidate,no_blocking_pattern_in_sample
da2f97a50b8a0a461654c89832442d2eb27b938423d326b981d760767e064d92,src/<removed-lineage>/<removed-lineage>_core/soliton/transport.py,private_only,obsolete_removed_simulation_or_legacy_lineage,safe_candidate,no_blocking_pattern_in_sample
b114a5da3c86da8257b8e31a6d33b7908e570e6b989dd145498fcd40b91f203e,src/<removed-lineage>/<removed-lineage>_tune_generalized/__init__.py,private_only,obsolete_removed_simulation_or_legacy_lineage,safe_candidate,no_blocking_pattern_in_sample
3a32965dbfa63c0f2a63e56b0299e0e412dcc7cfd3528a9a0b586e0a403ee26b,src/<removed-lineage>/<removed-lineage>_tune_generalized/cli.py,private_only,obsolete_removed_simulation_or_legacy_lineage,safe_candidate,no_blocking_pattern_in_sample
4b01ce35d2afb4eef3358f5f933bf256d5b47f9726091a206474d868db871729,src/<removed-lineage>/<removed-lineage>_tune_generalized/config.py,private_only,obsolete_removed_simulation_or_legacy_lineage,safe_candidate,no_blocking_pattern_in_sample
6646705e6772d0015153e6d2dde0c7c3b7cc5a106f776cdcc076c1047d19aa3c,src/<removed-lineage>/<removed-lineage>_tune_generalized/datasets/__init__.py,private_only,obsolete_removed_simulation_or_legacy_lineage,safe_candidate,no_blocking_pattern_in_sample
024e8fd44e9b96ebc742e36f835c7055831559ef0cf2c80c6d0d104e096dc2f8,src/<removed-lineage>/<removed-lineage>_tune_generalized/datasets/audits.py,private_only,obsolete_removed_simulation_or_legacy_lineage,safe_candidate,no_blocking_pattern_in_sample
432dd36860a301b8bfb95c5b06a72d4b2a1bde11c736c0e03957741070683244,src/<removed-lineage>/<removed-lineage>_tune_generalized/datasets/classical_ml_hybrid.py,private_only,obsolete_removed_simulation_or_legacy_lineage,safe_candidate,no_blocking_pattern_in_sample
5d7cb76131f5c3ab2c04cd91da64d612ec3def19192136a14c0a7ba6476fcf45,src/<removed-lineage>/<removed-lineage>_tune_generalized/datasets/elastic_compute.py,private_only,obsolete_removed_simulation_or_legacy_lineage,safe_candidate,no_blocking_pattern_in_sample
10c6358e6d36ee6f6777904f6f2a350ed5ed50fa7be4f4656ac99bfbcc9cc1c7,src/<removed-lineage>/<removed-lineage>_tune_generalized/datasets/licenses.py,private_only,obsolete_removed_simulation_or_legacy_lineage,safe_candidate,no_blocking_pattern_in_sample
ae799489908707b23d67268df2140d7cd5c5edd26a996118c41bfd2d7a0e45c9,src/<removed-lineage>/<removed-lineage>_tune_generalized/datasets/manifests.py,private_only,obsolete_removed_simulation_or_legacy_lineage,safe_candidate,no_blocking_pattern_in_sample
12d29221d26b9be6b6f9aecd9673a0e16de54652ea639b64bb81ec75c85fc40b,src/<removed-lineage>/<removed-lineage>_tune_generalized/datasets/patient_flow.py,private_only,obsolete_removed_simulation_or_legacy_lineage,safe_candidate,no_blocking_pattern_in_sample
c46293cb2cc08d68490be36941a532236ae39359cc5b90aeeae1fb584d4a38df,src/<removed-lineage>/<removed-lineage>_tune_generalized/datasets/rag.py,private_only,obsolete_removed_simulation_or_legacy_lineage,needs_manual_review,raw_text_field_or_prompt_pattern
e4a287d43947b21ccbcfa462cc6fa66a01ddcef673d8714e0941a5784d75c912,src/<removed-lineage>/<removed-lineage>_tune_generalized/evaluation/__init__.py,private_only,obsolete_removed_simulation_or_legacy_lineage,safe_candidate,no_blocking_pattern_in_sample
bf0fbac600d614719b351596b06b074cd1e211135d32a333a5b0c8940832009d,src/<removed-lineage>/<removed-lineage>_tune_generalized/evaluation/bootstrap.py,private_only,obsolete_removed_simulation_or_legacy_lineage,safe_candidate,no_blocking_pattern_in_sample
97c8d1dc329a49351f69af7e4c90f6cf91fb443d6083d875cb0db5024c291d1c,src/<removed-lineage>/<removed-lineage>_tune_generalized/evaluation/compute_metrics.py,private_only,obsolete_removed_simulation_or_legacy_lineage,safe_candidate,no_blocking_pattern_in_sample
0002821f3fd21db0e04c5e19af03ed224c34b9cf591c63e1158f9ff2ef0ead82,src/<removed-lineage>/<removed-lineage>_tune_generalized/evaluation/hybrid_metrics.py,private_only,obsolete_removed_simulation_or_legacy_lineage,safe_candidate,no_blocking_pattern_in_sample
08f8912875cac41e72d62da9a07c848474762a517fcd00cf81932aeccb96f58b,src/<removed-lineage>/<removed-lineage>_tune_generalized/evaluation/operations_metrics.py,private_only,obsolete_removed_simulation_or_legacy_lineage,safe_candidate,no_blocking_pattern_in_sample
85470467d1785a104a345a00bb78965dc1ffecb23c19c823deecffcd3e96e2bc,src/<removed-lineage>/<removed-lineage>_tune_generalized/evaluation/rag_metrics.py,private_only,obsolete_removed_simulation_or_legacy_lineage,safe_candidate,no_blocking_pattern_in_sample
9ed4caa35422d9cb3cf55a8a3a45c3dab81f0158559e4073d57b03cea798d3c7,src/<removed-lineage>/<removed-lineage>_tune_generalized/evaluation/utility.py,private_only,obsolete_removed_simulation_or_legacy_lineage,safe_candidate,no_blocking_pattern_in_sample
9ce2543b888f7a60ad1f9a2cb63658bec4907fdb60bd4d9b802f6a8633dfa278,src/<removed-lineage>/<removed-lineage>_tune_generalized/reporting/__init__.py,private_only,obsolete_removed_simulation_or_legacy_lineage,safe_candidate,no_blocking_pattern_in_sample
9a8ec74b0d41c0bc02dc45e9599a983a495e9fc59fa91fa54a6be8044374e77e,src/<removed-lineage>/<removed-lineage>_tune_generalized/reporting/certificates.py,private_only,obsolete_removed_simulation_or_legacy_lineage,safe_candidate,no_blocking_pattern_in_sample
4463b299f900263e2cf8c320d9f5514e5b9059326ce02d0d5a4b5b2c08670d36,src/<removed-lineage>/<removed-lineage>_tune_generalized/reporting/no_overwrite_audit.py,private_only,obsolete_removed_simulation_or_legacy_lineage,safe_candidate,no_blocking_pattern_in_sample
e19e05f37297f9716336e9f9a6ab0dbb4cacf61cf6a0fe74f9229e84b44160d5,src/<removed-lineage>/<removed-lineage>_tune_generalized/reporting/publication_bundle.py,private_only,obsolete_removed_simulation_or_legacy_lineage,safe_candidate,no_blocking_pattern_in_sample
c7d1f5cba5b2e0131bef1a08aa4237e477f103acdfcd493f0efdf0e5782905eb,src/<removed-lineage>/<removed-lineage>_tune_generalized/reporting/reports.py,private_only,obsolete_removed_simulation_or_legacy_lineage,safe_candidate,no_blocking_pattern_in_sample
9a17b767fe0d2e7af66257223e1d0f2d240c94d069acf22b2c991ca93fd75405,src/<removed-lineage>/<removed-lineage>_tune_generalized/scenarios/__init__.py,private_only,obsolete_removed_simulation_or_legacy_lineage,safe_candidate,no_blocking_pattern_in_sample
e8f6f0776c3f3ca79e339c8d8ba219fdeb7b639eb5f20c14bb8d53770d0cbdb8,src/<removed-lineage>/<removed-lineage>_tune_generalized/scenarios/claim_faithfulness.py,private_only,obsolete_removed_simulation_or_legacy_lineage,safe_candidate,no_blocking_pattern_in_sample
9423a927fbf7858d550cc172bddbffdbb9bfe77edc6808415bcf8797e25c3295,src/<removed-lineage>/<removed-lineage>_tune_generalized/scenarios/compiler.py,private_only,obsolete_removed_simulation_or_legacy_lineage,safe_candidate,no_blocking_pattern_in_sample
001f0e7a7805c17bf222913d71bc6753ea40e642d0a9d9fb71ad492229dd3e91,src/<removed-lineage>/<removed-lineage>_tune_generalized/scenarios/elastic_compute.py,private_only,obsolete_removed_simulation_or_legacy_lineage,safe_candidate,no_blocking_pattern_in_sample
6cd354cffc8095eb3b0b1ede964cf83121eaa25b90bb0f81a1e9a720b3e67606,src/<removed-lineage>/<removed-lineage>_tune_generalized/scenarios/ml_to_llm.py,private_only,obsolete_removed_simulation_or_legacy_lineage,safe_candidate,no_blocking_pattern_in_sample
02c47f35bf08485a66eecd8b4749bc4eebdf92df4c5019c69a2ebb966a774891,src/<removed-lineage>/<removed-lineage>_tune_generalized/scenarios/patient_flow.py,private_only,obsolete_removed_simulation_or_legacy_lineage,safe_candidate,no_blocking_pattern_in_sample
5a6515fe53431354f4580f912ad707810e47e064bdcc2ec943f6209cda162209,src/<removed-lineage>/<removed-lineage>_tune_generalized/scenarios/rag_policy.py,private_only,obsolete_removed_simulation_or_legacy_lineage,safe_candidate,no_blocking_pattern_in_sample
c845fe9afad3c22446b8988fc948b64ce91bc21f4a6469c66340f609b8e6f747,src/<removed-lineage>/<removed-lineage>_tune_generalized/scenarios/scenario_cards.py,private_only,obsolete_removed_simulation_or_legacy_lineage,safe_candidate,no_blocking_pattern_in_sample
f209854d1818f25b661f01668fe4f4e0dda9a4a296f41aed8d6f24a1f73d7092,src/<removed-lineage>/<removed-lineage>_tune_generalized/simulation/__init__.py,private_only,obsolete_removed_simulation_or_legacy_lineage,safe_candidate,no_blocking_pattern_in_sample
fe9e36f582bd4d7eedb6dfe01037377a8c5ff6bfd1c85f49d8ad14be4a02c904,src/<removed-lineage>/<removed-lineage>_tune_generalized/simulation/elastic_compute_policy_space.py,private_only,obsolete_removed_simulation_or_legacy_lineage,safe_candidate,no_blocking_pattern_in_sample
6526539eebdc46aa5f7539042510f8097c671b700cff2ecc9f66c0a7d8f6e95a,src/<removed-lineage>/<removed-lineage>_tune_generalized/simulation/hybrid_policy_space.py,private_only,obsolete_removed_simulation_or_legacy_lineage,safe_candidate,no_blocking_pattern_in_sample
94d65e4527556a5ae2cc0eabaea3d5cc3ed886964dd1575e21cb468339d46096,src/<removed-lineage>/<removed-lineage>_tune_generalized/simulation/patient_flow_policy_space.py,private_only,obsolete_removed_simulation_or_legacy_lineage,safe_candidate,no_blocking_pattern_in_sample
fc91166ce5d1ee1cd8a903acd9282e8188ca124a78631cd3f52e973f08a5c424,src/<removed-lineage>/<removed-lineage>_tune_generalized/simulation/policies.py,private_only,obsolete_removed_simulation_or_legacy_lineage,safe_candidate,no_blocking_pattern_in_sample
311bb903bc5f3292af853754887e2476a2faf56a0d48d4a34f08f7bd2dba480c,src/<removed-lineage>/<removed-lineage>_tune_generalized/simulation/rag_policy_space.py,private_only,obsolete_removed_simulation_or_legacy_lineage,safe_candidate,no_blocking_pattern_in_sample
f91ace5b06855f2306c3b38ae3e1721c657379455eddf3648294ce5cf2e24e08,src/<removed-lineage>/<removed-lineage>_tune_generalized/simulation/response_surfaces.py,private_only,obsolete_removed_simulation_or_legacy_lineage,safe_candidate,no_blocking_pattern_in_sample
7d66edcd30bbe0d076d0c7e555fa4ad5cc6d72177050f6b9f06ebab24edc9b4f,src/<removed-lineage>/<removed-lineage>_tune_generalized/simulation/runner.py,private_only,obsolete_removed_simulation_or_legacy_lineage,safe_candidate,no_blocking_pattern_in_sample
82b316374c86df5992b63fe21785879b27698bfa14f537b2f5dccf9585d5f154,src/<removed-lineage>/<removed-lineage>_tune_matched_cost/__init__.py,private_only,obsolete_removed_simulation_or_legacy_lineage,safe_candidate,no_blocking_pattern_in_sample
962c1c450ac8525fd594cbfd2eedce0443f2692df253d6575d83c23988d65b51,src/<removed-lineage>/<removed-lineage>_tune_matched_cost/certificates.py,private_only,obsolete_removed_simulation_or_legacy_lineage,safe_candidate,no_blocking_pattern_in_sample
d2fea20d6128bbd0bc8d19065f0b53925592a0032a5b838461ed819f18d16c30,src/<removed-lineage>/<removed-lineage>_tune_matched_cost/cli.py,private_only,obsolete_removed_simulation_or_legacy_lineage,safe_candidate,no_blocking_pattern_in_sample
e6e9d9a905e05c9207ccea8e849058b2d6566a1a2ea0a63e06a07b5a8f3c8970,src/<removed-lineage>/<removed-lineage>_tune_matched_cost/config.py,private_only,obsolete_removed_simulation_or_legacy_lineage,safe_candidate,no_blocking_pattern_in_sample
818265b9c7f0e68e4a692bb2df72e449bc2663efe86d78027b9c1ab2a860c0eb,src/<removed-lineage>/<removed-lineage>_tune_matched_cost/datasets.py,private_only,obsolete_removed_simulation_or_legacy_lineage,needs_manual_review,raw_text_field_or_prompt_pattern
d7cfdb3157a5a4e5b1cc875cc384398c1b156826652de00da7ab9def3edf325a,src/<removed-lineage>/<removed-lineage>_tune_matched_cost/gating_baselines.py,private_only,obsolete_removed_simulation_or_legacy_lineage,safe_candidate,no_blocking_pattern_in_sample
cf3fba48af39053171fb35fd122bd7eaf7f179a01efb90812969930db585a349,src/<removed-lineage>/<removed-lineage>_tune_matched_cost/hpo_baselines.py,private_only,obsolete_removed_simulation_or_legacy_lineage,safe_candidate,no_blocking_pattern_in_sample
5e50501e114dcc40ceb52bfbe7dcecef738b8a1abe2fcb76fde946c8f7c2b9d1,src/<removed-lineage>/<removed-lineage>_tune_matched_cost/matched_cost.py,private_only,obsolete_removed_simulation_or_legacy_lineage,safe_candidate,no_blocking_pattern_in_sample
4589b3fd3d1527763cfa74bf7f324b88ebaca435b77cdf17a2268912ffa441a1,src/<removed-lineage>/<removed-lineage>_tune_matched_cost/metrics.py,private_only,obsolete_removed_simulation_or_legacy_lineage,safe_candidate,no_blocking_pattern_in_sample
7af8bab66ff69164df8e7fb451bf9c4775a828efcf4d89397cd91111045e04dd,src/<removed-lineage>/<removed-lineage>_tune_matched_cost/paths.py,private_only,obsolete_removed_simulation_or_legacy_lineage,safe_candidate,no_blocking_pattern_in_sample
14f9f87e3da21d4d0f2f4c163b9b935111085ce4cb480f0c90f56561070c5a95,src/<removed-lineage>/<removed-lineage>_tune_matched_cost/policy_space.py,private_only,obsolete_removed_simulation_or_legacy_lineage,safe_candidate,no_blocking_pattern_in_sample
d2115cab05001d386afcd9dbdf6e084b04f63698beeb3ccee3008ca3806bd967,src/<removed-lineage>/<removed-lineage>_tune_matched_cost/publication_bundle.py,private_only,obsolete_removed_simulation_or_legacy_lineage,safe_candidate,no_blocking_pattern_in_sample
6683cf252caac49bc58c6328f6240db0d73133d50593e595464956535b18fac2,src/<removed-lineage>/<removed-lineage>_tune_matched_cost/reports.py,private_only,obsolete_removed_simulation_or_legacy_lineage,safe_candidate,no_blocking_pattern_in_sample
1c87108c4bda9c1408b253285deece70cfbe9e021f571967454bca0aeda011e9,src/<removed-lineage>/<removed-lineage>_tune_matched_cost/runner.py,private_only,obsolete_removed_simulation_or_legacy_lineage,safe_candidate,no_blocking_pattern_in_sample
176b26231d84fc92ea7c00554b7bc23b835c99f4cda15589b7565b2be182df8c,src/<removed-lineage>/<removed-lineage>_tune_matched_cost/scenario_compile.py,private_only,obsolete_removed_simulation_or_legacy_lineage,safe_candidate,no_blocking_pattern_in_sample
a127446e973f0179ff8ebb714dbfec89b0a88fc4d5cdffb7929d3ba53d34ac66,src/<removed-lineage>/<removed-lineage>_tune_matched_cost/statistics.py,private_only,obsolete_removed_simulation_or_legacy_lineage,safe_candidate,no_blocking_pattern_in_sample
b6eb3348a4ee536d4baceac185c0f1ed6b83ef3af44b24d346079c31d224eab4,src/<removed-lineage>/system/__init__.py,private_only,obsolete_removed_simulation_or_legacy_lineage,safe_candidate,no_blocking_pattern_in_sample
b4e8510214548a6a1a0969b2abfda7c3952768c38dd3cf5622fc2cf4aebf6e31,src/<removed-lineage>/system/environment_snapshot.py,private_only,obsolete_removed_simulation_or_legacy_lineage,safe_candidate,no_blocking_pattern_in_sample
620a6ba0206dc95f60c84a508bba42430391b9afc6700bd54a4eab5b409177c9,src/<removed-lineage>/system/gpu.py,private_only,obsolete_removed_simulation_or_legacy_lineage,safe_candidate,no_blocking_pattern_in_sample
f62e8313cdab4dfb178907e3cae3497e0acb8166c96a53cdf84c431a59cc829f,src/<removed-lineage>/system/hardware.py,private_only,obsolete_removed_simulation_or_legacy_lineage,safe_candidate,no_blocking_pattern_in_sample
7838bc64d789b53c5c354e61fac2c6eb5763b57cf2385bef34604fe76404e544,src/<removed-lineage>/system/health.py,private_only,obsolete_removed_simulation_or_legacy_lineage,safe_candidate,no_blocking_pattern_in_sample
9cae981350c1e75195a5891b0ae2d43d64cae4c96f985e80f14482b66f47e2a5,src/<removed-lineage>/system/node_identity.py,private_only,obsolete_removed_simulation_or_legacy_lineage,safe_candidate,no_blocking_pattern_in_sample
d2b100f2bd1641f1a3b50f19bf926136e700eec1967ebf459c1a7a0fc7a0dd97,src/<removed-lineage>/training/__init__.py,private_only,obsolete_removed_simulation_or_legacy_lineage,safe_candidate,no_blocking_pattern_in_sample
3ce194689092af59624f08d6998ed3d7c7a935cbb46fea9932ad1aafe2c23d3b,src/<removed-lineage>/training/bootstrap.py,private_only,obsolete_removed_simulation_or_legacy_lineage,safe_candidate,no_blocking_pattern_in_sample
87dd13d1e815097b1d5a1ea763fdefaac39d07c3155bb50d5c6b3012a4a78ed5,src/<removed-lineage>/training/callbacks.py,private_only,obsolete_removed_simulation_or_legacy_lineage,safe_candidate,no_blocking_pattern_in_sample
4f09e2ca1f665982f25ad475c45948a36fc6f429e74c2508e2e9de05da7986a4,src/<removed-lineage>/training/evaluate.py,private_only,obsolete_removed_simulation_or_legacy_lineage,safe_candidate,no_blocking_pattern_in_sample
87d05d109216a94981295ca74fd53e8463b2f2cdf1b10bed73783a9fe4f19659,src/<removed-lineage>/training/losses.py,private_only,obsolete_removed_simulation_or_legacy_lineage,safe_candidate,no_blocking_pattern_in_sample
0580d404614a105b45a0b5e849cd635b81c6c127a7c47fe642a2260916748274,src/<removed-lineage>/training/metrics.py,private_only,obsolete_removed_simulation_or_legacy_lineage,safe_candidate,no_blocking_pattern_in_sample
f3577d3494368af0caa5fa3c2f30e0a98a5a8cbcc8fa61bd12b36c4f7411afb7,src/<removed-lineage>/training/resource_meter.py,private_only,obsolete_removed_simulation_or_legacy_lineage,safe_candidate,no_blocking_pattern_in_sample
e5138d14208d70761d013eaa4623d5600e1b03f36c764bf0bdbf89c68c3a3596,src/<removed-lineage>/training/train.py,private_only,obsolete_removed_simulation_or_legacy_lineage,safe_candidate,no_blocking_pattern_in_sample
d691ce25d323ba6985c5aaa5bb6480f4cefc1fa0e2bdab3190a4e6102ef0f925,src/<removed-lineage>/tune/__init__.py,private_only,obsolete_removed_simulation_or_legacy_lineage,safe_candidate,no_blocking_pattern_in_sample
ea8c1a22a85d83b2f52509f85e468a4a6f410f8d38c87676d3e80e9424f08c69,src/<removed-lineage>/tune/baselines/__init__.py,private_only,obsolete_removed_simulation_or_legacy_lineage,safe_candidate,no_blocking_pattern_in_sample
06244cd20cd56ce31086a5e4346b041f86621b0f977f241a3779f131441e0302,src/<removed-lineage>/tune/baselines/bayesian_optional.py,private_only,obsolete_removed_simulation_or_legacy_lineage,safe_candidate,no_blocking_pattern_in_sample
973ba0242df28e5ef15c2c31efdc7ad559d59908babf117f91e252b34e1b895a,src/<removed-lineage>/tune/baselines/evolutionary.py,private_only,obsolete_removed_simulation_or_legacy_lineage,safe_candidate,no_blocking_pattern_in_sample
c889d44dea3e49a3b02788b94c627e1ac494759ae581e854f02daf7a01bd0e3d,src/<removed-lineage>/tune/baselines/greedy.py,private_only,obsolete_removed_simulation_or_legacy_lineage,safe_candidate,no_blocking_pattern_in_sample
ee7d258bc3b5c2d9babd86bbb27d3739c38b9895c627feeba6334b2d6b0f9ecd,src/<removed-lineage>/tune/baselines/grid_search.py,private_only,obsolete_removed_simulation_or_legacy_lineage,safe_candidate,no_blocking_pattern_in_sample
d53b98867ac7e426488fbcd76d26c0cd11d90eb2de45135bc56811eca5f16949,src/<removed-lineage>/tune/baselines/hyperband_optional.py,private_only,obsolete_removed_simulation_or_legacy_lineage,safe_candidate,no_blocking_pattern_in_sample
c760e8294e0ea4a3b7e46be3a698bf907559c1f1add392bf37e3262cabe01d8b,src/<removed-lineage>/tune/baselines/random_search.py,private_only,obsolete_removed_simulation_or_legacy_lineage,safe_candidate,no_blocking_pattern_in_sample
dd74810805012d90e7f6825915cf0d4b3d4b4172eacd5459d02386d7b566227e,src/<removed-lineage>/tune/cli.py,private_only,obsolete_removed_simulation_or_legacy_lineage,safe_candidate,no_blocking_pattern_in_sample
0e57e77ca14dbd367724140193984c4e9d3e56fc1e21e0386fa51e0f888617c2,src/<removed-lineage>/tune/cli_calibration.py,private_only,obsolete_removed_simulation_or_legacy_lineage,safe_candidate,no_blocking_pattern_in_sample
d973a8c739de7dd1bad903f825b5208508c07ed524edf23813c8a11537dad592,src/<removed-lineage>/tune/config.py,private_only,obsolete_removed_simulation_or_legacy_lineage,safe_candidate,no_blocking_pattern_in_sample
09ac95478b279dcdceea1ce13f7cbb5020be463692a5824673cec17b0b7adb00,src/<removed-lineage>/tune/evals/__init__.py,private_only,obsolete_removed_simulation_or_legacy_lineage,safe_candidate,no_blocking_pattern_in_sample
2252e3712d51bb7096f941b5d85d2a9d442103ae76aaf778f9e8ff01d1511b27,src/<removed-lineage>/tune/evals/calibration.py,private_only,obsolete_removed_simulation_or_legacy_lineage,safe_candidate,no_blocking_pattern_in_sample
ef3c79b7d5195215fb28d34a1814b0fe2db919cc5a5a11567dc2f40157afa92a,src/<removed-lineage>/tune/evals/llm_judgeless_scorers.py,private_only,obsolete_removed_simulation_or_legacy_lineage,safe_candidate,no_blocking_pattern_in_sample
c0c6dad6b151545fba2067eac31d31f8dec5de1cb897d3af1ccb0a13d1a0dbdc,src/<removed-lineage>/tune/evals/rag_scorers.py,private_only,obsolete_removed_simulation_or_legacy_lineage,safe_candidate,no_blocking_pattern_in_sample
7c87c2ae9cc5f30a6d28a86ef35fa2a11da434bdfc1f2fb4c66d9c26020b30e0,src/<removed-lineage>/tune/evals/regression_scorers.py,private_only,obsolete_removed_simulation_or_legacy_lineage,safe_candidate,no_blocking_pattern_in_sample
16161583a21da667bb869a8ed8ffa55d2371fb8a7504b610730b8a60dd9eaeae,src/<removed-lineage>/tune/evals/safety_scorers.py,private_only,obsolete_removed_simulation_or_legacy_lineage,safe_candidate,no_blocking_pattern_in_sample
d276001eb997f52593754e5f6541265cf108f0cb0dd5ac8f63b7dc32b501a244,src/<removed-lineage>/tune/evals/task_scorers.py,private_only,obsolete_removed_simulation_or_legacy_lineage,safe_candidate,no_blocking_pattern_in_sample
2d2bfd1070611b5663a847dc48f17c59db421b5cd894af8dc264d3e249a4849c,src/<removed-lineage>/tune/experiments/__init__.py,private_only,obsolete_removed_simulation_or_legacy_lineage,safe_candidate,no_blocking_pattern_in_sample
0f8fffeebfc7d54c9db2ea1818b08e5b3dd5c666da8d0643d3f3753f86712008,src/<removed-lineage>/tune/experiments/comparisons.py,private_only,obsolete_removed_simulation_or_legacy_lineage,safe_candidate,no_blocking_pattern_in_sample
2007a960a22f138bd752d951d7af39618ca8121906e438261aa9756df94c83d7,src/<removed-lineage>/tune/experiments/matrix.py,private_only,obsolete_removed_simulation_or_legacy_lineage,safe_candidate,no_blocking_pattern_in_sample
ab2ada0b327649a12e4fd73e83c5337b915fe469bc7959852e01c164f11b0e48,src/<removed-lineage>/tune/experiments/runner.py,private_only,obsolete_removed_simulation_or_legacy_lineage,safe_candidate,no_blocking_pattern_in_sample
c0f34c7a9692126fd379513d4d5497b6825e441f235cd88fb48cf26238865b02,src/<removed-lineage>/tune/external/__init__.py,private_only,obsolete_removed_simulation_or_legacy_lineage,safe_candidate,no_blocking_pattern_in_sample
599bfcb115cd2ea548ab8878fb1a51029fe05cdcd9d1bbcc3d40fcad385f1065,src/<removed-lineage>/tune/external/acquire.py,private_only,obsolete_removed_simulation_or_legacy_lineage,safe_candidate,no_blocking_pattern_in_sample
f7200762923d9db303266447be27655c49ff7095a4f6542ce54af12484cbfd26,src/<removed-lineage>/tune/external/audit.py,private_only,obsolete_removed_simulation_or_legacy_lineage,safe_candidate,no_blocking_pattern_in_sample
2c46cfaeaff68cd38c4b487cf0eeb740f166ea4bc13df1f092b89baab6e81491,src/<removed-lineage>/tune/external/catalog.py,private_only,obsolete_removed_simulation_or_legacy_lineage,safe_candidate,no_blocking_pattern_in_sample
e0ce9016494f952e671f5ac64a6ae349058335fa12cd9589c823f966a2f27640,src/<removed-lineage>/tune/external/certificate.py,private_only,obsolete_removed_simulation_or_legacy_lineage,safe_candidate,no_blocking_pattern_in_sample
ec841aa8db718bcc79add1d7aa7ad64a658b03eed42d10e783448b09c8f3b4c1,src/<removed-lineage>/tune/external/diagnostics.py,private_only,obsolete_removed_simulation_or_legacy_lineage,safe_candidate,no_blocking_pattern_in_sample
29eb911599f40f38d7acf6b00ebc994c5da21ce8c703bf5657550a0161b9bec3,src/<removed-lineage>/tune/external/github_acquire.py,private_only,obsolete_removed_simulation_or_legacy_lineage,safe_candidate,no_blocking_pattern_in_sample
c460b376cb86bff5333fec5944e3989a955913fb77ddc030dffaabd3d6686c78,src/<removed-lineage>/tune/external/hf_datasets.py,private_only,obsolete_removed_simulation_or_legacy_lineage,safe_candidate,no_blocking_pattern_in_sample
92b36349270ea2d2b2d003a7be4e9591a50cb0487204c59c1316dbb0f25cca36,src/<removed-lineage>/tune/external/license_capture.py,private_only,obsolete_removed_simulation_or_legacy_lineage,safe_candidate,no_blocking_pattern_in_sample
aec3c70d2a7a3d9bd12de75517bd203d657f4d6f772d82dbecb2072e4ab87ea5,src/<removed-lineage>/tune/external/licenses.py,private_only,obsolete_removed_simulation_or_legacy_lineage,safe_candidate,no_blocking_pattern_in_sample
886cd5e7b322c88ce556049d1697e7b0aa11a90b32b3139c2afcad06a21cf44d,src/<removed-lineage>/tune/external/local_jsonl.py,private_only,obsolete_removed_simulation_or_legacy_lineage,safe_candidate,no_blocking_pattern_in_sample
3a5f3adadb8b66b892cbc048993e29063272fb1720925a44f14c063e5dffc788,src/<removed-lineage>/tune/external/manual_import.py,private_only,obsolete_removed_simulation_or_legacy_lineage,safe_candidate,no_blocking_pattern_in_sample
8245453e1c9bc0447572a60ae3a0eda07e54823a046c79e733e5e158671a3a96,src/<removed-lineage>/tune/external/normalize.py,private_only,obsolete_removed_simulation_or_legacy_lineage,needs_manual_review,raw_text_field_or_prompt_pattern
4f2648d85412163540a902b852fa046947dd3abdb9b11afc82464d6557000342,src/<removed-lineage>/tune/external/paths.py,private_only,obsolete_removed_simulation_or_legacy_lineage,safe_candidate,no_blocking_pattern_in_sample
edd5a25da50a6beea0ff13e2a1129916bd978190218127adb60f19eb27829d48,src/<removed-lineage>/tune/external/protection.py,private_only,obsolete_removed_simulation_or_legacy_lineage,safe_candidate,no_blocking_pattern_in_sample
9067db6a89aaad54ba55ff89bad475c85ed3999f2b7181aa55fc91bb5a66a453,src/<removed-lineage>/tune/external/reporting.py,private_only,obsolete_removed_simulation_or_legacy_lineage,safe_candidate,no_blocking_pattern_in_sample
ca413b2a9c803640420f4982b3e6869200baa9de900d76710a600cdfefcedfa9,src/<removed-lineage>/tune/external/runner.py,private_only,obsolete_removed_simulation_or_legacy_lineage,safe_candidate,no_blocking_pattern_in_sample
a70710101d999e3b06ceadf1cea21f7339930dc12855b6546cab7511af0cb7fc,src/<removed-lineage>/tune/external/scenarios.py,private_only,obsolete_removed_simulation_or_legacy_lineage,needs_manual_review,raw_text_field_or_prompt_pattern
6460fba90c7e9ea7c22127573c8c81bbceedab8037a28533ebcf1379c6d19aac,src/<removed-lineage>/tune/external/schemas.py,private_only,obsolete_removed_simulation_or_legacy_lineage,needs_manual_review,raw_text_field_or_prompt_pattern
874204cde781efc1ee8c2b1edc91074bb9f1716bdcb5733e28a3032e167bcabb,src/<removed-lineage>/tune/external/transfer_simulator.py,private_only,obsolete_removed_simulation_or_legacy_lineage,safe_candidate,no_blocking_pattern_in_sample
08289060d3770b85ce229fbc7809b826c41044ba8f5d990e302ac893648c1dd7,src/<removed-lineage>/tune/peft_optional/__init__.py,private_only,obsolete_removed_simulation_or_legacy_lineage,safe_candidate,no_blocking_pattern_in_sample
ab51659f350d743a70fa961682e459b4a1c3cdcc7a74e5f4b037dc86a47053c1,src/<removed-lineage>/tune/peft_optional/eval_adapter.py,private_only,obsolete_removed_simulation_or_legacy_lineage,safe_candidate,no_blocking_pattern_in_sample
9158066c041cdc113f3ad780a330f9e47b177a153551379c58292d4bd9ddee94,src/<removed-lineage>/tune/peft_optional/local_lora_smoke.py,private_only,obsolete_removed_simulation_or_legacy_lineage,safe_candidate,no_blocking_pattern_in_sample
0aaba06e3766d678200e4c773f25e5ded3f8b6bd12559ff65242f67f54effd73,src/<removed-lineage>/tune/peft_optional/train_adapter.py,private_only,obsolete_removed_simulation_or_legacy_lineage,safe_candidate,no_blocking_pattern_in_sample
586e472893b4858d7b23825e4d9d4977971e39b8865b5a8511add119a8fd9095,src/<removed-lineage>/tune/reporting/__init__.py,private_only,obsolete_removed_simulation_or_legacy_lineage,safe_candidate,no_blocking_pattern_in_sample
1ec84a1ae2c9172aceed7beb6a3e9baacc7508f9f7634a3f5aa7d0b359c9aecf,src/<removed-lineage>/tune/reporting/calibration.py,private_only,obsolete_removed_simulation_or_legacy_lineage,safe_candidate,no_blocking_pattern_in_sample
f0afdcb88a8b53b7dcf0dd29df5644106f60fa570e6d642a51462966f2f0df22,src/<removed-lineage>/tune/reporting/certificate.py,private_only,obsolete_removed_simulation_or_legacy_lineage,safe_candidate,no_blocking_pattern_in_sample
6bd9235b1a1301affe209dab8d9850a75365d786cd51dcca4f102319ce77bb54,src/<removed-lineage>/tune/reporting/commercial_value_report.py,private_only,obsolete_removed_simulation_or_legacy_lineage,safe_candidate,no_blocking_pattern_in_sample
1e19d88c5407bbd2b226bc415cdfd664f3913aacba6425aa83a3cb0a18832a1b,src/<removed-lineage>/tune/reporting/mechanism_report.py,private_only,obsolete_removed_simulation_or_legacy_lineage,safe_candidate,no_blocking_pattern_in_sample
09eb80cd245b062a228842b4495eeb633ca9a9818765e4a13acb459027133508,src/<removed-lineage>/tune/reporting/run_report.py,private_only,obsolete_removed_simulation_or_legacy_lineage,safe_candidate,no_blocking_pattern_in_sample
4e2c0b639ce77d0652c86915a9a6f6603a0528483b31b169ef82aeeb1133a13c,src/<removed-lineage>/tune/simulator/__init__.py,private_only,obsolete_removed_simulation_or_legacy_lineage,safe_candidate,no_blocking_pattern_in_sample
dc395bc5a71a0aa8c54feff676ddfd03d0f964b59cc56ceb799f162e18307e78,src/<removed-lineage>/tune/simulator/actions.py,private_only,obsolete_removed_simulation_or_legacy_lineage,safe_candidate,no_blocking_pattern_in_sample
0ab86060d9cedcd11939ea364ddf7ada470e1638c7c80a3e798db65be3fa1273,src/<removed-lineage>/tune/simulator/adaptive_compute.py,private_only,obsolete_removed_simulation_or_legacy_lineage,safe_candidate,no_blocking_pattern_in_sample
b8e05f3bffd672de245727aa6d60985f7f9a14735f8f232e8b5f73cb65775986,src/<removed-lineage>/tune/simulator/budget.py,private_only,obsolete_removed_simulation_or_legacy_lineage,safe_candidate,no_blocking_pattern_in_sample
225372e19f95d26de422f5b61018829e19bc31a842cc8aca19b04c7447d84817,src/<removed-lineage>/tune/simulator/memory.py,private_only,obsolete_removed_simulation_or_legacy_lineage,safe_candidate,no_blocking_pattern_in_sample
7d447c241c69f2b89fc7f011ef1bcf6b66c5129559e7cfd7b9d628f1d85af734,src/<removed-lineage>/tune/simulator/merge.py,private_only,obsolete_removed_simulation_or_legacy_lineage,safe_candidate,no_blocking_pattern_in_sample
b40003cffc2021995ac64d209e813fece38aaeeb7013578777765defa6884e3a,src/<removed-lineage>/tune/simulator/response_surface.py,private_only,obsolete_removed_simulation_or_legacy_lineage,safe_candidate,no_blocking_pattern_in_sample
6472c9b46373d0537c10ed4ab1283b46a452876b22092866caae60f1d42ac094,src/<removed-lineage>/tune/simulator/rollout.py,private_only,obsolete_removed_simulation_or_legacy_lineage,safe_candidate,no_blocking_pattern_in_sample
c375e709bac1b18a556864cc75fad758de44f28e10399872a6e177f1f35f0a02,src/<removed-lineage>/tune/simulator/sensors.py,private_only,obsolete_removed_simulation_or_legacy_lineage,safe_candidate,no_blocking_pattern_in_sample
fee1749618e13eea486ca6f5332cbd8661755a8393e8c0ea55362f5d7c9263dd,src/<removed-lineage>/tune/simulator/<removed-lineage>_tune_optimizer.py,private_only,obsolete_removed_simulation_or_legacy_lineage,safe_candidate,no_blocking_pattern_in_sample
7d1607ba2bdf9f442f11b3b6c1b1022d7523cf224a6620999682a7d770407ee4,src/<removed-lineage>/tune/simulator/state.py,private_only,obsolete_removed_simulation_or_legacy_lineage,safe_candidate,no_blocking_pattern_in_sample
73bb162e8ce318d221cb187488bbf63a0ebaa3730b4d9d8d8625aac617a76a9e,src/<removed-lineage>/tune/synthetic/__init__.py,private_only,obsolete_removed_simulation_or_legacy_lineage,safe_candidate,no_blocking_pattern_in_sample
0ed6439a78227b43068ebc97f0b0ecfe8e773b455ad0071c012e130556e8c394,src/<removed-lineage>/tune/synthetic/generators.py,private_only,obsolete_removed_simulation_or_legacy_lineage,safe_candidate,no_blocking_pattern_in_sample
299ea2a1ac8990402d327f07f0c9adad53fc3a0dfd29ef442447e6c9317cd79c,src/<removed-lineage>/tune/synthetic/manifests.py,private_only,obsolete_removed_simulation_or_legacy_lineage,safe_candidate,no_blocking_pattern_in_sample
6d13d059689a9c33b1f94cd84adf9a991a0efe97641ea0794351d64488ded3c1,src/<removed-lineage>/tune/synthetic/mechanism_cards.py,private_only,obsolete_removed_simulation_or_legacy_lineage,safe_candidate,no_blocking_pattern_in_sample
c597a147d7866f56269e9f392c58d5659bcecfe417d0748dd4f58fe6dcfbf559,src/<removed-lineage>/tune/synthetic/schemas.py,private_only,obsolete_removed_simulation_or_legacy_lineage,safe_candidate,no_blocking_pattern_in_sample
9bdfc1a018bbf2970709eb05cbbd7a13ab8862016422a4b6b05470bcb3086076,src/<removed-lineage>/tune/synthetic/validators.py,private_only,obsolete_removed_simulation_or_legacy_lineage,safe_candidate,no_blocking_pattern_in_sample
ae3384cb049db01153e3e564f5fc932c130d21b3a343572ec9b86ea92bbb50d9,src/<removed-lineage>/utils/__init__.py,private_only,obsolete_removed_simulation_or_legacy_lineage,safe_candidate,no_blocking_pattern_in_sample
c611506befb1da3f6d5e9a1594527e2524461aa299af18d91c800d21258d7827,src/<removed-lineage>/utils/files.py,private_only,obsolete_removed_simulation_or_legacy_lineage,safe_candidate,no_blocking_pattern_in_sample
b7d86a692db611f0fbda33bf4a822ed6aabadeaeef80da3b8cb543d414a451d0,src/<removed-lineage>/utils/hashing.py,private_only,obsolete_removed_simulation_or_legacy_lineage,safe_candidate,no_blocking_pattern_in_sample
2df4ea6753520cceb2013e5589c29f0f08577176a0572a38fad4f04b0dc9674c,src/<removed-lineage>/utils/seed.py,private_only,obsolete_removed_simulation_or_legacy_lineage,safe_candidate,no_blocking_pattern_in_sample
e7639ab718c0f743659f7c58461fe5f0db2b4b303a6e12c4b451e5e9924d4b95,src/<removed-lineage>/utils/timers.py,private_only,obsolete_removed_simulation_or_legacy_lineage,safe_candidate,no_blocking_pattern_in_sample
b522072ff7912961708d38a2b847f4683eb23319863fbd094bef733cd57ceaa3,src/<removed-lineage>/utils/write_once.py,private_only,obsolete_removed_simulation_or_legacy_lineage,safe_candidate,no_blocking_pattern_in_sample
c9bc27905a5c0fcc5e14a0995942a246a044dbe6050e1a406258904279743739,tests/publication/test_aim_hardware_characterization.py,public_only,already_superseded_in_public,safe_candidate,public_survivor_only
581765cfed0bb6438a94d16077850ae2761cad874be2276d2abf31b99ea5755b,tests/publication/test_aim_hardware_matrix.py,public_only,already_superseded_in_public,safe_candidate,public_survivor_only
b51fb279067a0d7d9f5600fa8e656d1655d3282eda42985636d3be1fda5b1d16,tests/publication/test_arxiv_paper_assets.py,public_only,already_superseded_in_public,safe_candidate,public_survivor_only
587acd2c4b64659b6d68c1b06ec7b03ae19fa810b6bf434b16bfa6d0b8376255,tests/publication/test_behavioral_governance_experiment.py,public_only,already_superseded_in_public,safe_candidate,public_survivor_only
a606d87889e800579bc16dc01246460f91c73baa8b74f57a0487418a5129b0f0,tests/publication/test_cli_entrypoints.py,public_only,already_superseded_in_public,safe_candidate,public_survivor_only
ab9984361a1a414ea389c891d9109b648c4d5e8a74c3f291ca16b97a41f27c1f,tests/publication/test_cloud_agnostic_deployment.py,public_only,already_superseded_in_public,safe_candidate,public_survivor_only
c2225c3a9b14bfc2f3777846193d1ad2713283e0060ec73346b9088da9ee9caf,tests/publication/test_container_runtime_diagnostics.py,public_only,already_superseded_in_public,safe_candidate,public_survivor_only
e7241c6c63fd1c699526251a982b7b23b078b36b2cec36569caef730bc117157,tests/publication/test_container_security_scans.py,public_only,already_superseded_in_public,safe_candidate,public_survivor_only
1d000991c7c7b01437f6b64516eeb2683408cbb0a8edc8bf0ab6e2b3935a31ec,tests/publication/test_container_smoke_tests.py,public_only,already_superseded_in_public,safe_candidate,public_survivor_only
686beec8d440022cd3a0f7887ee6cfa2e2f766e7d23a4dba725dbaa7a12d6334,tests/publication/test_crag_evaluator_mapping.py,public_only,already_superseded_in_public,safe_candidate,public_survivor_only
e1f95f69363fa607e47334fe8bb4fb626fa7210f8a0e27afd37b0b687d776fbc,tests/publication/test_crag_evaluator_mapping_v2.py,public_only,already_superseded_in_public,safe_candidate,public_survivor_only
17a3e442f8c6ccccfbb7fa70b74648c240a366aff050c42d3c29ae37ba321364,tests/publication/test_deployment_assets.py,public_only,already_superseded_in_public,safe_candidate,public_survivor_only
2e5a96d63f55633264560387062cd839918e2546f8f0af214e1e499f8eb76f35,tests/publication/test_docker_runtime_hardening.py,public_only,already_superseded_in_public,safe_candidate,public_survivor_only
b4aa3206606d9b73ce286f7e13abe2e6cd89a7720b232908dd34023e70c6e76d,tests/publication/test_docker_static_validation.py,public_only,already_superseded_in_public,safe_candidate,public_survivor_only
9e1e84eba36e11de8b9686c8ac09615688c277859939b2373da13120c7741359,tests/publication/test_dockerignore_hardening.py,public_only,already_superseded_in_public,safe_candidate,public_survivor_only
c2364bf5cd4e19882442377132e69976d3cc9fcca094a43627d6d46b77ea7828,tests/publication/test_external_evaluator_adapters.py,public_only,already_superseded_in_public,safe_candidate,public_survivor_only
2eb16614b1bd1be525afa0a39fdfe98537a0dc268abc5d8e16c59f5c0e1a4eeb,tests/publication/test_external_evaluator_adapters_v2.py,public_only,already_superseded_in_public,safe_candidate,public_survivor_only
ec024685c10cdaacb6687920df63386a4427e79e3e7a14d692eccedfe3b2c81f,tests/publication/test_fresh_clone_reproducibility.py,public_only,already_superseded_in_public,safe_candidate,public_survivor_only
d5431516d7230817691d5d5dc5bc83e887b99b7d0cb8aeaa400cbdabca363b3f,tests/publication/test_fresh_live_crag_hotpotqa_behavioral_governance.py,public_only,already_superseded_in_public,safe_candidate,public_survivor_only
a17093a590591c3a20996b0ca8a3d987cb8b2b3809238191fab70915e7eee180,tests/publication/test_generative_llm_validation.py,public_only,already_superseded_in_public,safe_candidate,public_survivor_only
02423e0a7bc3944c2d8d65b67746f4464b2000eafe2d817b50611b35ca7894a7,tests/publication/test_generative_llm_validation_quality_signal_audit.py,public_only,already_superseded_in_public,safe_candidate,public_survivor_only
2ef6dad21aaeeb499d9d8ba406476c1fd4daef8f311d93bfd81470cdff375c02,tests/publication/test_hotpotqa_generative_quality_signal_audit.py,public_only,already_superseded_in_public,safe_candidate,public_survivor_only
6bf66b544e0efa6f1d12b4eae99dc07fcb89396147f3e687d88611f6b94e4a19,tests/publication/test_hotpotqa_quality_signal_audit_v2.py,public_only,already_superseded_in_public,safe_candidate,public_survivor_only
b3ef1bf10837fdb52adb3d300c2fa1b55a6e5c12a53eee08f9b1d6307b72cc6c,tests/publication/test_promotion_decision_schema.py,public_only,already_superseded_in_public,safe_candidate,public_survivor_only
d9e6c58213836f2f645eda1bfe1f1e4aae8e1b274cbd389eacd360aae5d6e20f,tests/publication/test_public_mini_reproduction.py,public_only,already_superseded_in_public,safe_candidate,public_survivor_only
bb3ea19b73c84e6e66a6b5dbdc38e66a266a7165b66b38dd33eecbbd9a09e7b8,tests/publication/test_publication_bundle.py,different,already_superseded_in_public,safe_candidate,no_blocking_pattern_in_sample
2ada6f566104ab7dbe0445024e0b3f4513a54899a4660ff5c5206172d13dfa26,tests/publication/test_release_candidate.py,public_only,already_superseded_in_public,safe_candidate,public_survivor_only
911ebac5f20df6c6f69dd049e50d2d48197f653ed9d7df3439a54fc201ad5369,tests/publication/test_selector_ablation_matrix.py,public_only,already_superseded_in_public,safe_candidate,public_survivor_only
7256266820c532f2e25fdf75e051bb4e1d85172d7515087043686ada9e1f5534,tests/publication/test_selector_ablation_stress_v2.py,public_only,already_superseded_in_public,safe_candidate,public_survivor_only
1d83e2fe61068564d474d92188f6fbb58667ab01a030873c41d48fac18365788,tests/publication/test_stable_hash_vendor.py,public_only,already_superseded_in_public,safe_candidate,public_survivor_only
b3d985cff092c092b1e5892c0e059410d0bf15497da05b066b90419d3553dba7,tests/publication/test_storage_sinks.py,public_only,already_superseded_in_public,safe_candidate,public_survivor_only
96378c286b6b151dc3c575f698851cbcb98cfabf92733eff7950bdd72e9ba1c0,tests/publication/test_verify_run.py,public_only,already_superseded_in_public,safe_candidate,public_survivor_only
858cb096fa69afbfd58b308ec4d40f55ad089850d54967ceabaf08fa786c70df,tests/test_baseline_smoke.py,private_only,needs_manual_review,safe_candidate,no_blocking_pattern_in_sample
ef0faae8dbf1e9165d41157e7d22bb19afa6dd77528a9515a442029f502b0218,tests/test_data_validation.py,private_only,needs_manual_review,safe_candidate,no_blocking_pattern_in_sample
03dd41d84b05bb2477b17b322a4b5b1f3de5ccc6bc9957c09d46f87849eb3a26,tests/test_manifest.py,private_only,needs_manual_review,safe_candidate,no_blocking_pattern_in_sample
c013839ae9f8d11da7ba9ed964de9d4b9ef733c1dd3d1a5487f32a5b2062e1cf,tests/test_metrics.py,private_only,needs_manual_review,safe_candidate,no_blocking_pattern_in_sample
8f614b6e053dffd640e4dd9cd0a87b0d1c3a8f01750f5f16c8158eef227facdc,tests/test_pushbutton.py,private_only,must_exclude_per_invariant,must_exclude,private_path_like_pattern
432205ae142d31b470e8bfa55bf6749d8a87200dad7732880defccacc1b650d4,tests/test_ragwarrant_confirmatory_v2_phase.py,different,needs_manual_review,safe_candidate,no_blocking_pattern_in_sample
2e5d5b6ff6203b1cade04446ef7b20819fb232d3238b06aa7a5c0a586c99ac7b,tests/test_ragwarrant_crag_mock_api_hardening_phase.py,different,needs_manual_review,needs_manual_review,raw_text_field_or_prompt_pattern
52d8bb1ff9c690ec52f26356e9a09c7cbd2b60c7ec48e4d9658511876b19347c,tests/test_ragwarrant_real_rag_validation.py,different,needs_manual_review,safe_candidate,no_blocking_pattern_in_sample
8107412d0f91466900526d84187f8184090e6c97902bb1264ecc1d6e2c740bc6,tests/test_ragwarrant_rowlevel_e2e_phase.py,different,needs_manual_review,safe_candidate,no_blocking_pattern_in_sample
fcafd1c9de1029e0b62ba3c320178bd1985b044591c0d716677633e58bf16530,tests/test_ragwarrant_validation.py,different,needs_manual_review,safe_candidate,no_blocking_pattern_in_sample
cca8165dee2cdd15e8008001de1a85f3f5d3740ff4f52f2dc7cfd68ada8302ed,tests/test_ragwarrant_validation_phase2.py,different,needs_manual_review,safe_candidate,no_blocking_pattern_in_sample
cc0fa62b43424890d666f41287ba373face7553b28f800451b05db73651e7648,tests/test_reporting.py,private_only,needs_manual_review,safe_candidate,no_blocking_pattern_in_sample
f23b38b60799f1beb8c41f9bb3e97d5ec1ce4da6f5f53f6fd246688ee13a555c,tests/test_run_registry.py,private_only,needs_manual_review,safe_candidate,no_blocking_pattern_in_sample
96dc0fddf1c6fe02a8ea65aa4bf1a38140fe0176172180b9c727e5cee91777a6,tests/test_snapshot_rollout.py,private_only,must_exclude_per_invariant,must_exclude,private_path_like_pattern
56f8715b0039bfe7df307b30d40c0a877e7ab4fe223f8b63188545542c642cb8,tests/test_splits.py,private_only,needs_manual_review,safe_candidate,no_blocking_pattern_in_sample
ef4c597f4adac84e9d02e8c09e6681bfb990fcf7883c15981d598f0622f405a2,tests/test_<removed-lineage>_adaptive_arch.py,private_only,obsolete_removed_simulation_or_legacy_lineage,safe_candidate,no_blocking_pattern_in_sample
56a8d03762105a38205425a7328cfda723d2552730de30e52936480a0fe69948,tests/test_<removed-lineage>_core.py,private_only,obsolete_removed_simulation_or_legacy_lineage,needs_manual_review,host_or_ip_like_pattern
c77ba5a109805469b0913a75762db75559ff4008272c4143b0cd9c2d86a9a015,tests/test_<removed-lineage>_next_sim.py,private_only,obsolete_removed_simulation_or_legacy_lineage,safe_candidate,no_blocking_pattern_in_sample
36f0542a0b9660ea5fa7bdd66a269765249da7070d319295f32a14d747a6aee6,tests/test_<removed-lineage>_tune.py,private_only,must_exclude_per_invariant,must_exclude,private_path_like_pattern
d7b4f0f0163191bbeda27d343d9252106c71c3d404383af9b83cfd6c17c492bc,tests/test_<removed-lineage>_tune_adaptive_compute.py,private_only,obsolete_removed_simulation_or_legacy_lineage,safe_candidate,no_blocking_pattern_in_sample
b6bc036b4374c2a417c1a9c8274df2803acfc5b03e538e64c5581a10e3579bfc,tests/test_<removed-lineage>_tune_calibration_v2.py,private_only,must_exclude_per_invariant,must_exclude,private_path_like_pattern
d8e9e228fdc1109a2426af3681d43035120358ab0d933e2093424a84e7fb3988,tests/test_<removed-lineage>_tune_external_transfer_v1.py,private_only,obsolete_removed_simulation_or_legacy_lineage,needs_manual_review,host_or_ip_like_pattern
6333f310dc44628ff17fd4bbe2124df6abce8a2f307bb1f6fd3b58f81dccf68e,tests/test_<removed-lineage>_tune_generalized.py,private_only,obsolete_removed_simulation_or_legacy_lineage,safe_candidate,no_blocking_pattern_in_sample
6649b5942262a709b11637ba43887b67532973debc0d8449820f6b0a1aab6ee3,tests/test_<removed-lineage>_tune_matched_cost_rag.py,private_only,obsolete_removed_simulation_or_legacy_lineage,safe_candidate,no_blocking_pattern_in_sample
88f5647f4965510f78bb86da6292bac4e3a6e7586d294c68b974ef2d9149104a,tests/test_<removed-lineage>sim_forward.py,private_only,obsolete_removed_simulation_or_legacy_lineage,safe_candidate,no_blocking_pattern_in_sample
