path_hash,display_path,status,public_sha256,private_sha256
2f754321d62f08ba8392b9b168b83e24ea2852bb5d815d63e767f6c3d23c6ac5,.dockerignore,different,7db947a2e9c9c139f72b1a25ba3497f03a14b360ad82e6c8678eb490899a8240,ddee881a6fa51e790ace50564e47fa13638e383891a314917b0e672bede9ff58
bc37d034bad564583790a46f19d807abfe519c5671395fd494d8cce506c42947,.gitignore,different,5cec943b356da34fac02965434c4684389813ac09ab7dd1dfbd314642b5d9bfb,895402b38baa1f5f647036979b001e6fbbd7451d107e8d6a3f2f59caf7ca81f4
dd2c0eb6ea5cfc6c4bd4eac30934e2d5746747af48fef6da689e85b752f39557,Dockerfile,different,959ab30510d7bdbc1a35a327c92ec43e33ae31b29535d7cef3af7c06b555a33a,0bdc5b2e88c207d3b0e60b03fefbc564595cdc7b6e6c3067e0bbeee88ecbd565
76ed074a9305c04054cdebb9e9aad2d818052b07091de1f20cad0bbac34ffb52,Makefile,different,4636255b09894be63ba2428c03e2d6fab97f6b882c23852128bbcbbaa243df57,08d9d0b4984f8c5dabf02eacd9f13b36e55ef9b62f048cb40aaac04c8b178e7b
b335630551682c19a781afebcf4d07bf978fb1f8ac04c6bf87428ed5106870f5,README.md,different,c8046aae5ca18d29d15e393a8f1bbabfdb499939d07d2df12b4cb60040d85ac2,0f8ad5ca7dd8f15ead94d1909db3270d2977269a4ce532306ab1a8a80b2d2555
0fe75b08b8bb0e8e01399694a05375af69bc134c7e3ff68a0901477f995c23aa,artifacts/README.md,different,df11fa75eb8c875cd0029f8018cdde9e23b829fb95137e861b1829dd9eee26ae,782813fa20a9770329fc5923447d2071f2c527987c70fea0d5e0097d5237cfc3
700e7a7cab113d5456ea134b27375d131110b28db906db08a609b0ac33f94c34,artifacts/aim_hardware_characterization/artifact_size_summary.csv,public_only,6cce8dc93118c9e96ef6b001a3508a28aff8e5666d1f76d7c7e9e7190718efd7,
698e51f1b62bceedde9a36dc430cd28ba34437464840ef87e99846229e75de8b,artifacts/aim_hardware_characterization/generator_throughput_results.csv,public_only,6584c54da78e466a20e4f97e977277768f78dfac0738abb9f89ace36dc37b08d,
39cba244597d0a6ecb4cbf63343b098082ef3cb675e8242a9731d86d5abc296d,artifacts/aim_hardware_characterization/hardware_characterization_report.md,public_only,08f5fd74db8d66db28e567eaeaed6151b54342ac3e5549a61dbe27501ba2d221,
b61680acfb6dfec8384031a4ae9f535ae5f0eebf57e336a7ff44d72f386931a2,artifacts/aim_hardware_characterization/hardware_manifest.json,public_only,3b89f0559a096356470fcec54ee6f0150a15daf79bc9fa333b0d1e1f2d565a86,
e5b154c5fbe107f676c10a5041f98c35d64591606c7aad275f28346d36b42aba,artifacts/aim_hardware_characterization/runtime_benchmark_results.csv,public_only,b74c6dba5e76bb71a61a61bc5e10a9581c19039e7f5ab9f63dd1d19db58be487,
18713ecb49974ebda5537b238997df75aa4e94691777e9fc9ff9f56f61b9d8d1,artifacts/aim_hardware_matrix/artifact_size_summary.csv,public_only,0b44874afd818a835d31f7c119fdd64c62eb327f6cc93d00669ee49bf7f35ad0,
13f18669a15ee5f91fbecc205176e49cdca085fd34b049f39cd959a68e038323,artifacts/aim_hardware_matrix/hardware_matrix_manifest.json,public_only,b49cf306228232b6077771f184b30ed47a1f362f022c9951d5f25ffe4b47619a,
9c2226e16a6be9f1c7b462d0e7a2970fb87c1694e3eb443f60e8f90c95189edc,artifacts/aim_hardware_matrix/hardware_matrix_report.md,public_only,5d65561fc41465a733816698e477e3b7f7e42480062e437d234ddac0460f12e0,
8e5baa9df4a163016beb0da11b72a6fafbfcd61628df68c9bee9c45bc2150603,artifacts/aim_hardware_matrix/runtime_benchmark_results.csv,public_only,c2a52fc6caac3afad3db465966335813db2c18062dfb83486c6944467ad91d6b,
042f982f3f108c54efc1183eaddabd4c08c67c6567e31320db27d9dce3e0e73f,artifacts/audit/publication_export_manifest.json,different,15821a4318d8b4c8e369700c3c135ad034f31a5f6c09a1bca33fbd231c756e72,de1cf35920d4721bd0fb95d562d2b55e21d859f03ba0f2019129394489193ed9
ef3a0b447de9665699d28a638874a9f9787e6f0866eec8bbb1da22c670cd341d,artifacts/audit/publication_export_manifest.md,different,419039b7a3b78ff033a6fff479d1b2e02a7e1b1099f3d4b667a856c510fef988,99b0e2a13339518f66728e3e10dca6587ef637fec56ba1a8006c5544554e4f20
7dc820abf43366229df4263355cadf02de38d43dffb06d01dd649cbb918e7b29,artifacts/baselines/baseline_comparison_report.md,public_only,ccb62384c3bbc2317720743686e036e172372626ea4c2ce0221b69b0fa9ed987,
75c74c46766242ec2e3240e68cc3fe5ca852e8b2e26d76288b767d62af9cfcd5,artifacts/baselines/constrained_optimizer_result.json,public_only,7756286ac50d7b351bc7d8e607b261bc5c1c1cfb62917177c373d8f17e69e45e,
f534659b7e9c1b711f9eadd6e7bef3aa29bdad47bad222c049be9cd8b7de0aa6,artifacts/baselines/deployment_aware_baseline_comparison.csv,public_only,140fa0d0d47e453bdd84d8fdd8dcb1742ad8d0318e1cc3d2bd5e17d6e05aff71,
be71978143776f53d950bdaccc0621cb13704cd9f886b76bee0a3e10515a23e2,artifacts/baselines/pareto_frontier_analysis.json,public_only,d52ca43e7c2fb2a88479d01779ddf27a59b2e70d46e67679b29c684e2b47a0e2,
43015859e9bac982d197ddf88347d8b217f404aa98c78160657d46c136a9a609,artifacts/behavioral_governance/pareto_frontier.csv,public_only,2cc05d96046abfc92754ddca907486c1b61520cb3600136ca6148c0dedf6afd4,
16fe0f3339eab6a4a896810cce1c943d97cd836348149f5e1a1e526e59d81a54,artifacts/behavioral_governance/per_query_policy_results.csv,public_only,1f9b7c2f08dfbd31cc94bff233668a169f3cda04f47acf124c4d457d5be83679,
52ab46f90581e7831140e9fb9d38128dfd44bc1fd23940f83f47e6759da0db81,artifacts/behavioral_governance/policy_summary_metrics.csv,public_only,74879c4d110425838b3b222ab52bcefc7ff25934e65048b58d28f0950d637e4a,
cfb3b4b3afa2c233117e895bba5c94ec0d2aa432e14a8b263b1287cd33ff60df,artifacts/behavioral_governance/primary_outcome_manifest.json,public_only,4e97e5e2c71fa71abe5edf5e4c51713ce0def85c4dc946e48b8c955038c4a8c6,
c0fc588b8b3de77e8e9f44b05e5fabc575301a12cfd81f5b6172fe77ecb76d87,artifacts/behavioral_governance/primary_outcome_report.md,public_only,96e22312b16a61191865984f8e2f90af971f1cf5fa8dbe0d05b24053a647bf54,
a91f9e8b53db90db67f3e77cd82ec7dff281c30f0f7e2df4547bea19f2bb5c0d,artifacts/behavioral_governance/primary_outcome_statistics.json,public_only,4e97e5e2c71fa71abe5edf5e4c51713ce0def85c4dc946e48b8c955038c4a8c6,
e2b55861ea4ce7b16b269a4134f4791f17dc274bb1855f3a6bd835c0b24a7961,artifacts/behavioral_governance/selector_comparison.csv,public_only,140fa0d0d47e453bdd84d8fdd8dcb1742ad8d0318e1cc3d2bd5e17d6e05aff71,
5980a88370e3ae631fc9d97f02ce2117bc30d182422e7a4a9077d9cf466947c3,artifacts/behavioral_governance_repeat/repeat_manifest.json,public_only,ee39a70fd6f1dda03bf3267b7ae1ed8797b8407a109031d6265ba76de19d612e,
96ba181f628a57b81a5275b411a723c8f3ffe78c9ada82c8c7843d8058c62993,artifacts/behavioral_governance_repeat/repeat_report.md,public_only,bb9c9849a1eebf46e7c76997774b31b9d286a805513b0f7ff7734eb8b18f298f,
2ff77bde6fc78cbb0604e6770c38687276c7898deb5e44245113e6dae62eeb5f,artifacts/behavioral_governance_repeat/repeat_results.csv,public_only,bc34007d0672d3eb4b1dfcf4001ca55d4d1185b31ef1f158b5c6ed5fdae799be,
62eff8f3149e9094df60147a3c4941c2789ffc08dd759caa21a2150893f16d8f,artifacts/behavioral_governance_repeat/sensitivity_results.csv,public_only,57d8a9365a54fb6ebf1c50a445b475b3e2e67e7b55b8b6d55fc260430b5d1b26,
ea30f09b1381a5b483a07d1cce4a5e478973f3c57fd03a12b74d584e48795332,artifacts/behavioral_policies/behavioral_distinction_matrix.csv,public_only,1caf1e8950294460aa7570ba59ac262cf8dc067b8263d875f167d548bfe93d2b,
a978c13db1c293c651bc56d981ffbb0d0458ddd8687284318208e4928811f89c,artifacts/behavioral_policies/behavioral_distinction_report.md,public_only,2e7b6770234b67af9c216a2e7181573fb1ce5c43dbd45c2a1fd9671169207002,
cb9da646717c51d13d333486ca121ee423ed6b5858a3c1cffdbd712a0794dab5,artifacts/behavioral_policies/policy_definitions.json,public_only,3668fb23a35a078d3d579cb7f4bb3af9880ac74bcb7266e5fe72789f1c4fc98b,
e49ffe6b6c4fa4a34c806d826e78d849c93e44528f2efe5221920af526043736,artifacts/behavioral_policies/policy_definitions.md,public_only,dd31c9fe1b3826104368ba4767449762ab52e7ffd96d3567f8b1cd23d35d231b,
45b167a45d239d81e5f63d8cfa8bf385f5fac4752d66ffcbdda64b516f571f95,artifacts/crag_evaluator_mapping_v2/evaluator_mapping_diagnostics.csv,public_only,c9e56e5bc01f5fff6f1a2ee04f354deea2e03e523112c8d726a666055478b01c,
36f090b9eaae0e8ca0c6e01f252fbdd1dd2731703f4d041eb9e9bed3274f536e,artifacts/crag_evaluator_mapping_v2/evaluator_mapping_v2_manifest.json,public_only,f1b12bfd4593609e0da5f7895096d056ae483d76fd0c714dc94a756bb8e85485,
5f4ee06a2352138ba7cacd0ed20705e85814393131bb19ba765e5d363231a72b,artifacts/crag_evaluator_mapping_v2/evaluator_mapping_v2_report.md,public_only,1c0cbb8e71d05e9ce661f1a8d1c0ba0a97dae38d455a4e00c7c20ea19067ea34,
e14e6b2f3e9249c5dcc7a5e307932c6fdf859c0c3afc07ca4e15aa24d8d18042,artifacts/crag_evaluator_mapping_v2/evaluator_mapping_v2_result.json,public_only,f1b12bfd4593609e0da5f7895096d056ae483d76fd0c714dc94a756bb8e85485,
3380a286faf39f3d0b5cc6f2479aa123592116cab2651e7676ed3c68a6350bce,artifacts/crag_evaluator_mapping_v2/evaluator_schema_report.md,public_only,0894347656f4bbf6361487e97666661a04e867550bd64254f1944caf6a79c56b,
d84e3f9d0a1f726336bd253203d873ddf769cbf370b60d249ae74aecdd5b822a,artifacts/deployment_readiness/deployment_readiness_manifest.json,public_only,8fe6b6106624fe333922b6b05f9095363864c9e353eff8b5e92f742fdb3e2c95,
840c457fdff6e9ab2f7839218c609b46983d1f988e318acfdc9ce293eeaab953,artifacts/deployment_readiness/deployment_readiness_report.md,public_only,d56b4d40f41ceb5884a186ef27221e6f27d3d482e3ed8c30b34296842a5ad504,
a06fe0878b1f55c4711f146b83a0c45c7a84e40492d84c41b3a451b637b52d00,artifacts/deployment_readiness/deployment_target_matrix.csv,public_only,296f1b9ba23b7b27d376bb65b3cbc280a067a1b752c3dab749a36c5124c45ced,
6193e7635d2849f79bcd17073efc61db57593413e0eb757e6b59fa72df4ad2f1,artifacts/deployment_readiness/deployment_validation_results.csv,public_only,ef6dd6f5ea033df21bf3b52abf59704770829af5c7691c9ab08b763bc4082117,
cb7679d76f6ab3eb41cb50bf5121458d07fdc7b33a4ae10db77fd9134ec3b0b3,artifacts/deployment_readiness/promotion_decision.json,public_only,5e21fb296c2bf1ba9a637fcccdd4154f4b39221b7ef8d00f145faa37c0ec187e,
8a8f795e86ccc1796bcc7e29d907e72b4ee5f2d73fc0978dd36aa8d15ec372b5,artifacts/docker_hardening/container_output_file_inventory.csv,public_only,b0f55b314235a1c38dd081bc0875209dd562a90b42c2770e569f46d8c4b06f07,
2df49c9c4177dfe5e8aff942219860871382430b9a7f4b27432d6e7aaa84447f,artifacts/docker_hardening/container_runtime_diagnostics.json,public_only,29d6afd6a4cb0221da79cdfa6c4d66f596390b65caed760aa30715d0ba773800,
4755ff7d3dcd95e028f03ca860675eef59f378afd99742414037172b143add75,artifacts/docker_hardening/container_runtime_diagnostics.md,public_only,75cdc8639a21210dc15bf5ca487d5a78bcc629638ec4748e186af08b58760d0d,
96d397b3b040890176a9f8ba04bffb190fe1a515896c5c07c081ac9d213095d2,artifacts/docker_hardening/container_security_scan_manifest.json,public_only,f7f8a28d286a74bd0486c1668b4743562eafc4731d06d7aee36b05c08877fdbf,
e5f190e4f42922751c926adae1fbc9a25cc7016cdf50758aeb938cbe3c891b5a,artifacts/docker_hardening/container_security_scan_report.md,public_only,10a31f99fd8487c29fb8187ffb453c9849798b50e1934715216d3896e32b52f0,
ceaa80d2fa969f02c0cb70a2be832ff6e21d12d02621b5692a90d4cf0914a7d5,artifacts/docker_hardening/container_security_scan_summary.csv,public_only,5180e07d915e8f544962da3e98a13d63f759281655678236511be954ba8e3836,
f9cc51eba7be0e63db21475d1702301a367d56e416d4c3e5438b42308a1e40b6,artifacts/docker_hardening/container_smoke_test_manifest.json,public_only,ade3da1f912b688a0449936ce83d657380d1a73d26e98e5115c0c14185119a10,
1eefac1be84c3f91af9fc96b38abb20c69998ef8294d89ddd7bf050824728337,artifacts/docker_hardening/container_smoke_test_report.md,public_only,25267abc4716a2fff6998b9a0997447bc3ab689b53eeb5cc4681547278e45ceb,
e10058fe674253c5d95f0daf499066d4987e1ef48a1d97a56282b0429dad6930,artifacts/docker_hardening/container_smoke_test_results.csv,public_only,f0ea6bac7146dae839f6ed8d0c3c8508382be9aaed4fe3434890794d98132c4d,
deaef6e5623613b6b6bd57d2d9d13fd2ba4bfaacac0af67c97d60b29d3c621e6,artifacts/docker_hardening/docker_static_validation.csv,public_only,0a41be8dfd45d6071e2ecbe4ba6078d43b19f5193f3717dfd0fa08efb239815c,
23d14e52532c7d9fc092683af53ba459ebc0a201524f3b716e15f7b1e0783b64,artifacts/docker_hardening/docker_static_validation.json,public_only,8e1ebb431b5b16f234568b298dafa384e24fab2d8fc5d198496e0b8addabeb0a,
963d221c9d446ba6e3cc2a3f4d8ff43c9ae627db618347003e73f2cdae83e957,artifacts/docker_hardening/docker_static_validation_report.md,public_only,6136b1747e2b533e9daafad25056d7936025db6f5f83e1aef7fb337e11b81afb,
9df2e914cffc3a29dde792b98ed5fe106e352ca47ac1e83ab8d03b39cb375dfb,artifacts/docker_hardening/promotion_decision_container.json,public_only,1da8709ecc90fd78611e99e921c3325ea7c69c95567345282899ff20ca93dc87,
21e766c3b65d8faf7cedddd787af0e03c80822f8c3d19b2b30b7d67f27373846,artifacts/external_evaluator_adapters/external_evaluator_demo_report.md,public_only,98375d3575e75ef930e5caf4985cfa823d79ce56aa4147744235e587a0c1bc60,
6c112a0b874bb37719539a9dca1b2d632e1b1cbeaa245cf9f8964124fbe4fd42,artifacts/external_evaluator_adapters/external_evaluator_manifest.json,public_only,3c68a145cf8ef791aedc322a190d4809aaa3d87525c53557bdebcca2104d5b0a,
18e0568f9439f9491d0ba574af57936e352697138e588dac1e23172fcba7d855,artifacts/external_evaluator_adapters/external_metric_summary.csv,public_only,5af7151d95110439f21d305a1cc0b937f45da6b23bb101e36bf0fc7c2264c0ce,
9152884c61744edf9dd6b8abd05d9a0ea58872b105c05bdaf4151e651e9f29e7,artifacts/external_evaluator_adapters/normalized_external_metrics.csv,public_only,9b4d5d745fc80af725e6f34fa62e5db3eb717025733c5f3d3e6742baa453c4aa,
9a5fe9dd5d5b9f0f30a9d3d95eafe6ec12f50276e4632058f1d91901b74f8a07,artifacts/external_evaluator_adapters/promotion_decision_from_external_metrics.json,public_only,3c68a145cf8ef791aedc322a190d4809aaa3d87525c53557bdebcca2104d5b0a,
d3dc553a05de1e8f7dee315dbc4239797fb75400d2b1b093f768b209996087a4,artifacts/external_evaluator_adapters_v2/external_evaluator_demo_report.md,public_only,272f019796122042498785c9366d273c832ee51ae388a8e73f44b33a5f97276c,
5584920b72d3e28c0d0da3ced8de8db01aa1bdfdc7641c54453c7132dd06590c,artifacts/external_evaluator_adapters_v2/external_evaluator_manifest.json,public_only,9792d435cd9437ce31b3e711b98937ab1656a6ce38231506442fd268016e886b,
735fec115b9ea15fabc58bb24857fd06b9f3e8fffe9cce57f3715e3b3cf5e3cc,artifacts/external_evaluator_adapters_v2/external_metric_summary.csv,public_only,9ee13b7a43107d0d7bb36df92dc2e15c4e5f7d1f02abdf2abedcd48d3358d4e2,
8f2cad7c32044507ac153b8b95b5652d7023d1b07ef1071b0aa834edfcbc8c2e,artifacts/external_evaluator_adapters_v2/normalized_external_metrics.csv,public_only,a3244b1688c5bb9c260149961c767df9201c53b19571cbb05e43e526d26cbebf,
48fc4fe30e11d43a526cafe0534df089af0bbfecf6ba19d76faec9640fe3d768,artifacts/external_evaluator_adapters_v2/promotion_decision_from_external_metrics.json,public_only,9792d435cd9437ce31b3e711b98937ab1656a6ce38231506442fd268016e886b,
1217f31b3a54c4d37cd0124fbd080e372cea349225e5875cd4bb7879d1ee06b6,artifacts/fresh_clone_reproducibility/fresh_clone_commands.txt,public_only,a5e66f52cf3b1e447026f0e6c6b0b9877841549add6a4f64d91f34f6a04368e0,
919f9f48eb9d7c31219c6b9a69b18e06edf0235e40002c04044fa1d20ece5917,artifacts/fresh_clone_reproducibility/fresh_clone_manifest.json,public_only,686153295d21a71c42a913632f57b3f9f51cd1fe0cd85578657779a75df6e7cf,
6848be1d106bedec1f8b5831cb26986aaaf01a47bd834461d7c379d65f333ed7,artifacts/fresh_clone_reproducibility/fresh_clone_report.md,public_only,ce23cd89d6539cd58612dbfb8b7874cf77a9254210877bd2ae430858219643da,
aa95658d1b4905748a227961c2bbd2a479cbb135545896fa06d977f3d862a623,artifacts/fresh_clone_reproducibility/fresh_clone_results.json,public_only,3df172302c63bb66cf06d971c0413677bb2a0e3006f9b9fdf8ba4aea5b5dbebf,
96558f39a9d87ab02f3ddd0b43b814f5a920c3eb33da092cdf237f1db9338f90,artifacts/fresh_live_crag_behavioral_governance/live_crag_acquisition_report.md,public_only,6d5c2954dfabf8e9bd592ffd2788e8a9dc788f63ef0088f7c5bae865fbbac031,
8aa251b8fcb177ded6687f33ef4b9a297d0d2c96cce676bad4c3ba1003b2e2a4,artifacts/fresh_live_crag_behavioral_governance/live_crag_manifest.json,public_only,4b79745d59f60bce246a2e24998343b7b0ec484c9f42cc369c28bd166f859c82,
678c8f31aae9d657a1cb0266e991008f4883254a07ed5774ee2512d647c3f951,artifacts/fresh_live_crag_behavioral_governance/pareto_frontier.csv,public_only,75d1a80cd35584bfd9f7c2bc4c4a9bd89676632b0dc813f05cc7ffe3c44eaa3a,
53a4725e4037ce0cf20932185d93600d1d2ff3e8860bc003313c0f104c457d28,artifacts/fresh_live_crag_behavioral_governance/per_query_policy_results.csv,public_only,fa11f9bf2fc9ff6e0cca870060a92d7e7229d01e303019dafdb7d5c09eabf811,
70886dedaffbec7bffaecc257d429370e61b4cce366a867118ad94acf8fb1320,artifacts/fresh_live_crag_behavioral_governance/policy_summary_metrics.csv,public_only,1d86a452529e9a314d2d9cee56c40359834e1e1fdad4c9692e7433cf80b71748,
4a16317419f7f646340a2eec63701434d8f4dd0197b43a4f2cc4ba484c0b96ae,artifacts/fresh_live_crag_behavioral_governance/primary_outcome_report.md,public_only,479298196ad124950cb82bc8ec5f7103383cdb02f590edaede175b5e5add9d6e,
4d561aadca6981fd872d7918edb4a0c804eae983ba33ed7836fe8ebda13e0418,artifacts/fresh_live_crag_behavioral_governance/primary_outcome_statistics.json,public_only,4b79745d59f60bce246a2e24998343b7b0ec484c9f42cc369c28bd166f859c82,
438a1715b029aee063dc5aa5dfef1169b754861e1ffdca33a6f968e5ed05214a,artifacts/fresh_live_crag_behavioral_governance/selector_comparison.csv,public_only,5d6d4ded3250bea0c8975e8a6f0b7be15ae37cb121ba6d32559140321440c331,
343ba8086f95d711d3af65a7278f3117dcac5c5a8b2352ec5c07415cdf09ce8d,artifacts/fresh_live_crag_behavioral_governance/split_manifest.json,public_only,53cbeb78e72016f1820466c8730ab8030d8eb2e1c1a3184349034e4c883da4c3,
d08158536ebc87a837aa1738f21e21a9d6b5a8fb0c34fb21f8428260780d9f08,artifacts/generative_llm_validation/crag/generative_crag_manifest.json,public_only,e56fc7b1e80031614e7f055ff1bf841b58f43956be1916254730832d6a0370d5,
122791d2fd9d169679b1b14d9f4984abfb8af8f174246e666ee3a0b1e83c73ed,artifacts/generative_llm_validation/crag/generator_environment_report.md,public_only,7e51f34f05c23f295dd6a02f85f612a04bfa4b79bef54acde0b3bf9fc8a9a41f,
9290cdac880b6b317735138b597c4bfbe5a03f1d2b97807d085b7d324d7626c5,artifacts/generative_llm_validation/crag/pareto_frontier.csv,public_only,9889c135f4b98526029d3cc4fb3a10be3f45dc9ea04f8411b0d36a39565c4a2d,
d446171e8c1c4cbb118d262b03d0deb9d0cc9997cfe914da1c646e8124fb70b0,artifacts/generative_llm_validation/crag/per_query_generation_metrics.csv,public_only,a43609a8e21dc04f018e6e13691d1264a7d823e6137f888caa0c7d08f2615f42,
f65644396548851bcd440402bf276a62e41afc3d1a5b09e137a8ff0cedf0e9d6,artifacts/generative_llm_validation/crag/policy_summary_metrics.csv,public_only,963e70b480ae0cc49d643b6c972e4ab4f69412f89ffb57ae9f7b6767b745d80a,
eefc0f9162b3ff9b16f475442fdfc6773c4dd7c0969f0aebd876fe7a4fec8357,artifacts/generative_llm_validation/crag/primary_outcome_report.md,public_only,af515cb43a4bc80fce5ac825ba96ba4bdcc6bdea5fc09a888a749b43cf00618a,
f7b12264bc50f53c8ad407a79c0328dd73b56fb62031ed96067b0452484b7557,artifacts/generative_llm_validation/crag/primary_outcome_statistics.json,public_only,995da946bdbe3470e58d93a48036ed2a4b9422fd258923b5c25a4b0e4568d867,
02414af1d2fa9ad9de481b26e6b6b2d1a09bddcd81e40e22d3e7a5f2815f621c,artifacts/generative_llm_validation/crag/quality_signal_diagnostics.csv,public_only,b0b2713b1859f294738f7a3469caea7d705f2b2ea5c876d28a67fc9383b8fbad,
a8c42c0420d4f5a818fc663d6851354c1430c79a7155fd98f063303c9e87a756,artifacts/generative_llm_validation/crag/selector_comparison.csv,public_only,c6d780d11e9c030cb387a1f432332ec111a06b08d88d201bd4a538c9ef2c97a2,
ee50cecdc280053b201c9e7a557cd406b5dab5bd2da6a322f2d88ab1ea530025,artifacts/generative_llm_validation/crag_evaluator_mapping/evaluator_mapping_diagnostics.csv,public_only,ba25c090f84924aaebdc29728a24d30265f300e768ed3c1a5f1e939069cf196c,
7bfe3078c5a0eda0b3d248c3cc55e1854ae0699d703636f4528e179902ba0ee8,artifacts/generative_llm_validation/crag_evaluator_mapping/evaluator_mapping_manifest.json,public_only,7599c2f3b4aa1a996e9b5670ed25306f03e93f11c3046e65090dd4e33d4c9ca5,
2c87e0120a3a066d9d885b0601ea6e6283b71e1ea3dfd28b6dd6054b9e4fa61c,artifacts/generative_llm_validation/crag_evaluator_mapping/evaluator_mapping_report.md,public_only,c537dcc86f32aa3c96008b8c5849857218cfecba8a3c25dac880d3ed8ef253d9,
301b16b89d2f33ade6240ace13f76480b8b07ff4ae3970f13e536115e092a834,artifacts/generative_llm_validation/crag_evaluator_mapping/evaluator_mapping_result.json,public_only,02a882b1b1d9ffd8c1917989e3185d29294cb43ffdcc28b1fb27a5e0fa54fff7,
2f22b4034253e9189b23ac5f04ea64fd429f39e9cb7c918ca22581d16af03ba5,artifacts/generative_llm_validation/crag_evaluator_mapping/evaluator_schema_report.md,public_only,fcf6cc80cdbd63f3423188355ed790c852efd456a72a02a885d626c3cae73b7b,
99baf3aa1f9ec202ba1ab38adb21a62705847cf10344dd3c1c2a75d8ca2c0d8c,artifacts/generative_llm_validation/crag_llama3_2_3b_guarded_latency_offset_0/generative_crag_manifest.json,public_only,3802517e531402d6201412859ecd61958c119105e77f5629a40d526033dc0dcd,
2be36cdad671e9bfff7c4efdf94df428958b88fb60c5ce3f9080621a63431e1e,artifacts/generative_llm_validation/crag_llama3_2_3b_guarded_latency_offset_0/generator_environment_report.md,public_only,390295863386d90dfd97a32fb1ca629c0ce7ff340114e7dfe3372c7cefdc11be,
3cddd734c6185aebbac011dea36570bd28d709673085fffd9049467639e774cf,artifacts/generative_llm_validation/crag_llama3_2_3b_guarded_latency_offset_0/pareto_frontier.csv,public_only,06213925acdba7b306c66b4b9a6e466001843316d717718c96a7fae06595fb95,
d246bd2419dea8bffa48f5c884f1470e84a260ece4c805fe19ac6038a7cc781f,artifacts/generative_llm_validation/crag_llama3_2_3b_guarded_latency_offset_0/per_query_generation_metrics.csv,public_only,b0bac25b7bb983a8d8d3f27381fa63cb77aa4fa647cf2cb6422efadd751b8cb7,
87b49d9f112282f83b75a3f84ab3b03bf3a6e2d748959cb63a322eb914e2726c,artifacts/generative_llm_validation/crag_llama3_2_3b_guarded_latency_offset_0/policy_summary_metrics.csv,public_only,8c337cc8c6f8d296716a7468a05f65093b5b999f2521c88c23c0ed53de68677a,
59f29ce563dcf68d863b2f9c829c64fa02622bb1cc6db3d410fd3b66c7bbab40,artifacts/generative_llm_validation/crag_llama3_2_3b_guarded_latency_offset_0/primary_outcome_report.md,public_only,40f8bffb3fd502b531d535e6da5ce684db892960c4317174fbd5b4d0fbf7a7ba,
1d3ce284b333c5c0934f1d776631428f8bdef7a8d1c38da3cab034d9b46d6e2d,artifacts/generative_llm_validation/crag_llama3_2_3b_guarded_latency_offset_0/primary_outcome_statistics.json,public_only,fac4b29297700348226e996c46947515b27d82c128d8e82fe9637d338bb15d00,
21c90e56f9a6d1fe8691672b8971b62fc556ea7c8227384fb99ce1c5e23172df,artifacts/generative_llm_validation/crag_llama3_2_3b_guarded_latency_offset_0/quality_signal_diagnostics.csv,public_only,a9d60b11f0a995180569e6db522c442deb4b0b0e36ed433955c12dd719faac0e,
8bb5a76d59ed2fc997e6284a63c3592e1f4cae09f1ddfe25661bf2179f3460b1,artifacts/generative_llm_validation/crag_llama3_2_3b_guarded_latency_offset_0/selector_comparison.csv,public_only,1a9d5f0849c6be55a11ea25e74c620236438cfafd35f9ca335a41554a2beebf0,
e4f88144fe3b82ea31d4bb68623b53af17b8e7aecb76e04ca5ac1fa11850038c,artifacts/generative_llm_validation/crag_llama3_2_3b_guarded_latency_offset_24/generative_crag_manifest.json,public_only,e8af8c7169ae7b9dcae3c22287e7ad6a6ee0418897a3d00bce8d7e817e9ef232,
b3e576e842c8b86a24216258d7d73fa5c4e1a3c8a2509874a73ecda4a2adc548,artifacts/generative_llm_validation/crag_llama3_2_3b_guarded_latency_offset_24/generator_environment_report.md,public_only,390295863386d90dfd97a32fb1ca629c0ce7ff340114e7dfe3372c7cefdc11be,
d941fab387abffca03de7822c13cdcb99109dc4f2a49f4122e91484f2e3d2ec5,artifacts/generative_llm_validation/crag_llama3_2_3b_guarded_latency_offset_24/pareto_frontier.csv,public_only,a1ceeb78af07d14e9aae96ad2c024d5f8c63d498423d69b27e247aca2ef6dbf9,
d1f8567bd60491511b8754fb187531984d8a444c2c58f09b9aec31d81a2bc3d7,artifacts/generative_llm_validation/crag_llama3_2_3b_guarded_latency_offset_24/per_query_generation_metrics.csv,public_only,e9ac33951285e3156e4475fd98e149df48b3abe54d249da8d480fa72eeba3928,
d44dc6731c6f8114fa43b780f85d4ef740c4489580724bfd9e8c93f42cd6f82f,artifacts/generative_llm_validation/crag_llama3_2_3b_guarded_latency_offset_24/policy_summary_metrics.csv,public_only,1e6e3c7a5abe4092f08de9ccc7c0f58df6f38e284287cc8963faa8764e7bedc6,
a0fe3f6d934cb1346f7193838afc6446bcbea352ef2461bec75ae74b7823fc28,artifacts/generative_llm_validation/crag_llama3_2_3b_guarded_latency_offset_24/primary_outcome_report.md,public_only,40f8bffb3fd502b531d535e6da5ce684db892960c4317174fbd5b4d0fbf7a7ba,
0337adbf23b97e685d3717709ae220c40d638e3801c5239d9513082de8b6fc36,artifacts/generative_llm_validation/crag_llama3_2_3b_guarded_latency_offset_24/primary_outcome_statistics.json,public_only,391eb9f181932c285ab7c0c8ca114da8f11d3f4af45a8e08ec698d6d5aa0da0c,
3679a29a3cb497ebb790589cb2163517dbc8a156f5c1f18b6498cb69f1479dda,artifacts/generative_llm_validation/crag_llama3_2_3b_guarded_latency_offset_24/quality_signal_diagnostics.csv,public_only,c5fa461a753cb6fde8755d909e0ceef7ec0ae53eef2d0f813db84b9ca392ba6b,
a1538560bc2720288a2ebf22f6652839e5c11cbddd801a395c79caf2d1312790,artifacts/generative_llm_validation/crag_llama3_2_3b_guarded_latency_offset_24/selector_comparison.csv,public_only,1a9d5f0849c6be55a11ea25e74c620236438cfafd35f9ca335a41554a2beebf0,
a3099780d69633106038c567d2daa01146a2fc81e6dbac86fcaeef5c6e23acd0,artifacts/generative_llm_validation/crag_llama3_2_3b_guarded_latency_offset_36/generative_crag_manifest.json,public_only,e8af8c7169ae7b9dcae3c22287e7ad6a6ee0418897a3d00bce8d7e817e9ef232,
54ce2cf453626ca23c4178d2bfc4aaba626bd59210f0667cc87921cae0022ef5,artifacts/generative_llm_validation/crag_llama3_2_3b_guarded_latency_offset_36/generator_environment_report.md,public_only,390295863386d90dfd97a32fb1ca629c0ce7ff340114e7dfe3372c7cefdc11be,
ac214f12bf9fedb967202b23a4296e71b6327380c1095e9f61cc1446305dd9c4,artifacts/generative_llm_validation/crag_llama3_2_3b_guarded_latency_offset_36/pareto_frontier.csv,public_only,06213925acdba7b306c66b4b9a6e466001843316d717718c96a7fae06595fb95,
4a3e5ea8a29f86d1f39fb6ca0f64bde468b65779c6150317691c3908340a89f3,artifacts/generative_llm_validation/crag_llama3_2_3b_guarded_latency_offset_36/per_query_generation_metrics.csv,public_only,391ae55f2c1e312b5c4dab72e25ce7b26e7601910a9d2b452b65d69be54933a8,
32e453fa97b94b0aa958d9b724d9e5704dc60cbf3269a6f0c62fdc4ac9be436c,artifacts/generative_llm_validation/crag_llama3_2_3b_guarded_latency_offset_36/policy_summary_metrics.csv,public_only,d8c45040a0579f0b1907c2b42e57578993598fcf97da4dca16d47e5e1889acd8,
a20e14cf9fa08055e121e2659c2efe0dcb0e02df3c26bdd0a6e260250f819db8,artifacts/generative_llm_validation/crag_llama3_2_3b_guarded_latency_offset_36/primary_outcome_report.md,public_only,40f8bffb3fd502b531d535e6da5ce684db892960c4317174fbd5b4d0fbf7a7ba,
253908a5ff61059829a2448300844d8df3c647eee9be96ff526be0ebf5382be2,artifacts/generative_llm_validation/crag_llama3_2_3b_guarded_latency_offset_36/primary_outcome_statistics.json,public_only,9f75c0282690891d3623b1022ef9fb627c1d10ee6f022ab56de1c8085a2306da,
f576d1c051bc0efeb04a0c08db9c32e7e672390e9ba7df5cf0eb952991d2ecd4,artifacts/generative_llm_validation/crag_llama3_2_3b_guarded_latency_offset_36/quality_signal_diagnostics.csv,public_only,9205a0b4ddc8d46c5324c059a2c001b565cb0eec9a642b2d1a4c78106b4298d0,
e911218eb5bbe5b947bd2174db1eb6ea5bb5fd312ff2f8a3147b9b4bb54d1d74,artifacts/generative_llm_validation/crag_llama3_2_3b_guarded_latency_offset_36/selector_comparison.csv,public_only,1a9d5f0849c6be55a11ea25e74c620236438cfafd35f9ca335a41554a2beebf0,
175ff4867e628338970c5239625a477e374c0a28e7ed960e36942da19c91bdf2,artifacts/generative_llm_validation/crag_llama3_2_3b_guarded_latency_offset_60/generative_crag_manifest.json,public_only,e8af8c7169ae7b9dcae3c22287e7ad6a6ee0418897a3d00bce8d7e817e9ef232,
ba214b2f1a6d1d009f22b303ef6c1beffe1caf4039f1ab00299ef34f5ff87a26,artifacts/generative_llm_validation/crag_llama3_2_3b_guarded_latency_offset_60/generator_environment_report.md,public_only,390295863386d90dfd97a32fb1ca629c0ce7ff340114e7dfe3372c7cefdc11be,
e25d104e9e77bbeed97d33ca0baffce10c55cac44b634b46dd318355dd685865,artifacts/generative_llm_validation/crag_llama3_2_3b_guarded_latency_offset_60/pareto_frontier.csv,public_only,a1ceeb78af07d14e9aae96ad2c024d5f8c63d498423d69b27e247aca2ef6dbf9,
823ab30bebed2eb3af4036d89b3f638241379cd35e93608cba6c5ea53fcf2c2c,artifacts/generative_llm_validation/crag_llama3_2_3b_guarded_latency_offset_60/per_query_generation_metrics.csv,public_only,5dda1ab5d1388e98be2f959c41652d64ff0b0b56eb343ffceba553390dc8c75b,
3827138cbbe094907cf4d3e967e0a1ec9112436d18ae8edbe38154d8b86609b1,artifacts/generative_llm_validation/crag_llama3_2_3b_guarded_latency_offset_60/policy_summary_metrics.csv,public_only,6ebd70c763d3267b280bafbd54cc48b689210276b4aaaaf57c58a0e1d39dfa2c,
8a88516c6c3cae9d8074f47d1474ec5a97ec21b5c7feb8ae5c7fcbfb9ef59d42,artifacts/generative_llm_validation/crag_llama3_2_3b_guarded_latency_offset_60/primary_outcome_report.md,public_only,40f8bffb3fd502b531d535e6da5ce684db892960c4317174fbd5b4d0fbf7a7ba,
b16be846180f0c579cf7d7f2aa23fa815fd616cbbd145cfc7f4b16052e08b139,artifacts/generative_llm_validation/crag_llama3_2_3b_guarded_latency_offset_60/primary_outcome_statistics.json,public_only,fd9669855f2128cd883d7fbc813339f158934c4eb255ab81e9268e606b86ed9b,
ade8754c64604aa62fedf67bf94491889eb084773c021fe746f7e2c9ed8e4a5f,artifacts/generative_llm_validation/crag_llama3_2_3b_guarded_latency_offset_60/quality_signal_diagnostics.csv,public_only,c3ce0cb837cb7d7df3422d344069078918130398f3edf9cbebd734623f58a676,
cf08ac4e10627d96b2f4ec77ac6f125acf9b3f873a99a77db82d348b27c400af,artifacts/generative_llm_validation/crag_llama3_2_3b_guarded_latency_offset_60/selector_comparison.csv,public_only,1a9d5f0849c6be55a11ea25e74c620236438cfafd35f9ca335a41554a2beebf0,
bc642ccf43de95f2ef601032e649ffe663ea5f23c6b7f7e2a02c05e576b52976,artifacts/generative_llm_validation/crag_llama3_2_3b_latency_selector_offset_0/generative_crag_manifest.json,public_only,639b2d645b0362e34826c596b940f23a52b18fd536094216fce774d525686fb9,
57f234d960c6429acbed389942f6f3f6c0da28da96c0cb8bd31016a09dad9c75,artifacts/generative_llm_validation/crag_llama3_2_3b_latency_selector_offset_0/generator_environment_report.md,public_only,8a315e9adda899b95dc851af76830254ffa21962bf8aefe2a19e798fe4ebbaeb,
4a4b0001f2f918b1a628e4b68c0a8f9296b26d5c0631f966bd6ec5876ecd9d09,artifacts/generative_llm_validation/crag_llama3_2_3b_latency_selector_offset_0/pareto_frontier.csv,public_only,c74b29e1f74dd77d9e331691e5e90e2225b787aed21e88cf216246e70eb8e1d7,
fe1b3c20eb97baef4f432becc3de8bb833291bc946c4027bd852eabea6ec36dd,artifacts/generative_llm_validation/crag_llama3_2_3b_latency_selector_offset_0/per_query_generation_metrics.csv,public_only,c5b9576ebb22f677f34ef0c016c837cfdfa4c3b21f0cd8450344f2d0a73fa7ed,
b98a307127626b05ea0569c3b7c5ffaefa8ece958328dffeb2785084a0f6a0e9,artifacts/generative_llm_validation/crag_llama3_2_3b_latency_selector_offset_0/policy_summary_metrics.csv,public_only,be3444dbaa29a766806e39db60916e8b0f00f130c6b2d505ee3138907a301b13,
57dc3a89fc445c6b86dee1246225c6fd2da99dea2de8d639464e72ca08f22a0a,artifacts/generative_llm_validation/crag_llama3_2_3b_latency_selector_offset_0/primary_outcome_report.md,public_only,06b01003a9437d8d05d1f58126ca32c257247482639eab1dd5c8395e59ed84e8,
577ec01999b986a998db5a1a6c158a2786ba7f12e065dacc7b48f57f29c9664e,artifacts/generative_llm_validation/crag_llama3_2_3b_latency_selector_offset_0/primary_outcome_statistics.json,public_only,420df7adf74826d0bf4f00aa3dcc983c9bb3cc1d043cc393bd9b5ccb1329108b,
246eac000dcd48f5eead13b0e9fc7a7456f02d34b376015e81bc679e5e4c9b78,artifacts/generative_llm_validation/crag_llama3_2_3b_latency_selector_offset_0/quality_signal_diagnostics.csv,public_only,68d7cae5c0c183794459fd53f849e914a2be4c4eb4d2d21a1ba82fbd80a7595b,
bb9af9d5cb61e347d8e62ae625f01b31a17c81d4c1135f5b02f560bc2b4e9ec4,artifacts/generative_llm_validation/crag_llama3_2_3b_latency_selector_offset_0/selector_comparison.csv,public_only,893c44e5945d26824569fcc0af68dc35dd98d5f5f6662d24bbec1b838ef6b3c9,
4275844185231b3d0afec8ab8b1bf2e9c69b6daea7969a0b86d66d91bc53e5ff,artifacts/generative_llm_validation/crag_llama3_2_3b_latency_selector_offset_24/generative_crag_manifest.json,public_only,76d0642f46dfc877ffa4797d7e702a11eb4e5f6315c10e8d89b20c3929642cab,
6d2f9261e81410bf85cbc1c390dc71035da759399111b46d0c81b3edba297294,artifacts/generative_llm_validation/crag_llama3_2_3b_latency_selector_offset_24/generator_environment_report.md,public_only,ad6da48f3c58221b72a42fb32addad313b8f1c5e33c9b39bfa91724f188aa296,
f44479b0e4bf64523256a3bf81973c9e8c3c380d4bc7675a654024a5b2db4c05,artifacts/generative_llm_validation/crag_llama3_2_3b_latency_selector_offset_24/pareto_frontier.csv,public_only,53fd626e0a5f9732147a9bd421f6f20dd6220d96c89d22558375c887ad41cf76,
feeed23ac94d0e9f34260ed9f598a22c511a9c281c31ae3ee70e77f525f59412,artifacts/generative_llm_validation/crag_llama3_2_3b_latency_selector_offset_24/per_query_generation_metrics.csv,public_only,295a56d303aa038d90a5afda5010a46f6b574e2797031394c400ba1f078cdbf6,
1588206270a61fd008150524a8d7c111cb73025d9dda5ac3932a70f4f569c6d4,artifacts/generative_llm_validation/crag_llama3_2_3b_latency_selector_offset_24/policy_summary_metrics.csv,public_only,ac08e7799c18045ef0304c23c033892121ccc4961d0f63bd7001df3c77f1bc1a,
0a280a20eea3a8761b2e422fff9fe8cc039261d646fd31ed6dfcc1fe43650307,artifacts/generative_llm_validation/crag_llama3_2_3b_latency_selector_offset_24/primary_outcome_report.md,public_only,5c6af36c1c80836e9fb9c67799f23f17d3633e74e3ed96dfc279151dc549d2d6,
6ebc47f88e1f16e1b44cb0a33fdf49e25a3d598aa1e08855787852f3218d46b1,artifacts/generative_llm_validation/crag_llama3_2_3b_latency_selector_offset_24/primary_outcome_statistics.json,public_only,a687342072b8c5ed490273c2fa8ac65993b8146fa677983b14a6ff92b51accca,
303136c2fb7d0aba840b06ced6e12491b212df8d7e7eb616eab6c3b11cd32fae,artifacts/generative_llm_validation/crag_llama3_2_3b_latency_selector_offset_24/quality_signal_diagnostics.csv,public_only,f76cb7f47c0c5ce3087d818345b086fec6df21c2e4ef4459fb8b0240bbd683a2,
a9b9f64a95c04f4ce081ac55476ae26894b0de2af5343ad663a5e2152ada5516,artifacts/generative_llm_validation/crag_llama3_2_3b_latency_selector_offset_24/selector_comparison.csv,public_only,893c44e5945d26824569fcc0af68dc35dd98d5f5f6662d24bbec1b838ef6b3c9,
456400179fbcb9099080e6e52d82f8787ad9a05825493a66e3dc199b1be90924,artifacts/generative_llm_validation/crag_llama3_2_3b_latency_selector_offset_36/generative_crag_manifest.json,public_only,31c4eedceb4358bd1584e7d7a0f17ee3d2cb4da86e9d496d25346d933fe8e396,
ebb00f5227a4fcae4ff9b7241fc083838ee665d1730187c1dc94f08cd8b4c5e7,artifacts/generative_llm_validation/crag_llama3_2_3b_latency_selector_offset_36/generator_environment_report.md,public_only,8a315e9adda899b95dc851af76830254ffa21962bf8aefe2a19e798fe4ebbaeb,
75ae2f752378e115f295e64eb80efce69afb37bb257b138137e78a3591b1b90a,artifacts/generative_llm_validation/crag_llama3_2_3b_latency_selector_offset_36/pareto_frontier.csv,public_only,94c3db0680e7abf0b2847a679fc3824e001f761a1cae0964dc4a5151d6b1ea25,
de44c2c127b943734d399c93c96ece180c514c715c4a79bd50fe8db6438d3189,artifacts/generative_llm_validation/crag_llama3_2_3b_latency_selector_offset_36/per_query_generation_metrics.csv,public_only,81d026a58b37457630269af54ce4123920d57c4f9b142d4ca1d037f49191bb05,
4aa020d1010021c55d51a9c60965dbc7c0e83d9c1ef50d51511eca74259977d1,artifacts/generative_llm_validation/crag_llama3_2_3b_latency_selector_offset_36/policy_summary_metrics.csv,public_only,b50e41d95320576f13e65392ec8effa6e75756076e819044bee1c11708a53d64,
ff838601ba8b1b804587017eec0a798bb763af0a4d832f6de0c613ea0a55d446,artifacts/generative_llm_validation/crag_llama3_2_3b_latency_selector_offset_36/primary_outcome_report.md,public_only,06b01003a9437d8d05d1f58126ca32c257247482639eab1dd5c8395e59ed84e8,
8d06d247b0534a7c0469cae0c1c92085220e61c7128ea49164301d7eddd90506,artifacts/generative_llm_validation/crag_llama3_2_3b_latency_selector_offset_36/primary_outcome_statistics.json,public_only,168cd76f42641296d189d036ad40f65d4da9b86214e1305532c9cf68a672cb60,
e7f34a96cb1c308cad5b5cde2525821c52ab135c2f4a7b6971acd8554c165191,artifacts/generative_llm_validation/crag_llama3_2_3b_latency_selector_offset_36/quality_signal_diagnostics.csv,public_only,8742e5eed61d9752ec0a2cb58a6cf98e80beb52e708cba95518a5e7d11281343,
d4b1f809aa49b0dea7f86ddc25604f7cfc1c3155e47daa90fc3875ea93018ce2,artifacts/generative_llm_validation/crag_llama3_2_3b_latency_selector_offset_36/selector_comparison.csv,public_only,893c44e5945d26824569fcc0af68dc35dd98d5f5f6662d24bbec1b838ef6b3c9,
21791582fd6be39504be2607a3f396bcc4f96629d6bb56f05146c4d3d6ec8f2d,artifacts/generative_llm_validation/crag_llama3_2_3b_latency_selector_offset_60/generative_crag_manifest.json,public_only,31c4eedceb4358bd1584e7d7a0f17ee3d2cb4da86e9d496d25346d933fe8e396,
3c75944952caad077f783c73889fdef982f71022f7a75873c12ed8673bb10450,artifacts/generative_llm_validation/crag_llama3_2_3b_latency_selector_offset_60/generator_environment_report.md,public_only,8a315e9adda899b95dc851af76830254ffa21962bf8aefe2a19e798fe4ebbaeb,
db38eab9a1d9f8f26097055acc62ab9826c662e34d6550accfa0919d766b2c69,artifacts/generative_llm_validation/crag_llama3_2_3b_latency_selector_offset_60/pareto_frontier.csv,public_only,94c3db0680e7abf0b2847a679fc3824e001f761a1cae0964dc4a5151d6b1ea25,
87bf5a6724611b88e43d1b8830160b9eb0ca1d2bf9d868906a47db745dd07d17,artifacts/generative_llm_validation/crag_llama3_2_3b_latency_selector_offset_60/per_query_generation_metrics.csv,public_only,612178b0c6b2f3aff1aa1446a3ad9865210c4236102496a060c56757ca30cefa,
80e0dfa8c38a246154da818e9b6a009c60eea5cb2045715da371674a6d96e63f,artifacts/generative_llm_validation/crag_llama3_2_3b_latency_selector_offset_60/policy_summary_metrics.csv,public_only,25ba2b53438111b63da1d372215c0b79846beed8fc6e79ad6c83f7041004a1a0,
05a74f66e043b68e028376abe0c53469da1e38ff5fb1e7108d7b2e371260d970,artifacts/generative_llm_validation/crag_llama3_2_3b_latency_selector_offset_60/primary_outcome_report.md,public_only,06b01003a9437d8d05d1f58126ca32c257247482639eab1dd5c8395e59ed84e8,
007f6d7374149a2012b8400b231222f13ca4906f6ac57007418faaf6e069b80f,artifacts/generative_llm_validation/crag_llama3_2_3b_latency_selector_offset_60/primary_outcome_statistics.json,public_only,da7995aa286a1cc4a13e7813987a9d9dd14513dcd6a4e198dd3a184d244feae9,
de2d53a73975b7e97422f85849f50cba81cc280e5601308884a868afa80ee401,artifacts/generative_llm_validation/crag_llama3_2_3b_latency_selector_offset_60/quality_signal_diagnostics.csv,public_only,2ecadd2bb1845e21413a0bb38da73a0d59577ebd8a924fd46a75af96ff1106b1,
c81200fc0834d7faa0f72bec08edd3a44a9420172aec586010953754cea21cbb,artifacts/generative_llm_validation/crag_llama3_2_3b_latency_selector_offset_60/selector_comparison.csv,public_only,893c44e5945d26824569fcc0af68dc35dd98d5f5f6662d24bbec1b838ef6b3c9,
1c2c93822073233e2c34ea237284b798097c6864ce155c8caa5e52b58be8bfe0,artifacts/generative_llm_validation/crag_llama3_2_3b_learned_guarded_latency_offset_0/generative_crag_manifest.json,public_only,3802517e531402d6201412859ecd61958c119105e77f5629a40d526033dc0dcd,
e94d41476d48906069f249ed3486b1d993fbcf4b379ca6a4e02d50d306925116,artifacts/generative_llm_validation/crag_llama3_2_3b_learned_guarded_latency_offset_0/generator_environment_report.md,public_only,390295863386d90dfd97a32fb1ca629c0ce7ff340114e7dfe3372c7cefdc11be,
4fc728f62f488c82375a33cdfb30d3dcbfb2f94f09a6cf6eee9d3cdbcc41bdf9,artifacts/generative_llm_validation/crag_llama3_2_3b_learned_guarded_latency_offset_0/pareto_frontier.csv,public_only,ebea0bbf611f7b2b204a9ccdd70effad11812b13cce08387e5a2c4bcc6bd205d,
e4822830c6c11549d79e334f14a59b733e64a31a9cc4463a814265cb3ede20ba,artifacts/generative_llm_validation/crag_llama3_2_3b_learned_guarded_latency_offset_0/per_query_generation_metrics.csv,public_only,087f29f913e7b1d6f635efee4d474ea239209d9a045390421dc55a9fe372f039,
7bf8f65519243755d5c4174e27a800d4d91117a68620354890e0655447e8c2b5,artifacts/generative_llm_validation/crag_llama3_2_3b_learned_guarded_latency_offset_0/policy_summary_metrics.csv,public_only,83a1004da3ab378184162e43b61035109d4ee7bdec0315ef4749fe9e407dc9d0,
963ef7be45856dbfa3103943d6a1c9948e248808a13f4d15634d21b147c86560,artifacts/generative_llm_validation/crag_llama3_2_3b_learned_guarded_latency_offset_0/primary_outcome_report.md,public_only,40f8bffb3fd502b531d535e6da5ce684db892960c4317174fbd5b4d0fbf7a7ba,
8101279f103a1c2bcafaf72e7dc775f9a9126d983cfc18e108eb51c04ee6f11f,artifacts/generative_llm_validation/crag_llama3_2_3b_learned_guarded_latency_offset_0/primary_outcome_statistics.json,public_only,0e683531f685bdaf3d0b80fdaeb29a775798af3da21e5fa847709d84a92324af,
168c65aabe9ea62ddcf99e7a6a334426dca3a14bdd62a15e769e082b476ff91f,artifacts/generative_llm_validation/crag_llama3_2_3b_learned_guarded_latency_offset_0/quality_signal_diagnostics.csv,public_only,bd3bdfd7d956d323de93d9e0f49d603a1ba7ba299d1efc9a8c9de76c8a6e1c1a,
51b4432bfca64c33da5a59c237c7c690bc51eda63ca9358408accf0a7921aff1,artifacts/generative_llm_validation/crag_llama3_2_3b_learned_guarded_latency_offset_0/selector_comparison.csv,public_only,910d3514660cce524dfbae96f20c2a0b4d1cfd0559300488b86539ff94acdf7c,
0dfd306ea1c63cdf6e78a015710c1c5e49dbadbfb9f0ae50a4cc0c8656cc5283,artifacts/generative_llm_validation/crag_llama3_2_3b_learned_guarded_latency_offset_24/generative_crag_manifest.json,public_only,76d0642f46dfc877ffa4797d7e702a11eb4e5f6315c10e8d89b20c3929642cab,
c8c36b8801f14a65a0f468594359ab85ec114e4319f67d50df025b46cf936e81,artifacts/generative_llm_validation/crag_llama3_2_3b_learned_guarded_latency_offset_24/generator_environment_report.md,public_only,ad6da48f3c58221b72a42fb32addad313b8f1c5e33c9b39bfa91724f188aa296,
0fe42a46f37dc20f37139e7d626e1c983223688445232feabb688fd3b4efa846,artifacts/generative_llm_validation/crag_llama3_2_3b_learned_guarded_latency_offset_24/pareto_frontier.csv,public_only,ebea0bbf611f7b2b204a9ccdd70effad11812b13cce08387e5a2c4bcc6bd205d,
0d15f41e970cc4223e134c098c2b90b9e7243c283e2ea55f6f734c95d55f41e6,artifacts/generative_llm_validation/crag_llama3_2_3b_learned_guarded_latency_offset_24/per_query_generation_metrics.csv,public_only,be94931512d0ed87defce7cbdfb814ae26da4ea319a34e6207efc583be5905fd,
731f1acc770a910ae58e950028c82a70735df9991b4f208a124f62a5c1be8821,artifacts/generative_llm_validation/crag_llama3_2_3b_learned_guarded_latency_offset_24/policy_summary_metrics.csv,public_only,271b05761d37060821541123523df0859d2c4bd46506387fd38a859d130ae104,
a722b13cb2559f7d9144493d9f618f3632b6171b7d998132c20fb8e4923f49e8,artifacts/generative_llm_validation/crag_llama3_2_3b_learned_guarded_latency_offset_24/primary_outcome_report.md,public_only,5c6af36c1c80836e9fb9c67799f23f17d3633e74e3ed96dfc279151dc549d2d6,
e6668aa6fa59abca532ffac990a7bae11e904bb58af874e498fa50b900ed85d8,artifacts/generative_llm_validation/crag_llama3_2_3b_learned_guarded_latency_offset_24/primary_outcome_statistics.json,public_only,b49a854061b2f90fdec8de845f25a3e3c1c55d18b2a9c3b29d06f667e17361cf,
c8fffef3b46384a96fe2b9f29455208db92eb48dc1da36183ab2d2acac2f9241,artifacts/generative_llm_validation/crag_llama3_2_3b_learned_guarded_latency_offset_24/quality_signal_diagnostics.csv,public_only,79ed4e859eb459ad2ab85cd5c3819c7990b0ce606af1fe600da1456205d1ab35,
8f8d58292691d7a626607c832614e7b5d67e9e5e5f9b126cb269543673e0f9d2,artifacts/generative_llm_validation/crag_llama3_2_3b_learned_guarded_latency_offset_24/selector_comparison.csv,public_only,910d3514660cce524dfbae96f20c2a0b4d1cfd0559300488b86539ff94acdf7c,
daf48484a972bc0dc41f72bed5542b6dcf32146677dcabda187aacbf0ac31c59,artifacts/generative_llm_validation/crag_llama3_2_3b_learned_guarded_latency_offset_36/generative_crag_manifest.json,public_only,31c4eedceb4358bd1584e7d7a0f17ee3d2cb4da86e9d496d25346d933fe8e396,
9c38db7402ef9feaf6f3bfa6f7c7c94c47842df89aecb7ec7553c4a71a029e80,artifacts/generative_llm_validation/crag_llama3_2_3b_learned_guarded_latency_offset_36/generator_environment_report.md,public_only,8a315e9adda899b95dc851af76830254ffa21962bf8aefe2a19e798fe4ebbaeb,
58e029bbce64dff144975227a073d4f954529fe4e8ef0e1ee75185b77f6dfc37,artifacts/generative_llm_validation/crag_llama3_2_3b_learned_guarded_latency_offset_36/pareto_frontier.csv,public_only,ebea0bbf611f7b2b204a9ccdd70effad11812b13cce08387e5a2c4bcc6bd205d,
561b04e4442db952f5fcf416ef0655245da1c5dd1905c5392370c2bbf3dda7ba,artifacts/generative_llm_validation/crag_llama3_2_3b_learned_guarded_latency_offset_36/per_query_generation_metrics.csv,public_only,57a922d9f2d8479c4775c87f926e42a47beb64e5995012295f1798b1a8cd788c,
c2222963f93d6b339d606a6edefadd279fcefa5c1941617c3914fadf0c016b07,artifacts/generative_llm_validation/crag_llama3_2_3b_learned_guarded_latency_offset_36/policy_summary_metrics.csv,public_only,afdf5c229e08d91692378ae7122c0a0a474620754d08d83b4177f345dbeb905b,
557b1591caf94c6aa3984c80f5dde4587d67934f7430d631d670495b98716949,artifacts/generative_llm_validation/crag_llama3_2_3b_learned_guarded_latency_offset_36/primary_outcome_report.md,public_only,06b01003a9437d8d05d1f58126ca32c257247482639eab1dd5c8395e59ed84e8,
bf7e1e24f19027235d51d5059a24d26043402071cd93ddf865c2c66916c63b64,artifacts/generative_llm_validation/crag_llama3_2_3b_learned_guarded_latency_offset_36/primary_outcome_statistics.json,public_only,0c4baee3f408c500b6294478336715c320ffaf8e6d3a2d1f41a89d5c204ba399,
df2a61b83bcf4fd6ebc06cd21e8d1cd12bc9abf9b055a0aa4b017ccd13aac883,artifacts/generative_llm_validation/crag_llama3_2_3b_learned_guarded_latency_offset_36/quality_signal_diagnostics.csv,public_only,1dd20c694af61522463af3417377d2f6cbcdca7ea9432ed0295c9f9adc84bdb9,
c5b74c057832160418a4c067ebc3be80db5f3d0782466661c4bb3497b5ab1bed,artifacts/generative_llm_validation/crag_llama3_2_3b_learned_guarded_latency_offset_36/selector_comparison.csv,public_only,910d3514660cce524dfbae96f20c2a0b4d1cfd0559300488b86539ff94acdf7c,
2176660a9861d7cc9d32fe95cebbd351a7a68b9961e79708ba340ff729c4f52a,artifacts/generative_llm_validation/crag_llama3_2_3b_learned_guarded_latency_offset_60/generative_crag_manifest.json,public_only,31c4eedceb4358bd1584e7d7a0f17ee3d2cb4da86e9d496d25346d933fe8e396,
e48358f9cc513b415928f0086e5f5434be6d8dbabf0a3bc9a5063596557945ca,artifacts/generative_llm_validation/crag_llama3_2_3b_learned_guarded_latency_offset_60/generator_environment_report.md,public_only,8a315e9adda899b95dc851af76830254ffa21962bf8aefe2a19e798fe4ebbaeb,
a33c09003ff330282204f4096a57a9156a9e29465ded115e28195d571a0d11b4,artifacts/generative_llm_validation/crag_llama3_2_3b_learned_guarded_latency_offset_60/pareto_frontier.csv,public_only,ebea0bbf611f7b2b204a9ccdd70effad11812b13cce08387e5a2c4bcc6bd205d,
bee961fa04654fccd5fadb6a1db0ebb6e020dca5cb56437d1d09bccc39cc65de,artifacts/generative_llm_validation/crag_llama3_2_3b_learned_guarded_latency_offset_60/per_query_generation_metrics.csv,public_only,ba6f5f63270bb81e82ae84ddc72fe9f790e97c08097645190d75c5ea1be7bc11,
ae082db54c1b41e000b28dde78be062f7cb819cbd8eeeae06021fc216db68d51,artifacts/generative_llm_validation/crag_llama3_2_3b_learned_guarded_latency_offset_60/policy_summary_metrics.csv,public_only,32619b49f3e1ea9a1d91ad4b2d7b6f9f2dd62ab600bf84c84c61e4aa60b70b51,
a269f889f36d07d74c48b48bf4cfb877d0a003c6e14a73e86f46761b9538b789,artifacts/generative_llm_validation/crag_llama3_2_3b_learned_guarded_latency_offset_60/primary_outcome_report.md,public_only,06b01003a9437d8d05d1f58126ca32c257247482639eab1dd5c8395e59ed84e8,
319a83a173221000db65f2c082b4d21ec1dd4d529329eb6899f0e2e07f3b2963,artifacts/generative_llm_validation/crag_llama3_2_3b_learned_guarded_latency_offset_60/primary_outcome_statistics.json,public_only,a0a53e2eb0dcac69490a244be579c0e77e6a2f9d42155c0bb2a03bf79aa81937,
1f91fa4dd7795fc9a0f5952b5beb56f77a06699f871dfe642749c4b2415829e3,artifacts/generative_llm_validation/crag_llama3_2_3b_learned_guarded_latency_offset_60/quality_signal_diagnostics.csv,public_only,1d48e3e420f6fc6802fd68e1f79988a4ef1ad08fd1199c8872125782db6e2c7f,
242c8fb8178beffb8efbd0c0cd6db908d61ac8022f775c54a7c26105b04c816c,artifacts/generative_llm_validation/crag_llama3_2_3b_learned_guarded_latency_offset_60/selector_comparison.csv,public_only,910d3514660cce524dfbae96f20c2a0b4d1cfd0559300488b86539ff94acdf7c,
058b5fcbe9d30f03e2cfb3262480042d250a0d7a1e086152f9df307f51a794df,artifacts/generative_llm_validation/crag_llama3_2_3b_offset_0/generative_crag_manifest.json,public_only,3802517e531402d6201412859ecd61958c119105e77f5629a40d526033dc0dcd,
e1dbaff5eafac0d46d97e89b9f9d6446b835a923ad78769e1e8d556edf088124,artifacts/generative_llm_validation/crag_llama3_2_3b_offset_0/generator_environment_report.md,public_only,390295863386d90dfd97a32fb1ca629c0ce7ff340114e7dfe3372c7cefdc11be,
e48c2201681fc57da40ec6ab565597901fd607f143a9676b3da99d95ae78c53e,artifacts/generative_llm_validation/crag_llama3_2_3b_offset_0/pareto_frontier.csv,public_only,4e277240bb43d93aac9b0e1fc56ec8b580a15a231b0c2a9586a55fe029e2cdc3,
2abf9be24adb96d04dcd2b10f8426e4e8626101513b3a252e16b8e33793d5542,artifacts/generative_llm_validation/crag_llama3_2_3b_offset_0/per_query_generation_metrics.csv,public_only,757379ffc616e921c9931af6c0aded86f58acfb457278a7cf3c9b24cdde33701,
68258b4c8cc9c5612c24029fce6f167df3cfc4aedf9499c9525654621cacf7ed,artifacts/generative_llm_validation/crag_llama3_2_3b_offset_0/policy_summary_metrics.csv,public_only,76e624a758dbdb8c29a28608b6a77690592ad652537500f3330d22a9445c620b,
bc806ed16d3421830b6b1f64013d690e88d5eb699bceb93f1fbef7e9820f1f8c,artifacts/generative_llm_validation/crag_llama3_2_3b_offset_0/primary_outcome_report.md,public_only,40f8bffb3fd502b531d535e6da5ce684db892960c4317174fbd5b4d0fbf7a7ba,
f9a3a8fa67df461c94426ee2948fc83503df0af7df8c8ac0ec35defe5ba66bd0,artifacts/generative_llm_validation/crag_llama3_2_3b_offset_0/primary_outcome_statistics.json,public_only,f5a8075bf98c1d2fa86efa0d3e4b114b1081bea3107192425ad0ee1f4a9dd507,
f31b5d5ce316180be6d1e8799544317108d619ea1785139eca2e66121e505762,artifacts/generative_llm_validation/crag_llama3_2_3b_offset_0/quality_signal_diagnostics.csv,public_only,68d7cae5c0c183794459fd53f849e914a2be4c4eb4d2d21a1ba82fbd80a7595b,
6da5c7c6e219adff601be5e37d73d4f05430927de64770ed8b9b1e1c06a31def,artifacts/generative_llm_validation/crag_llama3_2_3b_offset_0/selector_comparison.csv,public_only,6ac61b1c237ead416899e6bcdf95e1bc22fd322e8df7a1b69cc6eee595d3527f,
623bb751aedb9c2e6904d16d888b64b48afd3b0939c7b2096010d6c76362ceb3,artifacts/generative_llm_validation/crag_llama3_2_3b_offset_24/generative_crag_manifest.json,public_only,e8af8c7169ae7b9dcae3c22287e7ad6a6ee0418897a3d00bce8d7e817e9ef232,
0f63df7922167b51b765b153c22376fa77bac531e0e341552e09d4a969ee85cf,artifacts/generative_llm_validation/crag_llama3_2_3b_offset_24/generator_environment_report.md,public_only,390295863386d90dfd97a32fb1ca629c0ce7ff340114e7dfe3372c7cefdc11be,
b86cf6d23984114397d6bac6fb02202181fe0aa8771dac73a4411115254d68f8,artifacts/generative_llm_validation/crag_llama3_2_3b_offset_24/pareto_frontier.csv,public_only,3a967ac5cdf515ad832a4e6af2f1d0bfdc08d12cc9fe0d7dd5b5aa9600bb4dbc,
c6ce8d2f353b20a03986b492ad6e5940f59e84d8b75ca24b76397402e76409cd,artifacts/generative_llm_validation/crag_llama3_2_3b_offset_24/per_query_generation_metrics.csv,public_only,4df564a0d0b48a171f007e815cdda944302685aceb2be9d486f7490c5a586681,
fd6f098eb59ba5e4a482a57e5e15ef901eaf45081ff44af127b4f8fb07160315,artifacts/generative_llm_validation/crag_llama3_2_3b_offset_24/policy_summary_metrics.csv,public_only,cd7dec8f4acf6188e6570175136f24247c473988c394935733be9f3febf5f6a3,
018e9fa599ad399668309089c4a0e9cb535fcdea016b9b7f9208e7584347f2b2,artifacts/generative_llm_validation/crag_llama3_2_3b_offset_24/primary_outcome_report.md,public_only,40f8bffb3fd502b531d535e6da5ce684db892960c4317174fbd5b4d0fbf7a7ba,
c4eec7dfa46a8223e336ff46d5ce225bd5dca23b8ba046a276b8bdb58d21343c,artifacts/generative_llm_validation/crag_llama3_2_3b_offset_24/primary_outcome_statistics.json,public_only,ec347de6cd3205f14b97368febeed1f8f51a0772b250ed1906f3e443155911dd,
e3c6dca3103e91bcf18cba8d9d0eb94b486f5105b7ec92c798a07bb10b873ebe,artifacts/generative_llm_validation/crag_llama3_2_3b_offset_24/quality_signal_diagnostics.csv,public_only,f76cb7f47c0c5ce3087d818345b086fec6df21c2e4ef4459fb8b0240bbd683a2,
9935b085237d10821b1384681d50d7265e201d226e0646a15be81b82b4b643db,artifacts/generative_llm_validation/crag_llama3_2_3b_offset_24/selector_comparison.csv,public_only,54add0d81ef9d55892b5ae204c3879b761198391a8a0cf1712c0ad50e16a25ae,
1dfb4582b0b1c68b311e0e47b925dd30d4f1ed7de0cb82f37c7ac675606744d6,artifacts/generative_llm_validation/crag_llama3_2_3b_offset_36/generative_crag_manifest.json,public_only,e8af8c7169ae7b9dcae3c22287e7ad6a6ee0418897a3d00bce8d7e817e9ef232,
7d9a5b848a3762d4e6153767ed5756cc307597a729604b4df4bb1710fe21c176,artifacts/generative_llm_validation/crag_llama3_2_3b_offset_36/generator_environment_report.md,public_only,390295863386d90dfd97a32fb1ca629c0ce7ff340114e7dfe3372c7cefdc11be,
1d18a059b8eee95b6a941dfd5aebc0a2fd3d7adde4fa66d2ed7a72d7d2167eaf,artifacts/generative_llm_validation/crag_llama3_2_3b_offset_36/pareto_frontier.csv,public_only,5d64f79f47c348fb500892d38fff95b28969798f34529c5cf68ab036ed0d37f6,
9dc84babc04e3aaded978f08377336a1c5fa30bf35ffbd6803435e376c8825eb,artifacts/generative_llm_validation/crag_llama3_2_3b_offset_36/per_query_generation_metrics.csv,public_only,b3d99f511376ea932c77068d97ba677f169b469daea249faaf41cfa2755d1c30,
ee8a6cf47f88626d48e136936c7f605a95be91b4694386e6d424bcc3ad6cce01,artifacts/generative_llm_validation/crag_llama3_2_3b_offset_36/policy_summary_metrics.csv,public_only,ca2bae1f11e3a55be4a4698d5cc0b574fa32f78b8caf7c01f5a5be02f56f712e,
197f12b3072ed68d4fd9cff550e22b7b9f6110f082f903007191f8d52ae2c4bc,artifacts/generative_llm_validation/crag_llama3_2_3b_offset_36/primary_outcome_report.md,public_only,40f8bffb3fd502b531d535e6da5ce684db892960c4317174fbd5b4d0fbf7a7ba,
214fbda3b0d01e1ec2bbb6232398d261cdb37c74d64e6918ad02a7e45d719ff6,artifacts/generative_llm_validation/crag_llama3_2_3b_offset_36/primary_outcome_statistics.json,public_only,0cdc922bb2e5ef95262fb6d94f9b09362dca2f67bc121e789f10eb80e83ad6e3,
1396c978de5a3df9860903d29ec5a9824eb8572acba798a955f07a63afa6d36a,artifacts/generative_llm_validation/crag_llama3_2_3b_offset_36/quality_signal_diagnostics.csv,public_only,8742e5eed61d9752ec0a2cb58a6cf98e80beb52e708cba95518a5e7d11281343,
f636fc4d2f7100e711763a9ba8ff0d0d6b9938f8a674067e2b1d7e865024e4f5,artifacts/generative_llm_validation/crag_llama3_2_3b_offset_36/selector_comparison.csv,public_only,a3a38932e1bf4e21ea23b298b1551737cfac477b33963d6bd60d22fd99750add,
6c7207ad091d48faf405e0a690db168f8d4f5599b445e13fdf1fa29e024b1a2d,artifacts/generative_llm_validation/crag_llama3_2_3b_offset_60/generative_crag_manifest.json,public_only,e8af8c7169ae7b9dcae3c22287e7ad6a6ee0418897a3d00bce8d7e817e9ef232,
1fbff97e681ca8eff4bb38e7aabb056daea9b5af12c44c0d6f28519e86586fe0,artifacts/generative_llm_validation/crag_llama3_2_3b_offset_60/generator_environment_report.md,public_only,390295863386d90dfd97a32fb1ca629c0ce7ff340114e7dfe3372c7cefdc11be,
658f2cd203a726fb2f62ca6f20c50ee06dc31203598034960211b5a3bb9d92ea,artifacts/generative_llm_validation/crag_llama3_2_3b_offset_60/pareto_frontier.csv,public_only,2b31cd9b54dda206786d3f6d18a73d4e001ee994d69461701ce35157be924d72,
820d5d5bdc09013bb2ae3a47f3a77a8953c1f99326d7d513ed9c9d5d42c2db7f,artifacts/generative_llm_validation/crag_llama3_2_3b_offset_60/per_query_generation_metrics.csv,public_only,76d28deaacc709e8f871bfa75e3849ad422f45fb355e4cdb1c2999b1125cdb78,
a2123a570cc6dbc520b26c3b7acda24c8aa4e461805e77340c903410aa1530d2,artifacts/generative_llm_validation/crag_llama3_2_3b_offset_60/policy_summary_metrics.csv,public_only,48d0aed58a458ab6d091088c95fc0ba4c9c4cb90af6750c1954d336429e2e7da,
1a669bc24ca8a63eaf4252a7f7ae8cd5f0e8e57b5d6d94a30497643564dde042,artifacts/generative_llm_validation/crag_llama3_2_3b_offset_60/primary_outcome_report.md,public_only,40f8bffb3fd502b531d535e6da5ce684db892960c4317174fbd5b4d0fbf7a7ba,
8e32ad6f22f9805751acf32095e4f394337ba53bd230de2223cd57d4bbd9c9df,artifacts/generative_llm_validation/crag_llama3_2_3b_offset_60/primary_outcome_statistics.json,public_only,02958ff7ee4a44d9530fb342b83a839cc3ff272841a7587086f1abe532319357,
d840f26b72f7285196382289ae521411339033f6628a5dad6a6531e9df261d98,artifacts/generative_llm_validation/crag_llama3_2_3b_offset_60/quality_signal_diagnostics.csv,public_only,2ecadd2bb1845e21413a0bb38da73a0d59577ebd8a924fd46a75af96ff1106b1,
3287ce9664105340c22d0d72d732d8cb25079e5cd6babfd3303cacbf44301111,artifacts/generative_llm_validation/crag_llama3_2_3b_offset_60/selector_comparison.csv,public_only,b15efc4ed33fd43f060307628cd528688ed7ae0cd542ab155d3eeedcec60999a,
be7f1c9a1f98d4ebaa62460512eaa04720d15d12447cdc01285edfb24377252f,artifacts/generative_llm_validation/crag_quality_risk_guardrail_v2/audit_manifest.json,public_only,11a139b0151f8244022d5d8f74dab061eac44a63aa7c28facbd861886d0b624c,
22457e38833cda0adaa0d0d54c7edc16f95e9ff6f75d53ebf98392847d010c92,artifacts/generative_llm_validation/crag_quality_risk_guardrail_v2/heldout_offset_results.csv,public_only,d9ce6059ae10259d61cde0a9738ac9d40e56d78dc34759933ba39a0fd05dc055,
594822a23a2b32823e406743ce440f339e38a61a4f9e5df3149d52039f232349,artifacts/generative_llm_validation/crag_quality_risk_guardrail_v2/pooled_training_rows.csv,public_only,a259405a43776fd7eff5855b782c2463dd14fa91a2cd909bbf168cbb3cf1a0ed,
a2e7f8248957c3907fbacf1a0a3c7cdff142c67d75c1e3ac74aa5ab7db388f7e,artifacts/generative_llm_validation/crag_quality_risk_guardrail_v2/predictor_rules.csv,public_only,0c93226b7dc63176c81ec199e5c459808401223dda500ffe17efef940ed7e551,
d5c4db1d426aaba0580a19e217189e7402f3dfe83ff6bb4f9bb2ed663bb38c45,artifacts/generative_llm_validation/crag_quality_risk_guardrail_v2/predictor_rules.json,public_only,d99a27cf03709e0dd652a91b3691906c48f43127a8e018cf14148b304c32acca,
a1f3125c9b5d867592b53edf6e3a10aeb23427a70aa03b17b7464f85112c0241,artifacts/generative_llm_validation/crag_quality_risk_guardrail_v2/primary_outcome_report.md,public_only,7f41e9711308711032c82864d227e2ba9c803284948227043c65725cb8069122,
5a640d2a892ea1f3b5bf4bbbcdad19d893b6d9a7cce1c1983151b5bae2e0a7a6,artifacts/generative_llm_validation/crag_quality_risk_guardrail_v2/primary_outcome_statistics.json,public_only,11a139b0151f8244022d5d8f74dab061eac44a63aa7c28facbd861886d0b624c,
4e6d1274eb30b3a5f8459fba8e8046e51eac9cdfa985076ee2b3f7f807ca5de8,artifacts/generative_llm_validation/crag_repeat/generative_crag_manifest.json,public_only,d911025939a6b5af4aefeb433c25a51b6e2275098f34fa08077a2e3935fdb1dd,
434cf30da93e34d718d0032a23ddbefe6aa85288f8129066d21e2b33c2e2240e,artifacts/generative_llm_validation/crag_repeat/generator_environment_report.md,public_only,2ae6e22a55255e848516977a88c00fd8f0fee9d80a33d77b7fde1891aa8423c3,
47de0ec925e1b07ec6405d607d8c8e280dfdcb4eaf4dcbc36eb14dfd2db8aa1b,artifacts/generative_llm_validation/crag_repeat/pareto_frontier.csv,public_only,89c3a51afd8d2028e36f7facd6f18aeb11b0f79905aafa8dad3e0163b385fde4,
62fbc393b79ffbffb220cd624fc8e092793a39a5c9d13dc7c872d19de899c66b,artifacts/generative_llm_validation/crag_repeat/per_query_generation_metrics.csv,public_only,c9ff5ed4527c6f1128790dd629c812478d928954936ac895ef6b486b528cb6c4,
3562892378cef75c23177b599d509a70b300ec1713db92775270579610b2f3fb,artifacts/generative_llm_validation/crag_repeat/policy_summary_metrics.csv,public_only,5bce3a05d6e9f9c93de0aab39d973da277cb6a0901f551c989097fa85849414c,
9bd6647e2a34fb2cbe4150e4fb72bc181d192fc22d9698f57c69100e25fb0528,artifacts/generative_llm_validation/crag_repeat/primary_outcome_report.md,public_only,40f8bffb3fd502b531d535e6da5ce684db892960c4317174fbd5b4d0fbf7a7ba,
3c53584dfaf39cf8b94ba5b0f06aa41fa5f398592b19b1254ef20c8c6be9d110,artifacts/generative_llm_validation/crag_repeat/primary_outcome_statistics.json,public_only,a47f6f4e239a7e5f7ba9ddab9e9ec2abd275d7e96508caa0773cc4a7f4a06722,
36a3a8483f37315123dd54b640fa4ae04b04cf6c80ac3b75b93420562a7dd948,artifacts/generative_llm_validation/crag_repeat/quality_signal_diagnostics.csv,public_only,419f2cd16aa25dae2a0a9c099d82abf2f26b7c91953cbe05fa9bf07a419d4b5c,
9a1ad49f5a5a0b128e8ec486b32778252150ac1084e79271a89ff50b45194aa1,artifacts/generative_llm_validation/crag_repeat/selector_comparison.csv,public_only,338cdbde6799947d9f9de265d2217082a3e5b13d27746eba02f4d00332f6bb60,
fb99a00c53e645a1c6b5d570d1feb55d8fb045783335129329eb5b2fa4418f7a,artifacts/generative_llm_validation/crag_repeat_offset_36/generative_crag_manifest.json,public_only,d911025939a6b5af4aefeb433c25a51b6e2275098f34fa08077a2e3935fdb1dd,
ef7abdf691f2e29ff0cc508392861c0327d940e8103abf64a35f029ec8a9b9ab,artifacts/generative_llm_validation/crag_repeat_offset_36/generator_environment_report.md,public_only,2ae6e22a55255e848516977a88c00fd8f0fee9d80a33d77b7fde1891aa8423c3,
c65c4bcaeae9b001107ed1b338db0ee2c7f4e5fcac5270f9cb2d21aa007bfbdc,artifacts/generative_llm_validation/crag_repeat_offset_36/pareto_frontier.csv,public_only,8e9e412179f300a405f359fb55a1c15e9c0b1f89a1df3d25b33ba9d9a3d1221d,
8e65a040eeb44fd9ce46c4a26db0e2d49994898a96f7c3eeb7ca663430542274,artifacts/generative_llm_validation/crag_repeat_offset_36/per_query_generation_metrics.csv,public_only,651bee86eccfe482e93f1f56162ce73339a92b842cc2372a9d002adbfc888b87,
e3b8c24e094482cf4f99266198e7d36d88814c6a8e925b3a0f405129655fb262,artifacts/generative_llm_validation/crag_repeat_offset_36/policy_summary_metrics.csv,public_only,63fa0e67e5cf5c165eb330dfb8e99d055a97bd966f7a3db9fd163947815043b7,
c5612aec0f323301e7d7c7750c24ce47cd3770e29fbc116762e9c72af8da42ad,artifacts/generative_llm_validation/crag_repeat_offset_36/primary_outcome_report.md,public_only,40f8bffb3fd502b531d535e6da5ce684db892960c4317174fbd5b4d0fbf7a7ba,
350ee9b6db46d9f571a72d749c2b9d3d0967e1c4addd8b49da7223176f6d5759,artifacts/generative_llm_validation/crag_repeat_offset_36/primary_outcome_statistics.json,public_only,f307c5aec966a0b29754ad2ed7ad3aa2d8c3d5e724ac00faa53a4db79f6ef485,
30a3ddb83943bc083b1e12c5b6b54a793b763544b64f82a1fbb70bd870587a5c,artifacts/generative_llm_validation/crag_repeat_offset_36/quality_signal_diagnostics.csv,public_only,6e3cab1b5a6528e187ba61bcdc55505f32e9bb608cd4c02d653fc5cf1abb35e9,
4039c3fcbd3d408e0bded216091aa31005af12bed1fc786a3e15e97fbc66f5c0,artifacts/generative_llm_validation/crag_repeat_offset_36/selector_comparison.csv,public_only,338cdbde6799947d9f9de265d2217082a3e5b13d27746eba02f4d00332f6bb60,
3acf1542fc428250f23d70533e24b317c8014aa688b1e876d7251d0e1e6da3dd,artifacts/generative_llm_validation/crag_repeat_offset_60/generative_crag_manifest.json,public_only,d911025939a6b5af4aefeb433c25a51b6e2275098f34fa08077a2e3935fdb1dd,
6629eeab929a367b1393cbb2aea581384ccf9e8358abf458593ff84206886e8c,artifacts/generative_llm_validation/crag_repeat_offset_60/generator_environment_report.md,public_only,2ae6e22a55255e848516977a88c00fd8f0fee9d80a33d77b7fde1891aa8423c3,
4aa9cf0b5ef072036f1f07b9b33d3283b558e725cdd3a88577877aa27b9b1288,artifacts/generative_llm_validation/crag_repeat_offset_60/pareto_frontier.csv,public_only,5d64f79f47c348fb500892d38fff95b28969798f34529c5cf68ab036ed0d37f6,
12a3719e83d65d17258b327cf6ca024cd3b0d638209f83dd5216afd8e38550d6,artifacts/generative_llm_validation/crag_repeat_offset_60/per_query_generation_metrics.csv,public_only,95f8aefeba4ba83ee3e416da757efc9016462599bfc22f588118392c1364e136,
c97c4ba817a2e56530fa746236f098c61914e7a05daba858ccc861cb871823f3,artifacts/generative_llm_validation/crag_repeat_offset_60/policy_summary_metrics.csv,public_only,75e9cee8044c8b36da01b0fcdcbc898f5499079d046b734921ebff120d7585e6,
8af8e99cee1e18dac887a148450410e8e3ba9e35646e9145070b0987fa5b3fd8,artifacts/generative_llm_validation/crag_repeat_offset_60/primary_outcome_report.md,public_only,40f8bffb3fd502b531d535e6da5ce684db892960c4317174fbd5b4d0fbf7a7ba,
cc28916360e48b93271c02cc4697086a998cba7005db2dec1a211f13171e49e0,artifacts/generative_llm_validation/crag_repeat_offset_60/primary_outcome_statistics.json,public_only,4076c9ad644760bab551934896d6f60bce212b776da3046c9a845e9b1dbb7546,
d65a2abc168b341d138308ac9acfaa8b455ead3e860c1dba6c7a17581a86578f,artifacts/generative_llm_validation/crag_repeat_offset_60/quality_signal_diagnostics.csv,public_only,6942bd33aa34b0a1e6947616903c9b9df86d5dc5bf6ac82a855ff7bf4a83a2bb,
0674579efa4196d5e8f5b396acf0f0977bfe024de87700a94e46c28fa92bfbc4,artifacts/generative_llm_validation/crag_repeat_offset_60/selector_comparison.csv,public_only,a3a38932e1bf4e21ea23b298b1551737cfac477b33963d6bd60d22fd99750add,
761933434f6cacdf55a6129d41c2508aa1c65e6ed3bad025058addf2addad01f,artifacts/generative_llm_validation/crag_second_model_gpt_oss_20b_offset_0/generative_crag_manifest.json,public_only,fe993b87e45aecdbb5a4cde217c9e424616f7081674eb8b91ba1b4a21d6b0a69,
df1a15fe35472706e7fc27f33d7bbb5469e06069a6c17d2fa19620e21c2d72eb,artifacts/generative_llm_validation/crag_second_model_gpt_oss_20b_offset_0/generator_environment_report.md,public_only,91322b259393866290a302f48fc63073811fbd6240b36ea0c4d336dcab4eceab,
66899b05654630a307e0c9b4435ed93895b20b9c0157c9f5e08b2bf5a2dad4b4,artifacts/generative_llm_validation/crag_second_model_gpt_oss_20b_offset_0/pareto_frontier.csv,public_only,64161198d42259972bac69b4d2e9ffe4831a9528b03c42e71932422b7e1209b2,
dff585d14de8f927dc152a318d406e76501faf1e5892dcdaeef7f4ceedcef572,artifacts/generative_llm_validation/crag_second_model_gpt_oss_20b_offset_0/per_query_generation_metrics.csv,public_only,964bd44c55aa8a097be4fb98b7b325bfe94239ac9499607fb712269bff67ba65,
27a193df7255338fa896357b75456da58f869703f883e4f8c8d3a5398dc65453,artifacts/generative_llm_validation/crag_second_model_gpt_oss_20b_offset_0/policy_summary_metrics.csv,public_only,81e4af2f568566b76553adc9e0489e1f5754b56ca3ccff00b71146ee848be3c4,
8fa463b191a414a106a1529d95f5ec2f842b196740c8b7bb45d4bf60140c7379,artifacts/generative_llm_validation/crag_second_model_gpt_oss_20b_offset_0/primary_outcome_report.md,public_only,40f8bffb3fd502b531d535e6da5ce684db892960c4317174fbd5b4d0fbf7a7ba,
be1e3390b799073004df96daa604161488682c97a7af3d5b5439d764a0272a0a,artifacts/generative_llm_validation/crag_second_model_gpt_oss_20b_offset_0/primary_outcome_statistics.json,public_only,2b6a9cb9dd2816c4f1b369d57091c354faad044b77777884d85882d7cb6276da,
5c215f5255edbdd1585fa6d5bde8c26a0d9724aa55010cc4e47eaca3835a434c,artifacts/generative_llm_validation/crag_second_model_gpt_oss_20b_offset_0/quality_signal_diagnostics.csv,public_only,023592a47dc6be4574d969f7683b2419fc015809b03e849fe390523194771daa,
463b3e8d3e3db15908cda294e0ce9a626a692800621a1af12d58f8eec699b816,artifacts/generative_llm_validation/crag_second_model_gpt_oss_20b_offset_0/selector_comparison.csv,public_only,b15efc4ed33fd43f060307628cd528688ed7ae0cd542ab155d3eeedcec60999a,
c12dd607ae902db19b9136bbfcfd864981660c617f53edfdf203b24a7871dd95,artifacts/generative_llm_validation/crag_second_model_gpt_oss_20b_offset_24/generative_crag_manifest.json,public_only,59e15e6dd59d2eb27bea4972e8e32a6114d9379dfb7a0291b5a94249a17a5100,
27d6fc24e139898454c254b417e7689ea8d0455f626a13137aec8328c2802cd7,artifacts/generative_llm_validation/crag_second_model_gpt_oss_20b_offset_24/generator_environment_report.md,public_only,91322b259393866290a302f48fc63073811fbd6240b36ea0c4d336dcab4eceab,
af00b74c455a1a9978b4c16b3c7f8dc45345f47fef35cff74891f0d747895571,artifacts/generative_llm_validation/crag_second_model_gpt_oss_20b_offset_24/pareto_frontier.csv,public_only,cba7dab69e66824be17890b9960b795861c80d9b1f18352c9e75775256125897,
a4f41cf5266087d63003e98e7c09f63fbe433f39a92d1a85badae114ec531c41,artifacts/generative_llm_validation/crag_second_model_gpt_oss_20b_offset_24/per_query_generation_metrics.csv,public_only,e0a1c162f8b51f26a3aaea460e00d3902d3f9552378f99fbdd240c8e22b68945,
4654fd2b11c8adc9f139bb56cb54269b0069060562798fff3f9645570a83a093,artifacts/generative_llm_validation/crag_second_model_gpt_oss_20b_offset_24/policy_summary_metrics.csv,public_only,912b7452cd3de547eefc28b3ec2851a5e299b110ec90adba7c8d620fccf30c88,
964e12465dc522e42a47f3803498017847b538c88585674beea53ac7ac9aea7d,artifacts/generative_llm_validation/crag_second_model_gpt_oss_20b_offset_24/primary_outcome_report.md,public_only,40f8bffb3fd502b531d535e6da5ce684db892960c4317174fbd5b4d0fbf7a7ba,
d0116456ad81e8a3d605b73ad82cede5f2c949d8ec35aaf1f092e5cf32a2a666,artifacts/generative_llm_validation/crag_second_model_gpt_oss_20b_offset_24/primary_outcome_statistics.json,public_only,efb835ef71a0160671700c22a470e5352f24cd64150769fe2ad4a62920cb5f81,
9d98d5d011ff588040bb25b8a8854038d9c0479316e345871d3acd20ecae4f7d,artifacts/generative_llm_validation/crag_second_model_gpt_oss_20b_offset_24/quality_signal_diagnostics.csv,public_only,66360bb4dd121b19dcc3d4a94533c4f200c127e9d18ce54869b4316954b32a29,
eb69c0da73b8e4c8ec95bc68194dfc749c0ae687e32342ec22ab528f2d02ccf1,artifacts/generative_llm_validation/crag_second_model_gpt_oss_20b_offset_24/selector_comparison.csv,public_only,a3a38932e1bf4e21ea23b298b1551737cfac477b33963d6bd60d22fd99750add,
e554366eb9febb39aaa57735b7012354d43fccac2c69d241194d720e39ca4af1,artifacts/generative_llm_validation/crag_second_model_gpt_oss_20b_offset_36/generative_crag_manifest.json,public_only,59e15e6dd59d2eb27bea4972e8e32a6114d9379dfb7a0291b5a94249a17a5100,
373fec8e0e741bef40384981479ea72cd0d34446d8254c0ecf91327e4236e048,artifacts/generative_llm_validation/crag_second_model_gpt_oss_20b_offset_36/generator_environment_report.md,public_only,91322b259393866290a302f48fc63073811fbd6240b36ea0c4d336dcab4eceab,
ac3f4cece2dc127f1a51af2a5a434c3a5f7aac15c0aab34cb58ca14fb2853237,artifacts/generative_llm_validation/crag_second_model_gpt_oss_20b_offset_36/pareto_frontier.csv,public_only,2648c64066041b90e46ca9db94e0b25d6db3ac79166f6439e828ed856526a6f4,
c750829220f89057376371c18a12e55b43dd49763e0e834548e8747739a204cd,artifacts/generative_llm_validation/crag_second_model_gpt_oss_20b_offset_36/per_query_generation_metrics.csv,public_only,491c663faf850a3ea6e5daee0bd23248b51ccc73a6b2b1def12f60951050744d,
a474f9ea2cad3955d6df66f8e44a6701dc4b8a08bb7bd2679f35d100fe9298a7,artifacts/generative_llm_validation/crag_second_model_gpt_oss_20b_offset_36/policy_summary_metrics.csv,public_only,8f4416d69ab2a4c5e3463d7b277c94510d6532a5b714d5b1059bba36fddcc8ae,
7dae77ae58495e23f735eca8d470261625adbc68392c507efd91c20e879b0103,artifacts/generative_llm_validation/crag_second_model_gpt_oss_20b_offset_36/primary_outcome_report.md,public_only,40f8bffb3fd502b531d535e6da5ce684db892960c4317174fbd5b4d0fbf7a7ba,
4abec89f047fce00ad65c474c6599b6a1598201a174bd048fd54d85174ff8532,artifacts/generative_llm_validation/crag_second_model_gpt_oss_20b_offset_36/primary_outcome_statistics.json,public_only,199c778b066c344273bca7e8a3bee49299641b2d38b8567bad53641149e157a2,
edd6042a3bed52b909c23b79f70ed4a0a5154c59093656e6226df7b1d3a34fdf,artifacts/generative_llm_validation/crag_second_model_gpt_oss_20b_offset_36/quality_signal_diagnostics.csv,public_only,2e52f9edcb3252943727b8bd4f7005af9feb976009c8df61f2185d3ead599fb8,
9bc3ee2343010f79e16e857ac9405e60399e9d234a92622b1cc830feafa12454,artifacts/generative_llm_validation/crag_second_model_gpt_oss_20b_offset_36/selector_comparison.csv,public_only,b15efc4ed33fd43f060307628cd528688ed7ae0cd542ab155d3eeedcec60999a,
610a13678fe22ec0f627d3ed10d9ba94bfa0ba6299289bdc9a6ce0b001fcdaae,artifacts/generative_llm_validation/crag_second_model_gpt_oss_20b_offset_60/generative_crag_manifest.json,public_only,59e15e6dd59d2eb27bea4972e8e32a6114d9379dfb7a0291b5a94249a17a5100,
34a000b2d29bf232074733bd3f116af997a9c9ed692391c43475becdde1a2ea2,artifacts/generative_llm_validation/crag_second_model_gpt_oss_20b_offset_60/generator_environment_report.md,public_only,91322b259393866290a302f48fc63073811fbd6240b36ea0c4d336dcab4eceab,
f706161702f87f5219b0b8c40f8d407df91977b3b077389c7f3bade9f8f0323a,artifacts/generative_llm_validation/crag_second_model_gpt_oss_20b_offset_60/pareto_frontier.csv,public_only,21a5be0bc70f767cdd458c31096a53729e971c4be29c1b621c86ced9b50b1282,
fc841d253c3468e80fa7003ba9a6374270bd171473b546cf5f463488fff2f47f,artifacts/generative_llm_validation/crag_second_model_gpt_oss_20b_offset_60/per_query_generation_metrics.csv,public_only,978c84226013400da5956a56c6f0181489082f5cd64234fd66b246be6ea59d32,
ba9c2aec5884685bb821bb3d1ba87663f2ba0568bfa12e97e1c90e5521a972c0,artifacts/generative_llm_validation/crag_second_model_gpt_oss_20b_offset_60/policy_summary_metrics.csv,public_only,14c6b9911f6d59387726a3d983bf4861b6c264b4d66aa56a02216791887e43a3,
864957e4a24afbc0a24aeb89ca31be1a44fa30d3917b538e4b747e8e153f22c5,artifacts/generative_llm_validation/crag_second_model_gpt_oss_20b_offset_60/primary_outcome_report.md,public_only,40f8bffb3fd502b531d535e6da5ce684db892960c4317174fbd5b4d0fbf7a7ba,
3c900835f74c8efffffa56b44ba2c48cf4304be081a0f79b8b528d8a0e67e6ba,artifacts/generative_llm_validation/crag_second_model_gpt_oss_20b_offset_60/primary_outcome_statistics.json,public_only,e7f3932f4ac6fb9889a47b1e0ed800d550daf862a4c5aae50850e278a4a3e612,
638e40fcf2b16d498c4a3d9b7f896af3cdb2ac5edba8c587b2565fad92214c30,artifacts/generative_llm_validation/crag_second_model_gpt_oss_20b_offset_60/quality_signal_diagnostics.csv,public_only,089c92896c7059b9084929cd687f7005e7cb4a7de5acdd7be282a6c1eb822f8c,
c840ab8c4714c8ee24dc7b3570d4f9778af7b3a2309e152b52a087add1c82f46,artifacts/generative_llm_validation/crag_second_model_gpt_oss_20b_offset_60/selector_comparison.csv,public_only,54add0d81ef9d55892b5ae204c3879b761198391a8a0cf1712c0ad50e16a25ae,
25a881facfae345cef01a886e02d4d097d6b9c74942f381cb3568917541c7142,artifacts/generative_llm_validation/hotpotqa/generative_hotpotqa_manifest.json,public_only,dd44f7eb8f7096d8b7a3d6d9b49e986cce6ab4ea94d0d7d9ebd2f10a1a8d9a9d,
58dbe2c8d7cb44f8b223f4ea19db86a9f1f3593ba2b70fda0dac37ef83a39f53,artifacts/generative_llm_validation/hotpotqa/generator_environment_report.md,public_only,9c8c30206559362cfc99220ec22ceb7636b19bd57069702c63b92212c4fa6dff,
0838aa92e6f830924cf709cc27b8a93f72a21f7adb0d115b584e5fb1feb32ebc,artifacts/generative_llm_validation/hotpotqa/pareto_frontier.csv,public_only,af8cf00334698d660f4cde62712b75c99ee051ce04d067cdbe4b4bc7c0ac6231,
33a3360589839a24c84eba90f5716b321bea4588e93a3e22f0f378241bdf3de8,artifacts/generative_llm_validation/hotpotqa/per_query_generation_metrics.csv,public_only,2924d259ca3d553887a0d5d303e1397005d96773661705b5cb119830d1032d29,
ee5b98390afc876d391ce8aa6363b3be0f1df155f179e324eeca22ed1fef090d,artifacts/generative_llm_validation/hotpotqa/policy_summary_metrics.csv,public_only,da98d17f9b692e2ddc0a43751b94d5d52ad3d5ba57ab5ff2bd97c7eaf339eb7f,
85259cf062a833d21622805feef59c38f64759afa643e09f7aa92fa347597152,artifacts/generative_llm_validation/hotpotqa/primary_outcome_report.md,public_only,4fd7309c1161b7c142b36d248fdf212b10d7cf253a837b591178750416ea4cf6,
1cc1216116711dd88e9f396a4aa745e546add633fc9b5eeba6dffc4a8e83f6c1,artifacts/generative_llm_validation/hotpotqa/primary_outcome_statistics.json,public_only,f05ede26e444740bc081bcea8d01a8b34f4ba5e9b9713e067fb0d54e6d91c9ff,
454a9cc41c71731743a9dd74bdba82ed06d02113b7cadd71fe1ff34babfa5ff8,artifacts/generative_llm_validation/hotpotqa/quality_signal_diagnostics.csv,public_only,20a3cfb73ae6cdfb4ab33f62c49a0bf21e079d49fbfbba5c6ba48222c0339a97,
c542288c345f425db45406eb8f50535d019f906d5a0c94347dbb8d4d78d2ae73,artifacts/generative_llm_validation/hotpotqa/selector_comparison.csv,public_only,388fa17d6242a183617f78df6b93ba1731f20ccd4ee8a846740079af5e9bd67d,
2f543ad49af9ddb161fed9268e15c9441b0ca8f882ad91ee54cb96a382dc5db4,artifacts/generative_llm_validation/hotpotqa_quality_signal_audit/audit_manifest.json,public_only,a1d50b3737a86df726de89bdbaa28930d8c5355d1a5f8860115697ee7ef4a8c0,
e721dedbe893b3fb665404a68afc9883f86b51af235a9d28968a82f359f776bf,artifacts/generative_llm_validation/hotpotqa_quality_signal_audit/generative_hotpotqa_manifest.json,public_only,dd44f7eb8f7096d8b7a3d6d9b49e986cce6ab4ea94d0d7d9ebd2f10a1a8d9a9d,
36227f049d5a2919323dbd6c2e43640f88789e3d3c7c1ab12dee54bb08691986,artifacts/generative_llm_validation/hotpotqa_quality_signal_audit/generator_environment_report.md,public_only,9c8c30206559362cfc99220ec22ceb7636b19bd57069702c63b92212c4fa6dff,
d982c0658ece8aea9c745f833fab6aff23c7d4b1738bfb1fdc1f9aff81def43c,artifacts/generative_llm_validation/hotpotqa_quality_signal_audit/pareto_frontier.csv,public_only,6c91071299fa88a2f857f0ae562371dca2604d8fff6b14a66f98563b8086e77d,
2594b01ef6231f93b8f4061d029ff24eb3f5514ba732ab851547b9a9f3aad2b3,artifacts/generative_llm_validation/hotpotqa_quality_signal_audit/per_query_generation_metrics.csv,public_only,62ffdd1a0779fb05e968a2fd98c81d46ae56565b4e89c347531bb181424c1e06,
6207641878e4634e4552e9d3816bae0f98cc3d60410a2a9b2750243bedb2b0a7,artifacts/generative_llm_validation/hotpotqa_quality_signal_audit/policy_summary_metrics.csv,public_only,b96bd3497139805dd80a8e44399ea914485bcb5f053af6e730c7c181f39f5f5a,
7f6f78722f319038b78fc56ee18c23a6a365169de2d5c0718abddabf0309a3b3,artifacts/generative_llm_validation/hotpotqa_quality_signal_audit/primary_outcome_report.md,public_only,4fd7309c1161b7c142b36d248fdf212b10d7cf253a837b591178750416ea4cf6,
a397ef7ea2baf4015829dcad61359972c67423f8b1eceb63afe5f9bb9dac3cc4,artifacts/generative_llm_validation/hotpotqa_quality_signal_audit/primary_outcome_statistics.json,public_only,70d4dfda50cbe73ff581853570e2a231698533f64ae8e166f599d78ccf6ea249,
a720e46d23cf38e6a5650f8b358c0bea15a8f95fbfbf7c9be57705b9e33070da,artifacts/generative_llm_validation/hotpotqa_quality_signal_audit/quality_signal_audit_report.md,public_only,ee0c68fc70bbc9dcbc82672998beae3d9298c6198ba795fed145fd1403039479,
89e6a0d6baaa1db44e4cfd54d1505095477b1553403cf4e1231e5e72e3d212ec,artifacts/generative_llm_validation/hotpotqa_quality_signal_audit/quality_signal_diagnostics.csv,public_only,186959f6b21d4022f58a6e495224c2d58d71f98336b396bb8cde0f9f9c46c941,
aa330cf45a94aba65896d186e98e80d4944a7ff6ff9fc3baad6548b689d41443,artifacts/generative_llm_validation/hotpotqa_quality_signal_audit/selector_comparison.csv,public_only,a582809d7f6e7c6a37661f55c9e3fdb08b4fc31d953fe47dd8af5aecc01641c4,
4d0c9dc7d9a08947a4bbb478e1ae41cc29494b6252f10125b3cb24429f5f2896,artifacts/hotpotqa_behavioral_governance/behavioral_distinction_matrix.csv,public_only,a645094259bffc9f8f828f20378f4dd9755a06d97f263ce6e446a38994db33b8,
f19620fc8087263278a776451d3b9d9c74f324fd0dc83507e876d83e4799bb76,artifacts/hotpotqa_behavioral_governance/hotpotqa_acquisition_manifest.json,public_only,6116474aa11b1b2742022587e4129b987753ee5101274bf0a5d8f001b8ad450c,
88a9ff6f1f73c0d4e1bd1507722b41744049d2c287f12a88954bd44cc057ff31,artifacts/hotpotqa_behavioral_governance/hotpotqa_license_report.md,public_only,176310ff7ca089a98b57880ff4988bccf256b0947592bca261d1cd51fd9021b1,
7a29bfee4c9cad268196962ef4b498685ea3bbf71e5ed22c387a204186d9bbe8,artifacts/hotpotqa_behavioral_governance/hotpotqa_quality_measurement_report.md,public_only,9fde0995e8b3b576169586efb58bce05df474906d2aaa861c14ef10630553f14,
9d1a1263ae9719d4c27220f2a49995f0174759826b5ca30a09e309e856389508,artifacts/hotpotqa_behavioral_governance/hotpotqa_split_manifest.json,public_only,a0f07d4c935b58c7e03ab63dff11cc94fe3331ad92af1626de5852037669746c,
ce6d14b05e802fd0102584f86d0ea5a43f1516f5a1d891073e56d893758cf926,artifacts/hotpotqa_behavioral_governance/pareto_frontier.csv,public_only,86bcfd45865109e8e1855c6e3bff7278ed0739c13ef0eda76af949129e5bbbec,
0ca9f912c671b2370d5a9e34690d8962a1253a3c2d5c89ca796a1be9608ccb84,artifacts/hotpotqa_behavioral_governance/per_query_policy_results.csv,public_only,8d867414453ef59a45091942d5c307cbee8024216571098f725902e62f650ea4,
b398327657b99e6d1034a274c7eacd0eaac2ef581c151e0fb4cd73644c217408,artifacts/hotpotqa_behavioral_governance/policy_summary_metrics.csv,public_only,d75db34661a360d2f5b159d5a88db07b3f6ffedc4474172c58b0c539ca242490,
6774a519fa36cc2b0489f19636251f9c79e8635695b33ee8a8b84e12953d9992,artifacts/hotpotqa_behavioral_governance/primary_outcome_report.md,public_only,b529f361c014ac7d3ecdd7140347e960e6a79857d9120e26a3ac9df480d6680a,
b819d2bc20cbb4ce6dbfa324ce787c20af5bbca601b139c76181e21d7b49185c,artifacts/hotpotqa_behavioral_governance/primary_outcome_statistics.json,public_only,6116474aa11b1b2742022587e4129b987753ee5101274bf0a5d8f001b8ad450c,
ed93c31ede526c7104b7ecfdfefdf931cd9aeef7f01f928d0cbbeaef982db50b,artifacts/hotpotqa_behavioral_governance/selector_comparison.csv,public_only,19409ec8daf6c476440c3d55c9c983429d6100b1f91958e759145ba883b00904,
03c0dbf129fe3a5084b90d97710eb1ad42c255b1ebf65e4882f632b32c15888b,artifacts/hotpotqa_behavioral_governance/split_manifest.json,public_only,a0f07d4c935b58c7e03ab63dff11cc94fe3331ad92af1626de5852037669746c,
3a7ccb559b2723f5ef48d84e985df2a02b3b8711c7456e6431609be5a2e6bd76,artifacts/hotpotqa_quality_signal_audit_v2/audit_manifest.json,public_only,28ac51b0d9b1a5b9411935f6c2a9abd53146a2a964e21dde0055aeeeb95b7a96,
62db31d8780ec68484b1a4652729d4c2aec44b372df2ccfda10ce725b015ca39,artifacts/hotpotqa_quality_signal_audit_v2/audit_report.md,public_only,3790e0aa04b77d01689444010d6ce7808bea68ae7be86b7a78a66ac0be7c97be,
bd370c5e647f3a33a61e3ce3c2f25badedcf19baca6c4989620469c9246b121c,artifacts/hotpotqa_quality_signal_audit_v2/policy_summary_metrics.csv,public_only,9bb7a30136b952d9fd507f3814ec461e0f7bb5b6a337755f1728500ec9854a64,
c131ce0bce197e57e9b539e4942fb892ba279a784982d82bee39420cb1324bcc,artifacts/hotpotqa_quality_signal_audit_v2/primary_outcome_statistics.json,public_only,28ac51b0d9b1a5b9411935f6c2a9abd53146a2a964e21dde0055aeeeb95b7a96,
cf4d3d8f01fa73b6f9febe2ab2db167b807b25f5f8611ffb3c5524e6e93eddb5,artifacts/hotpotqa_quality_signal_audit_v2/quality_signal_diagnostics.csv,public_only,1f44097d5f1fde3b4e1a0acdaeb30b5971ae412ea744ae770b6f8d102750a24f,
61d431d63e442df4a542a2ba5ae5b7ca27a5794c9e874dc5107d83a4f6e3da6b,artifacts/public_mini_governance_job/environment_inspection.json,public_only,afff7860cb222d07dbd7d8ac176ce214754e0fec26ed2979a4c78b27ef49ee86,
f3695ee6684b8331125aeb9ef9789171e2f4c3ac989f7d7c03b072dacd09058a,artifacts/public_mini_governance_job/promotion_decision.json,public_only,6560cff8488c5a1a77524862706934b6db6cd34a2b7619a2899568d1203d9e4d,
613655ea6f88febb3967c59522cc28b2b44a0043a93a75dfdf620c16896081a7,artifacts/public_mini_governance_job/public_mini_reproduction/mini_reproduction_manifest.json,public_only,5a4550587cd7a83daae93d4742d329b77fba69c8495c2cdcbd7161c606dc7b95,
adcee9446e4207454f5abbc2193981ee5a40b0758e9c6b53256b97c0be929645,artifacts/public_mini_governance_job/public_mini_reproduction/per_query_policy_results.csv,public_only,4aaf763abb0b3069ce279ae794218379e9d88b75be19bee7b001144309aee443,
1530aa4fa950a66d244d82cf0c019673e8d4fca148f368bac29ce4784c78a122,artifacts/public_mini_governance_job/public_mini_reproduction/policy_summary_metrics.csv,public_only,45ec463dac7aaba70db4733a4fbff244b514a29624a090ff593dd40efc925418,
52fd21310056482d3e193f57387539a09aa4c5db6a1cddde1a72cf872a4d383a,artifacts/public_mini_governance_job/public_mini_reproduction/primary_outcome_report.md,public_only,24f70d9a71e99bf7bfd4bbf2d25e13659664fe7b5a32554889ae122094b7caec,
c1cb4299058560a44485a54544c9d92ac96460a5663d2f9a239e5d94a110e92f,artifacts/public_mini_governance_job/public_mini_reproduction/primary_outcome_statistics.json,public_only,5a4550587cd7a83daae93d4742d329b77fba69c8495c2cdcbd7161c606dc7b95,
36fc10d4505a8dcdd9b39412212a48e889e58d236c270be422925d834de612c6,artifacts/public_mini_governance_job/public_mini_reproduction/selector_comparison.csv,public_only,991c45f57ca56f6d39867e356cb5216ef4cd5782d15c32abfc754a1de0a4a071,
8ad619660d3514371aca5a99bcce503ef1cd2c3975464fad5b400b8315d66b3b,artifacts/public_mini_governance_job/run_manifest.json,public_only,e631daf4b9df5ca0b0bfe5500bf54bcdbaa7c92e20c43d2c15f61af4684c0aa2,
cf043236f7949f6bbd97272c3eee1f48cc9448be770dcff50de2f0fa35b54cb4,artifacts/public_mini_governance_job/validation_report.json,public_only,a0bcf13b14d11cdd93b2ce7aada025edbf2aa427b4c892cece83d62cb3db01da,
5b785cefca8a67482b3772770de2ec02146194ce1e93e5e58b939074ea939d91,artifacts/public_mini_governance_job/validation_report.md,public_only,73e3d23f65d50ca2da5a21686b1376a5c150993662e2237ba85ca5d0bac31659,
49fefcb993881f036b9858246adae603198760ee7e3e111bd4c999e81efdb347,artifacts/public_mini_reproduction/mini_reproduction_manifest.json,public_only,5a4550587cd7a83daae93d4742d329b77fba69c8495c2cdcbd7161c606dc7b95,
e49b7bc072f935bc0fa6190ca98ee3842bf9945b8626bf5d0f55af36d8ee1395,artifacts/public_mini_reproduction/per_query_policy_results.csv,public_only,4aaf763abb0b3069ce279ae794218379e9d88b75be19bee7b001144309aee443,
765418a0cb2054bf38915b64fd7799f1181fec15f9ab4761e925a58f3807f5be,artifacts/public_mini_reproduction/policy_summary_metrics.csv,public_only,45ec463dac7aaba70db4733a4fbff244b514a29624a090ff593dd40efc925418,
0399e73318af71f5a58974fe0c2fd1eda39b9322522dcb997169eea34755dd78,artifacts/public_mini_reproduction/primary_outcome_report.md,public_only,24f70d9a71e99bf7bfd4bbf2d25e13659664fe7b5a32554889ae122094b7caec,
2f660b26bd924f89210032eabbbdd5f1d0527305961ee26dc120c27e8d14a729,artifacts/public_mini_reproduction/primary_outcome_statistics.json,public_only,5a4550587cd7a83daae93d4742d329b77fba69c8495c2cdcbd7161c606dc7b95,
8b3cf771e726bda7c5c75c70cdeb8a00df78ec57605d189c8b82faa19389d233,artifacts/public_mini_reproduction/selector_comparison.csv,public_only,991c45f57ca56f6d39867e356cb5216ef4cd5782d15c32abfc754a1de0a4a071,
07960a05c422a9e44f9826750a905199db955f66a50b651b54305ea6b038ae81,artifacts/quality_measurement/per_query_quality_components.csv,public_only,1f9b7c2f08dfbd31cc94bff233668a169f3cda04f47acf124c4d457d5be83679,
23e11d5bacb193fd23246bdfda94053c4d6994f5da8f496de8d8f5e8ede5b922,artifacts/quality_measurement/quality_calibration_report.md,public_only,83cec6315e5b100727098a2a3e16d8ab406916dc06ab8ae68cf3770cd627d147,
006c3893db04eeebba8c0469dceb85c6dd247e0e00a2dd7846ad7b2bd72c68e4,artifacts/quality_measurement/quality_component_config.yaml,public_only,b6ca9f507ef3050f753035e25c775a6a9c4c28855187cd0bc910068ee69fd0ca,
d495f768e30465ba2b0feda98088f50604f21d0b3b064db394ca32b2562f365b,artifacts/quality_measurement/quality_measurement_manifest.json,public_only,86b3a47683403106285d9b11aaa1c77250ef13ecbe5611456537522ae221f941,
8f27e8a11891f337d50c9da092343039852df31545c9226ac8df694261e95153,artifacts/quality_measurement/quality_measurement_result.json,public_only,86b3a47683403106285d9b11aaa1c77250ef13ecbe5611456537522ae221f941,
4fe9aae494e6c25f933c4cd724ad32d2308491d3a44c0ff04e73a11885ba7ac4,artifacts/release_candidate/v0.1.0-rc1/release_candidate_manifest.json,public_only,5755f43ac82f8bf794e027a524742b646419d2e0a0cd2a19cb79a183f7f2639f,
b4f37b71684be000b44eab98409f69dc6ad4b93a43924c65a35e1aa0c6625ed0,artifacts/release_candidate/v0.1.0-rc1/release_checksums.sha256,public_only,b7026681fae9492a3f5f45073a9aa5e716d04382c9391e513bf5325cb7b3222c,
8f3399b4b0709e92cea94da353187b0ec6879f8bfbd6fa8ab5db0a5720d5ad00,artifacts/release_candidate/v0.1.0-rc1/release_file_manifest.csv,public_only,dceef393a9412783c7dd679ded053b92ac22d228cc1cf8ac225a6074977c4f78,
10a41332d6f064143557ed5296afa75dc8bb4fe9dc344fad2dbe1f1d1887624a,artifacts/release_candidate/v0.1.0-rc1/release_validation_report.md,public_only,ac40639952e25be01903de9a2ea0034ce9ae7e906a51214661c52b2061e2e498,
c8fe7cb2a48c7062fe35f963993622cdcda20fb17e94bccfe2ef1b05a3feea51,artifacts/selected_run_summaries/packages/crag_mock_api_hardening_phase_package_v1_20260809-181136.json,different,87a59bdf04c42e55bbae5e172f66776720b64d6a58461d37667cf3fe21c3a968,4ca30f0b2b1f82b268dc275ad75d259d1b905874005cce8016d53fdf6caf5054
ce725093a9ea6535804b5cc8cb14b801d0e19219b33f88896e6f7fc62ff37b16,artifacts/selected_run_summaries/packages/crag_mock_api_hardening_phase_package_v1_20260809-181317.json,different,c4e3dddd421adab2e04db221153daf10ad02d5746c85caa2c61f6ae978e417c6,fe74489cec6bffa74a043ac2df01cf7f078763738531d37be9b287fd635bb2e6
dc7453ab6990241397ce2c61ef36331f61c40f9227b7f6a71657bb5a68326b36,artifacts/selected_run_summaries/runs/ragwarrant_beneficial_governance_divergence_search_v1_20260809-170326-3dbd620301/run_manifest.json,different,1666d44ebcca28f24c00535db478f1e69d7109660b7cf255696efdb8b20a22ae,f0e86ef034269a21678a0a6b6ead4d1ca0750c20f4c9428efc3775c0f8da2b43
33b6ffd49a5f90e85e33a28526b43f43e48cf941caad15e6aa050838b59fc59f,artifacts/selected_run_summaries/runs/ragwarrant_crag_mock_api_ablation_v1_20260809-174530-9fc15ace19/run_manifest.json,different,eb5493527b9f1539bb8973111d8a77712d72aa24ec6e634010a81ce22c27d9f7,92cc4828ba38ce8c1e11f97aabbc8cb46a27e3e4def88c444a215cc3d9f7d667
1f554394c1b2b124d5623bfada22c7dfbd66bb301dd19a17b85762d0b271219c,artifacts/selected_run_summaries/runs/ragwarrant_crag_mock_api_case_explanation_pack_v1_20260809-174530-2c68f91651/crag_mock_api_case_packets.json,different,518d8bf4efb4c949cd9985c6d81222c716a7f8262044e94c023c14dd785a8cef,335aa69566ce9dbdccb155cbeb64befe004e89352bbe33eecac7c7aff4900d76
9d86ac38b5b01e86f908ee27fff902018f36318fe4bca280009dbeb76890b37d,artifacts/selected_run_summaries/runs/ragwarrant_crag_mock_api_case_explanation_pack_v1_20260809-174530-2c68f91651/crag_mock_api_case_packets.md,different,baba6983c29c355a0e325686f1f75c2c764df8242c3609298db6a44a6c8d3cf3,20fe4ba4cbea1c908873f54c0e44c7593c3ee5e79b49cff62341c025386e0ae4
14e9ef1fe41d903eeadec315eaa7f1c70899d914a0bfcf8ff911d004d7e524bf,artifacts/selected_run_summaries/runs/ragwarrant_crag_mock_api_case_explanation_pack_v1_20260809-174530-2c68f91651/crag_mock_api_technical_case_pack.md,different,baba6983c29c355a0e325686f1f75c2c764df8242c3609298db6a44a6c8d3cf3,20fe4ba4cbea1c908873f54c0e44c7593c3ee5e79b49cff62341c025386e0ae4
d643ad66f763966332c9b19f78daed880146161b2264081d1980496087ae96a2,artifacts/selected_run_summaries/runs/ragwarrant_crag_mock_api_case_explanation_pack_v1_20260809-174530-2c68f91651/run_manifest.json,different,5bdbe41ed8f2396fb901bcf0bb44907c3d23af817b27378141798ef725c2a68a,0d9ef2cefa78f1bde43a04949cb3dd7a032f1e42ec363bb143958b58ec10809b
a8e68a1edd55f42f61d1a01bf53b0c1db54b1b2b0fa5b20a79f7b618808e51db,artifacts/selected_run_summaries/runs/ragwarrant_crag_mock_api_docker_reproduction_v1_20260809-180013-afbd193043/input_config.yaml,different,2c5e716d668ebe95c2d95c4eb2b41351b8280014d7044e7e209e2df07da9d256,2089e0c3eb0b0fc6c15af3bf4dd7b733dfb90296e58c3a91bd5e9b8ae47e30d6
73e950d600671248b32e6d51e553f467b3be387cc03180ba4687d4cf1c0d42ef,artifacts/selected_run_summaries/runs/ragwarrant_crag_mock_api_docker_reproduction_v1_20260809-180046-afbd193043/crag_mock_api_docker_reproduction_manifest.json,different,302c6c721da74c2b0a0b6bdedfe62e029601e8e7d7e385f2ee00d153c8f2134f,cad0ab11c04448ad56b47ac08bb98f0512f0e1d3d7a483c76c2863c741c3ade4
6233fb7bba7cae326e5e73704621c416bb5362e79a9a3d2b2c1cc692efa838f5,artifacts/selected_run_summaries/runs/ragwarrant_crag_mock_api_docker_reproduction_v1_20260809-180046-afbd193043/docker_build_report.json,different,c052702a83571db2533dfa91c6d0f5d216ea9937bc84f37aff25b06cf4a42d6c,b49f32067e7abb03ea8b497f5597bc64e4339891f72b14c4b733c1d49a0b5434
b18bb2fa30469e0fc4691c039a3a4bbea827563d0d5b7c0baba78f3c72ddc2b2,artifacts/selected_run_summaries/runs/ragwarrant_crag_mock_api_docker_reproduction_v1_20260809-180046-afbd193043/docker_mock_api_server_report.json,different,2a20ff5aea3ad157429eed875126d9120a6283acea847eab0a32ded10f391531,3807f93fbb72e6b1c06cc5e0b95a5c29575a4bca99d53909cf9e56b57281b6ca
9723a9269b67faa9d3682c3f95574a6c02bcd06b462f42c64d8c13d783bdb5aa,artifacts/selected_run_summaries/runs/ragwarrant_crag_mock_api_docker_reproduction_v1_20260809-180046-afbd193043/docker_parent_comparison.json,different,8b5b9cce6fb6c967406282dfe3c8b9d8602125642010a70610cbae970dc76d12,229cb7fd8e178b65ccacb7c0ef0116ca34282aec5cc86077d5550d8ddfd595b1
170befe27f8260c6a222c36a3dde721db9a9ba814a71e4a39b52a85dafdae733,artifacts/selected_run_summaries/runs/ragwarrant_crag_mock_api_docker_reproduction_v1_20260809-180046-afbd193043/docker_reproduction_result.json,different,302c6c721da74c2b0a0b6bdedfe62e029601e8e7d7e385f2ee00d153c8f2134f,cad0ab11c04448ad56b47ac08bb98f0512f0e1d3d7a483c76c2863c741c3ade4
e96b8b2ac60dabc352d933d385081ae894b86ccc518a0bd8009e36e58ed141ce,artifacts/selected_run_summaries/runs/ragwarrant_crag_mock_api_docker_reproduction_v1_20260809-180046-afbd193043/docker_validation_run_manifest.json,different,644378df77745fd271a923130a955d047bd7109895577dfb1b9a303284c844a2,335ad872d669c895c23a359242f6bf678af26807dc0f5794c4077e0d9ed98265
afdfc63167ac0079d2badb1c4277300633294850a66048cc25695afa768b01d4,artifacts/selected_run_summaries/runs/ragwarrant_crag_mock_api_docker_reproduction_v1_20260809-180046-afbd193043/input_config.yaml,different,5d6563c54a46f023801fc6167ee97e2f72fd1ed1ef187ce242983c9142d0d21c,5dfc969fa648079dfdac198037af005ab00990828a7f4f531818104ffb667efd
9c164b3c3e671b5cbcef1381b7ac13079101b0275956d79d09080fed0daf53b6,artifacts/selected_run_summaries/runs/ragwarrant_crag_mock_api_docker_reproduction_v1_20260809-180046-afbd193043/run_manifest.json,different,fc07403e1e59f748301600e79ab063dd2ecc900ea4e86cd09700ae9bb1207b40,3bcbb6f2a660f1c2c9af47f24ec2b91230bfe81ab478340fdd6427679bf8429e
8f26b475c6f6451d5c6c4ffec6e61fe3394f8e13023733ea1763385957479d86,artifacts/selected_run_summaries/runs/ragwarrant_crag_mock_api_evidence_synthesis_v1_20260809-180106-feec0b5d7f/cross_run_evidence_summary.json,different,470478821dadfb47f9d26c8f0486c09075b32b5b3e1b8bf1f5c20bd02c8b373c,770606d5e1dc6aa6fdaaa7438858e5d65b9cae6d4b6397ab91a08a2bcb807231
748fa367f3d5dd881432fc0360104b42736d6ca6848d12cd769681b42ccfe548,artifacts/selected_run_summaries/runs/ragwarrant_crag_mock_api_evidence_synthesis_v1_20260809-180106-feec0b5d7f/run_manifest.json,different,8f882b8a8f88d70f90b1c70de99a831fa2707a76aab47fc789af99d1c9d3f1c1,04dd36adb5224a391474f5407e1868fdd681b42c066b25a25c7bd1852936e283
b190e70ce17b2a8ad47a8f60c50d15a067838adf4f039b0a00b871e2e36a0475,artifacts/selected_run_summaries/runs/ragwarrant_crag_mock_api_repeat_validation_v1_20260809-174530-3685275f39/run_manifest.json,different,7f8efd6a1c26d60970fb26711dd75d93cdcd25bfa1bd819f1387b8d9c5e86a18,6d81399647062e42ba1512dd9cabbf48620537fd9aa5621b286323e04564206e
75edb76119b6737a88c5ee39f7919aca633259dc5b7bcc33ddfa09129885bbdf,artifacts/selected_run_summaries/runs/ragwarrant_crag_mock_api_validation_v1_20260809-162440-92d8c0edd4/crag_mock_api_domain_task_sample.csv,different,117815e3679ecd2899300845dde55637bcedc9d0ebe00966fc29e8a9b9ed647a,5d6c7434a0899a2d757bcdc75e0ba270fab1405a5d7190c535fa3577406a4ff0
83ed7fc06aeb2ae018a70325b5d20f5463ad55323b42036c86fd3e544f506abf,artifacts/selected_run_summaries/runs/ragwarrant_crag_mock_api_validation_v1_20260809-162440-92d8c0edd4/crag_mock_api_validation_freeze_manifest.json,different,81a72e04175e3acd2936c5174619e742179db152f0225a991d77799e39840ecc,cf3d822099cb22d317c404cb1d4e07408bc03ea881c2cf1ce13e123a9879414d
d88373e940f3b20f1b1acbd32fa59a643f2307addecd7d82405f925f0eb34246,artifacts/selected_run_summaries/runs/ragwarrant_crag_mock_api_validation_v1_20260809-162440-92d8c0edd4/crag_mock_api_validation_manifest.json,different,cbffa003ab5d7127420addf6f424d0b2b661a79a34b4df9eb5da68bada9c3bc1,910996a97bd406ff8735296b3755fc6abb2ac0a1a69f7544a30586000b14c04f
a538adcfea94d253ae7e2a144b21cdc1813eb240e12bd071b735fd538a364f7c,artifacts/selected_run_summaries/runs/ragwarrant_crag_mock_api_validation_v1_20260809-162440-92d8c0edd4/input_config.yaml,different,ad907eac53e7edbca48bc97614a650d583428f8d7b24b5d137fb45b085f29ec1,61d63a9792e086b4511263c71f5f050fda3f86019d7d6ceabc57b60fdca909bf
c3a337d13a6797c2cbd30a53626fd2d599a244384b622530e74b3c46690facee,artifacts/selected_run_summaries/runs/ragwarrant_crag_mock_api_validation_v1_20260809-162440-92d8c0edd4/run_manifest.json,different,89d98fee78bf813f8b157573900c5f397f068a15462ef8d671667dc8c7a67a8e,b35b1b35417c21c280dd11165d239f0eb22634fc450c961ff1e2e01b162af7db
6939133ef5ae2a1ece1714e0d11aa62ae15ce027889cb2259764bb1af70c244d,artifacts/selected_run_summaries/runs/ragwarrant_crag_mock_api_validation_v1_20260809-164913-92d8c0edd4/crag_mock_api_domain_task_sample.csv,different,5fa106d4591d918521a057b4ac3f87dffee6e1a32a96d70b9713c5c268a7f2fe,79e75250de6d6cbfae669bffdbb50f1a46e4f9a8be7faa1d33f3e43fbaac9b59
530deead02c1d85e50a6dd518f725f89ff9706a357e875a0b87313ac363c6706,artifacts/selected_run_summaries/runs/ragwarrant_crag_mock_api_validation_v1_20260809-164913-92d8c0edd4/crag_mock_api_validation_freeze_manifest.json,different,6a3ab3b0ee32173c2d50e0caac013d75465c8505ecc942b6de7da350a6e86592,a73b8441844051d6747888a856f4cff7015282ad66e92e63b547cf8739ec0fe8
f5df4fb90a2970ec8c1d2fc89c41942439111141c51527cf5c35be7abd6944fd,artifacts/selected_run_summaries/runs/ragwarrant_crag_mock_api_validation_v1_20260809-164913-92d8c0edd4/crag_mock_api_validation_manifest.json,different,ffbaf30473f893bdda9995f647ed3decd14d4f5cdafda9263ed024269f7ed0f8,da0b1e5990951ad3b6c6d7ff2af8b7963b1f1420e2347a9d9a8d99a4cc046f5b
2b94a526496437312e7904056befbb9431f212c4479e6b622fe11fdced34c050,artifacts/selected_run_summaries/runs/ragwarrant_crag_mock_api_validation_v1_20260809-164913-92d8c0edd4/input_config.yaml,different,3a198accb8cda19cc13743e8cff2cf805d3c0aacced7e8c57f38454cb6df2437,282d7f6c46c3d05e479c59591254459970c1c7caee944f55afee5be329308d99
ae472b790a7a823ee788e780b10c2b11d5b4f76568c5230cf3413f4eaeaafc07,artifacts/selected_run_summaries/runs/ragwarrant_crag_mock_api_validation_v1_20260809-164913-92d8c0edd4/run_manifest.json,different,6dde2b217da2a85a8fb86b4607254aaa4467fbb3b073575b9544611ab4b5f976,cee8fe705d8d1aa39873dcdcc6060d0200e9eaa769d2293601c3f49a578b6469
e5016a187c9e8083b616138873f25711d0fca66246265bcdd4673751c556eea0,artifacts/selected_run_summaries/runs/ragwarrant_crag_mock_api_validation_v1_20260809-165415-92d8c0edd4/crag_mock_api_domain_task_sample.csv,different,bdfca336e3974969e6b496b3159902be0602f4f52066fb511047a4fc1badacf7,faba21fca35539010ec5b96fd058431be59e2241e6e102a8592d73f92a6f7e61
0b55666759886434fed6d95d42ca02c37d7b05621243ca2f3044a461dcf53d09,artifacts/selected_run_summaries/runs/ragwarrant_crag_mock_api_validation_v1_20260809-165415-92d8c0edd4/crag_mock_api_validation_freeze_manifest.json,different,1f67ce5fef19d6c04fa2e629eb1ea97be590e602711151f11940dc72d736177a,735086502b0c9ea073290fa1012d39e8742e01abcdbafa9ceaebaa50213c138b
2a06d3d16f7d1c26f989e7d9f85edc0a315fa3ae74a6306a063f02e0ce4159ea,artifacts/selected_run_summaries/runs/ragwarrant_crag_mock_api_validation_v1_20260809-165415-92d8c0edd4/crag_mock_api_validation_manifest.json,different,9d0455604c1c37f760211ba2ebfb66ffdd7380cf041776e387ec85fa7c687054,604ac138dec949dca36711631f75a4e337f3b9709482e4c01bc81f70e6555148
f8fae438ea1c2f99e16522c50f3105a4238b36d1d0c690c0f03c590c597bf77c,artifacts/selected_run_summaries/runs/ragwarrant_crag_mock_api_validation_v1_20260809-165415-92d8c0edd4/input_config.yaml,different,3a198accb8cda19cc13743e8cff2cf805d3c0aacced7e8c57f38454cb6df2437,282d7f6c46c3d05e479c59591254459970c1c7caee944f55afee5be329308d99
2b25ac4873f77f231d1c30f6640fa0d41639b828670312dea4eab3f28deb5709,artifacts/selected_run_summaries/runs/ragwarrant_crag_mock_api_validation_v1_20260809-165415-92d8c0edd4/run_manifest.json,different,0837e2e9fef34d82504492f13a150453b0e05c87d84a92d5eab879e4905314d9,65eb26f97ad2a73eb938b5a93f0dd9ff0f169c780d9765ace5e13283225e3945
3351b102ed10c16bdf926af863279fdb98f9ca105e9bc75101bfab99a71b4448,artifacts/selected_run_summaries/runs/ragwarrant_crag_mock_api_validation_v1_20260809-174919-7cf1da20ed/no_overwrite_audit.json,different,0c76f7888fad5f0abd66d70cdc1f6b1d1f11162928a3eb451ab71d72efb8a2de,68d1fedf8b84db31c17b7a505ca32fa09c0e67adff0053b119ad4b8916831a04
3b270ca7552997db0dcc2201e5e2aa9c4e88a051111f2688b0a64f4b2e36ab23,artifacts/selected_run_summaries/runs/ragwarrant_crag_mock_api_validation_v1_20260809-174919-7cf1da20ed/run_manifest.json,different,4eb3960be0386090bb7c06ff106fe02284f2bf6ae4f3ed61da908960b5cda832,9464b8bc71e85973e2281a40dee576bf08cd69d97fa97302e755fd630fbb41d9
c8eb875e4276be4fc2bcff2b3a7a2226f9b8acee6db9ac294f21beb4b5f1a779,artifacts/selected_run_summaries/runs/ragwarrant_human_eval_pilot_v4_20260809-170222-04e5da91fa/run_manifest.json,different,39c21cb14f649bc1cc284f22cd08bac75f7cdf0313728095c72b52007a760c40,b1b94f9dce40b39e3f7aee38b70e9a067dd859b3fb8837cf36cf546b8bacc202
e572040bee54a0cb833cfd8b9524257eb5abad11789b05bf2f1938b6dcb19695,artifacts/selected_run_summaries/runs/ragwarrant_human_eval_pilot_v4_20260809-170327-04e5da91fa/run_manifest.json,different,18836092e715db4e2fcc27b1141c376de42b7ef8de7b3aa996b704909ac03d64,dbdbc1da6a4ec02ba89fe8320ca4ae7e414adf74425623722fb1fc8744156d08
37eb05f210bdc0245b2715806db68b35e8bb2d073bc6adbacb7c86ca218e90a2,artifacts/selected_run_summaries/runs/ragwarrant_natural_divergence_adjudication_v1_20260809-170222-f5dacc1eb1/natural_divergence_adjudication_manifest.json,different,bd7a6e6cc27c138d6216a975b5716ce9cc31da1549abdf67fed475fe2b27e8da,03da81a7358f5cbc0faa58c75f1634d2599b7428b2bc98e913d2f58282d1e772
fdc64bfd09b2abb8d4daa4b1209bfafa7af1cde3409e27c1acab0770c152d673,artifacts/selected_run_summaries/runs/ragwarrant_natural_divergence_adjudication_v1_20260809-170222-f5dacc1eb1/run_manifest.json,different,154762aa861ab828c2938fc650494160be2061a85885cb269c808c26ca95ccd1,727048d15a94515082a2da76958d9098bbe248f05d8d23565e45aed5f687efda
d54caea8157d8687d3febf24a9f29dca655c00358d043f6e61a47a6dda5f4bfd,artifacts/selected_run_summaries/runs/ragwarrant_natural_divergence_adjudication_v1_20260809-170326-f5dacc1eb1/natural_divergence_adjudication_manifest.json,different,6eb00d4363cf5feebd2a2ba1342e4f6928519202d1b6b8cdeee9f7b0ea946999,77aba2fcd465c4e04c4b86b61d672c909e724b26e823cc800ac937c00f7b938b
25799a54320dd884bdfd412a38a9850caf4c490b7b2aa4dc560e8d7e231164f3,artifacts/selected_run_summaries/runs/ragwarrant_natural_divergence_adjudication_v1_20260809-170326-f5dacc1eb1/run_manifest.json,different,3b63b0e98a488ea18ca673393f8c69fa6af3b4dd16e73864f9e068c89ba25702,b635e2f32ded46881caa4a9b2f3399e70f9b559d33e08ba42c8c384f76eddf9e
8b4c4bca4837547b797ec6b251d83097b61fbda83cc24dbe868cb6e91fa921bb,artifacts/selected_run_summaries/runs/ragwarrant_strict_git_provenance_repair_v1_20260809-162434-8621179ce7/run_manifest.json,different,ff4b7ebbd89a93d226b89f8d86bcc464dafc2369b81325cb3f2527673670258d,c9b41a5bed66d99bcf3aa05ef995a228d12b6dbb8d44bd55607b0370f534aaff
fa424b4e1fe9bd2f6dda7aeb1df593d01fb2c032e2aef4b733230f5db813e2a3,artifacts/selected_run_summaries/runs/ragwarrant_strict_git_provenance_repair_v1_20260809-162434-8621179ce7/strict_git_provenance_manifest.json,different,4c96f807d24dd253ba360b5221683c1ea606ab54527962c51cf693168aa0c5a1,aff222a46ebf795d4cd1d1931bc6d2e29b8c96445b10e9ccd13f07e348c437d3
9c9651eb67851181f63b9372166fb9f2a068af0735f07e3ab6ca77d168794be9,artifacts/selected_run_summaries/runs/ragwarrant_strict_git_provenance_repair_v1_20260809-162434-8621179ce7/strict_git_provenance_repair_report.json,different,f472fedd6776aba0114df1b561f0ea48a0bdbbaa563fcab41c5d89e32d48c59c,69b2b839ac51d4f336815b65569b93e61708fb82b128cc4cef7f45f44ed6c2ca
4d2ce3442e042f726d59cac3691fe864f75fdf3fa8f54655272615101412b5c7,artifacts/selected_run_summaries/runs/ragwarrant_strict_git_provenance_repair_v1_20260809-164908-8621179ce7/run_manifest.json,different,07553ab982744f6c506eaf6ef4814747eb66e7ff474b97b7d409e4ce43907f46,c7894f680548ed80cbed0746160c15704d43a3f75e7c5e879b52de68b0cbf21e
c06e1dbd3a847cfc06cd72518954b5cb07699df1ed012cafbb3e3b4bf323671d,artifacts/selected_run_summaries/runs/ragwarrant_strict_git_provenance_repair_v1_20260809-164908-8621179ce7/strict_git_provenance_manifest.json,different,aab52048db8392b2e7d2a4c615f9e19b774bb9998d9a3b4aadaecbf6b695d7ba,43c5bbaaffc24e484a441e10e256698b9449854060485167a8d0b71ad0659266
96c60f7bac86cedc4a8e9d5378f92e9256df6aabb62478f768dab095ffef3bb0,artifacts/selected_run_summaries/runs/ragwarrant_strict_git_provenance_repair_v1_20260809-164908-8621179ce7/strict_git_provenance_repair_report.json,different,3511f714f5599c34722445e0b890ca7a9ccd9aa86ee8de20519cdb8e8f154857,cd591e723f4db3e24947d6c426a8ecb2ee417824bee0f5fb4bb59922810140b8
b273c068b67a46d0fe3dc4cef5f17b43cb2846a8d56d0e86cce5458cb75e45b2,artifacts/selected_run_summaries/runs/ragwarrant_strict_git_provenance_repair_v1_20260809-165408-8621179ce7/run_manifest.json,different,33e0affd83f1412dceb5d35e2a47a21e6310c0d4ebd4b976d86d75ce448e7a88,ec254e0753552ce924a10c4011198c09bd470cf8a47940b120ec8a7f84acddc1
1ad0c3437957d3f5654edcc2f703db3d753c872898d4c5d35b98675d074db623,artifacts/selected_run_summaries/runs/ragwarrant_strict_git_provenance_repair_v1_20260809-165408-8621179ce7/strict_git_provenance_manifest.json,different,4622ee95652b55bac09551b606fa37e3491765eb8b4f96378c89a16bfbc96064,a5af3fd18e2302bf70756a1c3f3bfdbadd7957b9dc6c3216d64c0a27d4520664
9e854367bf519bad8ff60cce50fdb2d1999dc45d8b1a12734f3dcf41dd1e4c5e,artifacts/selected_run_summaries/runs/ragwarrant_strict_git_provenance_repair_v1_20260809-165408-8621179ce7/strict_git_provenance_repair_report.json,different,cd5bb41b86a3a15f0e343ba4056400bc167073de8801c7e22fda48847f35b97c,94f12ad733e06e2f11cf4201726732892e219617394cccbab081818c37fa382b
00c36142023e507681a64b4665d60bc95a797f276f1b6bee7248a2db5626f89e,artifacts/selected_run_summaries/runs/ragwarrant_strict_git_provenance_repair_v1_20260809-170318-8621179ce7/run_manifest.json,different,c5b27386d77ff85f32ec4b73dd34a583ef7d7216a26cd21f05b3de741cb8f162,13669e0847e2b0b7a76338221543114d046a4e906bbe20547bf3d6e05438c8b3
2a4d89747c3ce9f8de29320bae021842fa4167cba4f6569fc87e386fbf2eee2d,artifacts/selected_run_summaries/runs/ragwarrant_strict_git_provenance_repair_v1_20260809-170318-8621179ce7/strict_git_provenance_manifest.json,different,c3fa35d723b36a28de094779bc7771064ed7de11008f4995c4adeb4eb3a39da9,63c52216d7fd8e14ec9436018fda3eaa2b3d52f8b7af64c6ff5eabca59282784
2d5e9640271f1482708982c0f6e62fa4ffd8cdb5b8ab051a65db4d1d5630f756,artifacts/selected_run_summaries/runs/ragwarrant_strict_git_provenance_repair_v1_20260809-170318-8621179ce7/strict_git_provenance_repair_report.json,different,3c8b24c33fc45158478ee136b1d2ccf3b03b2343cebf9d56b8251a65adb72eb1,37769ffae7acbd5aad778e6e0e3d7e8e15ff41ac8723a16e0d2b7000f4c5a397
6f32fca18c837af40877048fe1cd82f6b3408f713139677dbeacef21f9bc1013,artifacts/selected_run_summaries/runs/ragwarrant_strict_git_provenance_repair_v1_20260809-170600-8621179ce7/run_manifest.json,different,d429f5d02374a8e2455b25dff4474ae4c93b8037e89939db0beacaadd73a3219,ddca9016518aaacb141e2d967d529326bc7adef684dd464a1c91afdd2aeb910a
6d06903e9539ee338b392e5e170780eb6eb1d107f0afa4bda1bb4684c671b169,artifacts/selected_run_summaries/runs/ragwarrant_strict_git_provenance_repair_v1_20260809-170600-8621179ce7/strict_git_provenance_manifest.json,different,a671286ea5e5674ebd2931b89dde5e87a4d6843f21e90ccdb6ee9086bf6bbab4,6b46574eda9ac2b56a8c0b1dd9e60af4ba6fc560ad39275fe703aad180551c14
60822a4f1d54515f5601091bbd8b8021c737a0bd209293e977076cc89eb1c70e,artifacts/selected_run_summaries/runs/ragwarrant_strict_git_provenance_repair_v1_20260809-170600-8621179ce7/strict_git_provenance_repair_report.json,different,9099aae6ddffe9442b9e69d837b4f721678f17b2eca435dadb7ad6072e922c1e,4fe2b4efa05df11947cfa27388f05b159f3e08fea9f0c2ef08022698911f3323
055f3771fc3553b5a3c06ace0fe05ed64a29ac76eab6b5800024331ffab8cdcc,artifacts/selected_run_summaries/runs/ragwarrant_strict_git_provenance_repair_v1_20260809-173309-8621179ce7/run_manifest.json,different,97f2b5353ae8f5a86979553009860398134945c68a2ba40c0795f5dae3f24d8e,13fad0bb3b17ce34e5259b7fa4c00ab1c78622fb041076a26c8ea3bf7f8fe1b9
ad351cadeca9f222e34b53349d84c483ac9a5c996712e53c24edc26b23cac157,artifacts/selected_run_summaries/runs/ragwarrant_strict_git_provenance_repair_v1_20260809-173309-8621179ce7/strict_git_provenance_manifest.json,different,b8a252a092fec9f824ab8806c606333508cd6cda0c9039b40b62dbe4f7c7e381,953a578f268a51cc705bdcb095381364ae6678941aa8adab29bb2cce61d12c6b
bc93d9b72f755afdc873358f4e5614aaebe990f788e349c1394aaa51254f74db,artifacts/selected_run_summaries/runs/ragwarrant_strict_git_provenance_repair_v1_20260809-173309-8621179ce7/strict_git_provenance_repair_report.json,different,c4c17117f187e6b0358a74b8d05da7ce07876eeda4741fce12f8d4a72c699932,3d4db10e0df7db8201886b8d07bd5c4922f06513022e926f41e34dfb7b6fe85c
94e105ebcae48d220d3c1905f5ed59b29a699c03d54f1649b72d9d300e8de0af,artifacts/selector_ablation_matrix/selector_ablation_manifest.json,public_only,3aedb8542a456f8cdc71a89df5d2ce738c86b912109475831af2c77156796e1d,
848545b86e327578036e9ce4634d070397b9dd5a3f10d427ff71c5ac77c170b7,artifacts/selector_ablation_matrix/selector_ablation_report.md,public_only,8803ea3cc1576573a84a183cc2d525bcfb83fae5c1da9de5d99e14e6104c579a,
ea8bd87fc5785e46f6fce2e827b709af94858e462290f5d214d9e83ffff25da1,artifacts/selector_ablation_matrix/selector_ablation_results.csv,public_only,a7152e255ca79d4c4931a97c07fc744ea693bb64957f4f27affcd98b090eea38,
81dcde93de5e25e37e59633ed1cf54969a03ec5f1d6b1155c23a076b3a7c5347,artifacts/selector_ablation_matrix/selector_ablation_summary.csv,public_only,ffa40557a4e674d64586420192104f70d07ff65bec112ae8d2e602b778643dfe,
90e907ff8b57ec5b7f110dd9143788711d77ecd94b9d4c6065ef9dbbd825dbdb,artifacts/selector_ablation_matrix/unsafe_selector_cases.csv,public_only,3a867a711bea9f1f580ac0398966df163ae71a003046be6da1018a02e2792767,
09e27955a7867b79dff8b60a2cb40532609eb52e2611a7ca0e551c426c05e74b,artifacts/selector_ablation_stress_v2/selector_ablation_stress_manifest.json,public_only,b7246a79dd233935da399591d657babe4f29e27a519315bac4bfb396a9d9ce09,
a1df0bfa4942c2e1e5a85aeb0abeb42f9769f61bd2f9fef4d8ff98a584629df1,artifacts/selector_ablation_stress_v2/selector_ablation_stress_report.md,public_only,7827b543274c541c653500712766f75f5002ef03aa7c56ccdae73d12c0cdfb74,
2c392f66301df568a716f78b024fcc9a4eddd138bcc615f0a4a5aff6b081377e,artifacts/selector_ablation_stress_v2/selector_ablation_stress_results.csv,public_only,99fd972b600a4eb8ea23502193cf1ef7a48222179e6b786f338130ca75618e9f,
c9564ce469270eb4f4ee13ff0ab75a85e0f9a7043e2c48e50453a71ed6fa9d0f,artifacts/selector_ablation_stress_v2/selector_ablation_stress_summary.csv,public_only,535e6a91c3e294a48a67df495d0d2c9100649d728b9337909ebb7a2833a9f9c0,
fb0c645ebdb196d9d1b22d8bf90873d8b613349ff6473818e655bd979226667b,artifacts/selector_ablation_stress_v2/unsafe_selector_cases.csv,public_only,80f8c22fdfd91e93eb7b2d84e34cb114d88998fef921f39b019692bc816f02b6,
7c5da418ee60d4dd62cbe17e894af1f57dfa50b744c7ee544f33b9af11e72cc3,artifacts/verify_run_demo/artifact_manifest.json,public_only,4374697d602a46cf6c6197723344f99632f3d22cba628fc408a40223c0667109,
1b36cbd1ecfc7bbc9089af80b22cf0334c2de768da4bccbb8a5793010daa40da,artifacts/verify_run_demo/artifact_manifest.sha256,public_only,38f57463d98a52e71df506d8e777b53474b6a3a22ec3b3838861b26dcd8c0ef4,
946ce6038029313785d69473f5938ccc7fcc157368f93d00d6a400e122e949a0,artifacts/verify_run_demo/verify_run_manifest.json,public_only,484609edd264439ccff9196b4d43fd2523de27d036d356ba95d6784093ff1075,
487d0a980c76ec3b524238d358ce1417a0700e1893097570cb12dd38f1c08c00,artifacts/verify_run_demo/verify_run_report.md,public_only,95bc8ad5b57209e9ad26483f4b88cc895204d36e1bf453ba7e59c1f335f03264,
d771477c29eea2a3077060d6c459beb0a32ddb3b55d3dec660b9eac2860ff131,configs/adaptive_arch/<removed-lineage>_adaptive_arch_v1_compute_allocation_focus.yaml,private_only,,903be056b314f75ab9fed3fa71bb8d295f1b6b57db74c2ac97e0b15ec314c645
1fd02aba0f3581d8d54f3195726a5ad839d4dd6a43f2022d9fa15c172e3a0ad9,configs/adaptive_arch/<removed-lineage>_adaptive_arch_v1_external_proxy.yaml,private_only,,e2803ec79e8545f347329fb9ce8fa214f72fce84636276e3bc9b24e3812786b8
9087ccf50368487e00a906c3e4572c057e9f2e918c542fec5c23b7baaacc63ec,configs/adaptive_arch/<removed-lineage>_adaptive_arch_v1_smoke.yaml,private_only,,50129db1b779ee5b0d251a7e809cd67c4529f98d502b2f3aabf3377cfe9b9ad7
41053dac37f3c71f7710baaf415ac77f1aa2c3641e4169b979393a298485cece,configs/adaptive_arch/<removed-lineage>_adaptive_arch_v1_synthetic_matrix.yaml,private_only,,38b7075357876585f5504356e6bdd5cea921731536bb05c584fc9d2a1535a84a
e3e0a6760f3cd1f2127c779da923a7b6a63a4000d2bfc2eb2cfe6868ba66da57,configs/experiments/ablation_matrix.yaml,different,46dbb57bf067fd0d2facc8a052445add6b30e86d9cfca623906b26df8cb92992,97a965865d5232f17b22c049f4344d0128f2bb0f45eb117f79e0ba4b2d90d1c9
e446506a1d39dd2d54cc72207cb006caa2482c4cb47b8e9631fd4d995d18b329,configs/experiments/full_spectra_matrix.yaml,different,b58848cfcbefc894ad37ab81d04aa30459c04833e85a9682d9e2be700af25ec4,d3ca38541d522e496c7fb5f258a4434350b3e94ce630aa76dba24ad83dc37a4d
54de48b393434fe40c8e3b82c42b6aa84215807fb69b00514feb68eaf7405e6f,configs/experiments/gate_baseline_matrix.yaml,different,1a043dc349e8519d2993b25b6a508f136288f2f5dd829c7c657c17a5b19f65fe,a78e3c5f45f6dc614687aa5f212e611875f60c69e5181293b446b09d5c17d82e
efa4605a9b8ea84ab2904c2fbea1222759a318fb2e4f06a4e8c2e3c4ecaf3017,configs/experiments/gpu_smoke_energy.yaml,different,782b894e63dd95d71a07bf0b5ea63f98962bad36feaf39d4b7c4ba3c4c5874bf,cc00ba7ffb92d25f9b1d37e7bcdeb9736eb173a157ee71016cc2e33608b1da6d
092859836f5159b8fd146a381be1a45e82f5505b23d1f686a7de6ae0a386f2f5,configs/experiments/ragwarrant_aim_hardware_characterization_v1.yaml,public_only,bc4b4abc094d119b59c9e181d2b2edb17d98564cc3058e32d031b10497087474,
abd472de4ca0e22d8fc7a3d3c08df70da97f1d9e4ee51f38efaad7f65c6a0342,configs/experiments/ragwarrant_aim_hardware_matrix_v1.yaml,public_only,6474786970fcb901ace9f1c6e983271b7389f06b08abe0ae1909da731f8f1dac,
57c0fc7728274d0ec5cbf8950f9ff8b5a6e556fded0cd169f9908aebfc1ef1be,configs/experiments/ragwarrant_answer_quality_measurement_v1.yaml,public_only,72261be893cb1ca1e8ddcc0a3c14cfa7064a99b3ff53bc186e311bbc2b8400c8,
1e0e83b940cfb67ab01cf9c0b92827e98df754588f92fe5129efaefab0f772ec,configs/experiments/ragwarrant_behavioral_governance_paper_summary_v1.yaml,public_only,79fefab063ee78e36dc3a11f14d8e4263d23e901a5968592e41a66d774a32b84,
78198c4128fa08e5b8516fa9f9aeea1ea967d44e7dad3cc49897239e33bcb4b5,configs/experiments/ragwarrant_behavioral_governance_primary_outcome_v1.yaml,public_only,769ee233655b82d2d062617cfb7fa29622a240afc46a51e5ffe31974c16b4069,
0cc752937123a25854842be0b0b0d20ac8f96cd575e7480b574e9412bd274488,configs/experiments/ragwarrant_behavioral_governance_repeat_v1.yaml,public_only,20863f709e6e40775760ce67c93f4f88bf2be46be5b4904c5977d274403114b8,
47abba04a2b5e990855a840d3aab45c249f525fe6548853ce8c0ff3aebba0cfe,configs/experiments/ragwarrant_behaviorally_distinct_policy_suite_v1.yaml,public_only,2d3cbb0e8b9935c7cde259bf0d81d4a1625b9f61d7692ebd445085501dcf4206,
5a2b11554738ac3db7aa5e3c6f57508ad7aa46da3be05c0134b31aecbed58b5e,configs/experiments/ragwarrant_challenge_unlock_v1.yaml,different,1040a94f195d942c2925300c21cdb14ce1602bacd2651e38b3489eaa7dc8dde6,011314b4071704c84057bbe25d5a11b5282e1bcf3a0296e388c637fb447bb671
ce80c92c4c869f23d6631ff55aff228c74f1a554387ce224292c67d735c611ee,configs/experiments/ragwarrant_container_smoke_tests_v1.yaml,public_only,422c4d8afe2d401905f93074c11df5f7bf5bf3b1acc5c64ad63b9e2500264bbc,
c6fc4f4922462c145abbf7ac942fb78665683a21f6efc0d0957f8aa44b5acd91,configs/experiments/ragwarrant_crag_evaluator_mapping_diagnostic_v2.yaml,public_only,f90d0f62f5a6c3b7a998f9b79e3e96ae131b37178f9522c06f2ce60b17be2b39,
1e6534953ccf5a6a9f9047191650535d8a0f6345bcd72499096216c0d4e8f04b,configs/experiments/ragwarrant_crag_generated_answer_evaluator_mapping_v1.yaml,public_only,da27a793586988fd00eacbe2573c6f2395669b424310cec4f6b81eb32631460f,
4986fe789274f46b694eafccf05d454a2ef8c8a69067c64efcee4aa4331c1c88,configs/experiments/ragwarrant_crag_generative_llm_validation_v1.yaml,public_only,c8be547e8484475909cc9cc757749c86f1872b1507582dfcb7916b425ab5bb8c,
c672f3fa4a6cf812b03352431f20bfd20d32e30568ddd0ea65afb1d12da79333,configs/experiments/ragwarrant_crag_generative_quality_risk_guardrail_v2.yaml,public_only,e182a70fae4fed2ec6b2a3efbef81a0288b682093684d664dc802766e20d462d,
385e1f29e842480b12c1094345c334846acbd7d20845cf8c898fc98a57a8760a,configs/experiments/ragwarrant_crag_mock_api_docker_reproduction_v1.yaml,different,5d6563c54a46f023801fc6167ee97e2f72fd1ed1ef187ce242983c9142d0d21c,5dfc969fa648079dfdac198037af005ab00990828a7f4f531818104ffb667efd
30da0955492953c491f437ba90e48b47144c9597ae0c3e86e93f54d41ffaa846,configs/experiments/ragwarrant_crag_mock_api_governance_evaluation_v1.yaml,different,7c30caac0c317169cde40a7767bfde07f67c5780537e19a054f00a5e912e193b,26d6b91c31d59d382b6816f81753e08dbe6c70c6d6f45965e9a51888b48517b4
9bec2b5bae4c4a623f1beb527c4ebcb068c38cf2a76976b033be95e80c7b4749,configs/experiments/ragwarrant_crag_mock_api_path_v1.yaml,different,3b2c4b574e6f4bdb1f68a64e24f3e856b9407c2ba41a3aa25a913d8c3aec4fe9,10417ac68031a5403d5e9fc332f49b8a9d7c91ff9bbc02d1f51c5be80951c189
26ff3dabffbada690659afcbf675885b6db75c4c7062a2f0d2b94e83ed47bb26,configs/experiments/ragwarrant_crag_mock_api_server_smoke_v1.yaml,different,c6f625976b1226427e873c32b9ee2916d709eabb7445799255448872f7894f46,05d58dea27af52599db590d04901314933267bd1bd04d8c6e1aac810852d1e64
f1bf30c16da302ce86af4f6a986b2b4e77f285634441f28c859ad2fa2bc0336c,configs/experiments/ragwarrant_crag_mock_api_validation_v1.yaml,different,3a198accb8cda19cc13743e8cff2cf805d3c0aacced7e8c57f38454cb6df2437,282d7f6c46c3d05e479c59591254459970c1c7caee944f55afee5be329308d99
086925b4b9a4512e1a1f613f573ac98795ec1c947bc46a0a6b3accec4d139fcb,configs/experiments/ragwarrant_deployment_readiness_v1.yaml,public_only,4b4d3f5943b35b81a0ae421bdff13e126bc2da3ab3e9d8601d29611d5a10d879,
7e1be636ef9dc8b64f75be606a91a8b04d4b909d3216f0dafb4bbd0d40e26b8d,configs/experiments/ragwarrant_end_to_end_governance_replay_v1.yaml,different,2985acf11f3549833c012260535ce3941096852710fd3a5403e7dfd89f8fc811,120cd0f12775a6f44ca66809f0278ec33d74995f2fa67a73789549491a199837
7bf11313516892a37f1ba2b2e9ad455ad1677dc1cda061439d83a00c1a2f80c2,configs/experiments/ragwarrant_end_to_end_public_development_v1.yaml,different,1bcb6e6115f167ce624504a34f273a336461f5fd7b25d04dec89f13441dc0d8d,30e16b2208fec97825f9a55aeae6d788b64f8eb2b2215f6a105b14b153eb0b97
617f72c941d79c91f0168aea3f80ffdc1bd1c9083b207a92fd502e18ceaac550,configs/experiments/ragwarrant_external_evaluator_adapter_demo_v1.yaml,public_only,e7c0b6900954de873c03a5891d00604f9d8e847975df4b26c004b5b72c2b0996,
173818a551cac4d2506492f294e29f4ba5a990e0b6c9649f35df33270070d2ba,configs/experiments/ragwarrant_fresh_clone_reproducibility_v1.yaml,public_only,86c5f0f9ae5c66e0050adf07b7d8c1a76f76491fdf5ea4cff572cb688bccd5bd,
a1c410f16f083b0a9dcc5006f164386e439b6c755a66203eb7266fc5d064a707,configs/experiments/ragwarrant_fresh_live_crag_mock_api_behavioral_governance_v1.yaml,public_only,a15f6e0f2af497ea3bc5b2c1fd50df5c784827022a76847f136dde0b4eb78d41,
75362828ad5228aa9fb61a42d3b616bafaa93656bc6c5a25164d51d634c5f445,configs/experiments/ragwarrant_generated_answer_quality_v1.yaml,public_only,b681274128896fc260a2075ed8140e6c571d656578ed7d953768e87ffd51251e,
3a0b64916c456fd1137e3e98eced2030d19ead3293b896db1507b84fe997a383,configs/experiments/ragwarrant_generative_llm_validation_synthesis_v1.yaml,public_only,71ac9714245a84d4e1cf54489c24d049c97de13fb487f13418871b3d89b3d902,
ba9f1a119c4eceb85f7c95e05eec3a1033534fe6cab4de7b02864322e1c2dc15,configs/experiments/ragwarrant_generator_cost_model_v1.yaml,public_only,3eef06e9d64389251d3ce40381ae88262de32f4841f4007018f3b6c9508569ad,
a917d243931c60573396c3da78a61a5728afa063808f4597215b72dd2cba4e3c,configs/experiments/ragwarrant_hotpotqa_behavioral_governance_v1.yaml,public_only,98d00c9150087cb3782ab98d290697c49655b226ffc8987a2d2fc7f29d5c5260,
8e077e7a161db46df496f86ecfed2a68827e1f0dfd875ec83be901527cda79ea,configs/experiments/ragwarrant_hotpotqa_generative_llm_validation_v1.yaml,public_only,116b1d4e0804a6ebfad832745bb104b2ffb73a55dc0725b7c4dcb2a9aa679fc4,
8c564689d4bc8ee9320a339e6c924838298104657953aee91490279f26c317cd,configs/experiments/ragwarrant_hotpotqa_generative_quality_signal_audit_v1.yaml,public_only,219588bfc36523ddf461c0c056dd232b9c9e718a5ffb26df159fd36cb9aec7a0,
056ca79d552dbe90a9d2a71bb39cd1c3b05a4d49b48984ee3c7474c5f258978c,configs/experiments/ragwarrant_hotpotqa_generative_quality_signal_audit_v2.yaml,public_only,22067defc58d1a695a81557efed4c8cef0e1f22c8ffd77ff26a545db14509bc1,
cc3866bf8c71817214db1919adf69fc7f18504e43077698840dc76cd4bfc12a8,configs/experiments/ragwarrant_hotpotqa_quality_measurement_v1.yaml,public_only,0fdf76f2bf0e1673fb876be27a081a4d6d09373ac2427444db19faf536f83521,
47d9a98fbf5f26c49c3c7bb76f2c9eddce977eff0dc6ca7be74e75f0b76256c2,configs/experiments/ragwarrant_human_eval_sample_v1.yaml,different,8223082f7fb53a6676e5fa92b8c1c8c63d8dfa8a3fcc8be3b365d4fc47093a6b,a7c7c5f3193bb5fac30b326634264881c75f0bba65692b6ae8282028613168e6
ba8ce829c36e418af1fd8dea918d934e6e443849225da79e506e6664fa80f9aa,configs/experiments/ragwarrant_multi_dataset_behavioral_governance_synthesis_v1.yaml,public_only,924f10400c7eedb53681391d888b3c1c8e2aa6f92ffb3a17ad7f02317528d83a,
af48650116a1ead525612d16311ebe0d883062209920e92c49a408ac6d6608fe,configs/experiments/ragwarrant_open_source_arxiv_readiness_synthesis_v1.yaml,public_only,c489c3c4861eeed9ba875b811367cb5044cb4e4b044326036b2803df83b68603,
848d54918f10848e163014d403b0d8473a20b58739d0832f4f0a2b3f2a2d374f,configs/experiments/ragwarrant_pareto_constraint_baselines_v1.yaml,public_only,a4a533f563671461478308f8c5cab8c6b8104ff2b403792fb95ffa71e6232643,
18c99a0446ccf1731cfe76240af511b82de818b0898c0c013df29ea7d78f1fa8,configs/experiments/ragwarrant_public_mini_reproduction_v1.yaml,public_only,d873dfb48891b0c91fe7a49377f87e73e549d6c394724015dca9066352aea117,
3033adc09b59e01dbd0f6f0c893e6f81b36c06cd49941e5adbca89209b4649c7,configs/experiments/ragwarrant_rc1_arxiv_readiness_synthesis_v1.yaml,public_only,cdfbe2be1d6309757b65a6cf31bc94ac98d88ff1513f8849adab1fe45685463c,
37b61eb79ac3e433da05665c94a92c39422f6b3e9fd5a54fbeff0bfc745a2b19,configs/experiments/ragwarrant_real_rag_reproduction_v1_confirmatory.yaml,different,c3e315eb7e93831dace09eb96834a2e76d1c3073944e598f3187f42db78788b9,0a240e453eec693f97b16e8493f991761fcee8af16611fc23884466a95b5f644
2d1946c8fd8e44b7102647ae04a4b14af54a1d0eb72b0492f29ed984b7009390,configs/experiments/ragwarrant_real_rag_reproduction_v1_development.yaml,different,0a8166f0e8e4067c37a4b0d409f8e9af80e38c407ef82377d08136efec01cfd8,e1be5e50fe253e55f781e127e24586f47488aea0d69e04cea81483fcee99999f
bd8c6718fdb47bae5afacb993817dcad5f9a5818de0fa878d9447393067ef4df,configs/experiments/ragwarrant_real_rag_reproduction_v1_public_confirmatory.yaml,different,ea30b77ee42d98a62cda4286c2ba6e779cf66d1014ffaf749a7ec93373fe2c03,3887d19078baa0f1669f6cb3c07cee1486f38494edfedf66ddc8572ce941b9c4
43f0697a411835293aa1eea0fe12a108152c326a912e4e769a5a0174eb7340be,configs/experiments/ragwarrant_real_rag_reproduction_v1_public_development.yaml,different,e88552d4882f87b201406e43e692bd8bade372df2b2096fe77e09db7cd2ae7f9,1197a3e80193c40341568c973324424d772dfac2a8ea55e24352283b071f2875
2ad3d0ee49ef391016be350d19fcb915bed8382d6d6324682921462ebb4b7673,configs/experiments/ragwarrant_real_rag_reproduction_v1_smoke.yaml,different,79a865e4ad394484c01581c2c84d69d92269c72f4db6ee221f4a7bedbe3c3bef,863debc69928c976a334fefdea061f949ffd08b53110f9f2d9ace59bc6701722
2804a134cb2afa4e92ca9311105ce86efa56b02b0c706495f09bf976047d5442,configs/experiments/ragwarrant_release_candidate_v1.yaml,public_only,20d22e8b39bc1ba67950ae82a61a140f3500d89c5322fafedf470c571dd21aa4,
c41d820f476695c052b56e6e216290376e8ed08d69e98efda35b7cc721a5cdd3,configs/experiments/ragwarrant_selector_ablation_matrix_v1.yaml,public_only,f987ac55082d69e1041baaa6ce1bde719c85e9ac6c458a79ede36fa473b88cb4,
82eb268a9e331e49d8bc26f2fd81d31f1c76c6dcbfacfd383d3a2efb0a1ba962,configs/experiments/ragwarrant_selector_ablation_stress_v2.yaml,public_only,4f60fbdb3417fc2b2a9022f4689020e9b04a22e117afe13413ea0a545516b85c,
e8171913b9bd318ae9bca7daf00f9b56ae21dc8e4e89634f038c9418c3e83106,configs/experiments/ragwarrant_statistical_audit_v1.yaml,different,2e813a8a5e8e3d2421db3ea2622f7d918997b0ec8618df81848cc75bd18c0a29,46fa164378338006398ee7ce0a97149a513fc61e93d3e9b2b9c175d26c2f6a77
191e9ea092d799c60dce85af4716d1f2d12ad8c10d6e69fa799beff2fd2d943a,configs/experiments/smoke_energy.yaml,different,c4dc0019c1555247cd445d8217fdd6dea7e3dd2783d73be820f8cb7eeafad4b4,0547128311ff8245adc57ff20dbda1a31fc5ac2a40f9d9e23bb9489c451a2b6e
e127e65dcf89987b10678afc4c70e3e30191c1e69c895dc612673a1ede5f624b,configs/experiments/snapshot_ablation_matrix.yaml,different,229ffa3834fc9a0188ebd380f93503f57a5f4dc87ba75eddf6ef6e834ad4d6b3,84b5b9b90100e92a6ab3ec6f654e1ded517239e23e10302172fe98153b5e675c
162a5c2ea19ecbbaa84b6965acea5644a2e846086f2b587c8b79ede0563d4254,configs/experiments/snapshot_second_pass_telecom_oilgas.yaml,different,cfe2ffd62ce2ae8a2ac6e5e2e825355165444e95b0568618130a135bc6f24b62,2af8cfbb49f4ae211e37f7e3c87589e21559b286f1d439ca607e6af521696603
7ef8a4037f5a5d91da24488a7a0072a007f7dc2d4f79b9ad23a01814f0e5fd71,configs/experiments/snapshot_smoke_energy.yaml,different,fd9753caddec9ade78ae0d9fa922ed844eac40e516d4f4262e2ee513d0bcc3fe,3e5c98f977136244fd8743dfc68e9fffa9949a236ce53c1be592b952e9c776b9
bcb053bc888dc1e57f91c3e5e65cd25d3163dbaae48ae29bc9081816e4dc434e,configs/experiments/snapshot_smoke_telecom.yaml,different,c71b4def5fa03d05a9581dad80519409d088b43d4c8c808bbe0282eb1a9f0315,dcfac7d266f66eb8592d8c9ea6cf96da8de8dae89269f8528f91d3cedc4cd32f
b4fc66e19533351353409e7886318de2aa759b685f2c88975c8d90de8b1a314a,configs/experiments/snapshot_synthetic_diagnostics.yaml,different,f2d63773a031bb8cfc9d9aa41ae5f04173b9e59a4f802a054a4592de3d2cb5c6,473e6401e93f03aeefe6f125f2c217b3f6f57c9949a28b6702984b2e27782d2d
176abe2e9a276acedc40563494e117a8248a321c148c611eac3370f12e1140ec,configs/generalized/datasets_generalized_v1.yaml,private_only,,f351aedaaa71bf9c2397fd412341b8ddb330f4026f24ef942c12c2a96cd69089
5a993783f7eccc26ce3de2bde6d6bbbb7ae48fe2739ee7abb13f3ff6fdd649e0,configs/generalized/scenarios_elastic_compute_v1.yaml,private_only,,61da6414eb96b781e57a09bfb82a87e937fb45d285bb720986c05a3d0f4777fc
2035fc982fa2eeee2f401aba0c976413e7dc68e980e98fd3f7af643be7be3964,configs/generalized/scenarios_ml_to_llm_v1.yaml,private_only,,5cfcce596d1f17a3ee35e7d6a82e61eb37ad37ff8a5395f5ae815046e8896425
b662124d367a6012ec56fd34080ca537d66f54d0e577592f0ee2bd1e4b87e4cc,configs/generalized/scenarios_patient_flow_v1.yaml,private_only,,580ce92f78fac0988e877ce04bc3028a36303dc7884fef714f7ffd22f9133e68
4a8491417c710f3a179708f24a32e2d0d48583543087baceab84d649a8f02001,configs/generalized/scenarios_rag_v1.yaml,private_only,,f9506d368b3cc973bc4265f45b1711fd35a3db18c8bd343c737d0e9160a7d3dd
ba80797320fd7cc39c7a48d55f824942715e731f3e0c3869df51e68d871b46fb,configs/generalized/<removed-lineage>_tune_generalized_v1_full_matrix.yaml,private_only,,4b3f9cdb87df1d92def7100869be1fbbbd6a2951b1d12a28b77d512597d7e2b9
83fd70d8c05ea00570f96aab11f715c32271d6b2b3bb0c3bbc9c6b17ab54a12b,configs/generalized/<removed-lineage>_tune_generalized_v1_publication_bundle.yaml,private_only,,082c709686937309a4adc95029a1f4c79bad5fbf5e521ebe7cb48d350ebf8e7e
1df299128b23290cec7db719097d8e2b440024657e9337f07f509cd37e2c3716,configs/generalized/<removed-lineage>_tune_generalized_v1_rag_robustness_cost_sensitivity.yaml,private_only,,bdb92682ec6227f1e7fb658afe52ed9aee3b1d8cf3090c6a177789e11179c0c4
55a026f1fe58d8908e3ee1ce14a351754b8fbfea9a4fba8995e0c310452b7244,configs/generalized/<removed-lineage>_tune_generalized_v1_smoke.yaml,private_only,,8f93973de06b291ae99214c935d3dfcf51d71d80c75fe97b906c16efa3b49611
f347e5d80379740ee625ead020da16dd36a388f9def673316b9fe1c0f4e3632c,configs/hardware.yaml,different,28e461b8bb3c054ab778e0aafce07c29ff1fbd37b524cc28a8632e73a9274548,3ace0355b3b4b60ae9a0eebfe6d58811e9216cdc3f238660106f73dd28244e74
9b9ceffe5221634cbba3f7bc599ab48e6a84a97d813e92c0f734d9323bd21eb2,configs/jobs/public_mini_governance_job.yaml,public_only,13823f154612dff1fae702b017dc75789dca90eb1ba63800457d48dc245ee94f,
92d99891caaecd12354030dad5ab5effa79d361c07b618461e8a0b956a55da1c,configs/matched_cost_rag/datasets_matched_cost_rag_v1.yaml,private_only,,e8af3f7c7c09de85754113817583f94f2851a8b607b501c32a2be63ada4f0046
f5f4e2ba3c0ee061c2ea902e3169394f74f9253289799b33f88c6dd4fe581cc7,configs/matched_cost_rag/scenarios_matched_cost_rag_v1.yaml,private_only,,25aec6dda2b60a2a903ea4cd17b193c049b3e33fdabb9c565a6f9469c8ed68a2
abceda8fe2d6c61ba23834a64097de2d6e1d3ebc48aaf7a341890df8f3efbc00,configs/matched_cost_rag/<removed-lineage>_tune_matched_cost_rag_v1_full_matrix.yaml,private_only,,0b51f83245fa614c3302775336cb5216d422bc70bab0596a9747e1e4499c7b22
7f58aac866628caefdc537cdc3420ed0bd3a544cead9a1c7100731e79122f77d,configs/matched_cost_rag/<removed-lineage>_tune_matched_cost_rag_v1_publication_bundle.yaml,private_only,,6fd45cd2c9bd708841a1e7accf06cbdb733c5c8cac6b29134e58edc038b457ef
3ba2c97886ab8e05cfb440d7b18caa23f7b1aad83fc598b09d886d83890e78e7,configs/matched_cost_rag/<removed-lineage>_tune_matched_cost_rag_v1_sensitivity.yaml,private_only,,22f37f9ce80c459a1be2aaa35d184a80a8a55bb43c0f8236fb034f2b8f72ccb3
e40e21bf2a8fd1f57770fcfae67d79aea01e37d1a428bd9e13c894db235b36e6,configs/matched_cost_rag/<removed-lineage>_tune_matched_cost_rag_v1_smoke.yaml,private_only,,234c7a02ba0f3d4ccc69695a303d46a44c42621b3d7342e0cd69d1d76add2372
021d3b6b447623f4861a5001b919c8cb0e24702e498c1a3a9b6008f205a7c5e4,configs/next_sim/adaptive_escalation_v2_full.yaml,private_only,,bd538636fe0785ac59dbf8534aa5a0d5e5b6c8578cdc28f5f19fed7e0d18f13b
2ef1b0e58a8b3ef35c0bf22aabbf94461b8d2ed53c7a50e64b04ce33d7e16b09,configs/next_sim/adaptive_escalation_v2_smoke.yaml,private_only,,5e898f7403f196d8b457474a8b3f6bd48db6e14ae46641bd94b0fa2fbea150c6
a4a3e610fdfb4d2dcb8668ae43a0438258624731e64a116ff91c74a8f763a309,configs/next_sim/claim_level_faithfulness_v1_full.yaml,private_only,,d47752b0856f026a6608fbdc3d9838b9e66e0f713ef53426e35bd04ad988a82a
be8b04137cfa7d7e5b14a132716b6ea09eb840430cfbb008bc394d91f6ea57e6,configs/next_sim/claim_level_faithfulness_v1_smoke.yaml,private_only,,90ecbf5d721565f6c44c955d701dea2bb84bb95f2e4e8d44b845d343ce9c2657
152786ef3f3fa0b886630d440cde2cb3e9dfc8ec6b5f0ea5aa8885db61f9a2d8,configs/next_sim/elastic_compute_policy_v1_full.yaml,private_only,,d328218484120da595364b30e6ca2e46cc177140c24b8268f9ccd3e2a65e4da7
6af8dd9e38f96c32c5701675980e65cdec92e1a98ff38db79f9d18e1703f136a,configs/next_sim/elastic_compute_policy_v1_smoke.yaml,private_only,,ab775d098791290165ac11fea7491a4117d6fd837219339281b4654e104b9026
89c56b7f6756a58e1bc82cb0bc6a2ab0e0013629e47c53172dc53fb9ba1e1312,configs/next_sim/no_fork_robustness_v1_full.yaml,private_only,,64beeafa89245a115a240b807b833f1ab37d91f3c362c598742bf0c715a5bf6e
a8937b4dfc404ec751c034ab85dd6fa318dbe2d9dda24bfcc1d22cead4ff2582,configs/next_sim/no_fork_robustness_v1_smoke.yaml,private_only,,a06fef72ef0812692014b3dc6709f77e9e1e1fe924a95ed462c428f49b3aeb90
1af33dedccca16c9ab7b00ae4b6787f2ae2f57d04135380a627ed464ba9ca30c,configs/next_sim/rag_hard_subset_v1_full.yaml,private_only,,59c1aad00013b61af85258c1c6cbeeddc7146752bd0f5ac13267673c398b5a5b
6431fd469a4b2cab4d366f832cc23f647a69936d96b286710d65193c20e26163,configs/next_sim/rag_hard_subset_v1_smoke.yaml,private_only,,98ba341ad3066a971fb2909c10b03f881f56f2631c0d3930979931b2ed231c3f
b40a0a509ce8d9a6e8223bd1983ce3032c83f58921ad08cf81332b6a5191c1aa,configs/next_sim/<removed-lineage>_core_v2_closed_loop_targeted.yaml,private_only,,ff017829ebc1486c8b35dea459e064b860578383f5929190c99e2a9dcbf84d8b
85161d4dbb74ed9cfa35c9a86036f3615c4fb471ff6eff8fa457c5b79972b88d,configs/next_sim/<removed-lineage>_core_v2_field_substrate_targeted.yaml,private_only,,5e5dec09c6da9f218c1709a7790b0830f972ab1d17249e94b19d40ecd0174f42
6e4e6c70dd82adb788e9905d23fa945a8d76dce0e5e8715c67c4174cba2e1270,configs/next_sim/<removed-lineage>_core_v2_targeted_full.yaml,private_only,,620e847ddffafd1e8de45fcc83804f7421a91bf7c7e2b57c9061fb499264fa1e
7897336c48321b5f958f9c9e31e5402f2d8af1a8c700125e49fd682d49550a89,configs/next_sim/<removed-lineage>_next_sim_v1_full_matrix.yaml,private_only,,edc6d7d0850a5632cd372668704b994668405ceaac3d5b2dce002ddf1b61e9bb
9569eb2fe558710b716314ad7aa496adcde5a24efb9d27a1a0db4312753a397a,configs/next_sim/<removed-lineage>_next_sim_v1_smoke.yaml,private_only,,09f606b59a24674d1254054c77f222eec1b15c05d7a83d8bdbad253c376ce23e
20d3b3fc979c7ea5b75d3869c4321d17d18772c76c931be433299cc84d523b5e,configs/optimizers/optimizer_registry.yaml,different,9a4bf3bd76ab6fbd15fa8278f6a721d8749ef03bb1609b7e3ba2615d86013673,138c1139e3c034f0600f25f7f249d446b949b3b65d829f05fdfd958dd642d519
05867171d6e4144f5ff49982815e28a17da25c82c8782cc5b70c369a63b32cfd,configs/<removed-lineage>_core/<removed-lineage>_core_validation_v1_adaptive_arch_full.yaml,private_only,,99b4f2918858fac8e14c5a3bea137810f936ed6d39188577a9cbf9395bc534b0
f4b4a10b96586570120e97af7b81cb933a1f2b32dfee3011a7dfae9a95b6c7ed,configs/<removed-lineage>_core/<removed-lineage>_core_validation_v1_architecture_evolution_optional.yaml,private_only,,5e0a02359abc9299e9415422b904d45df240e6d93d4336caeab66e120b21f3e8
9f096bf7e1bd6fa5316a2078639ff89493d689cd9b2bfeb8e949ced65fe75092,configs/<removed-lineage>_core/<removed-lineage>_core_validation_v1_closed_loop.yaml,private_only,,0711d36985bbbd696663f2ad4d3761f051d1c7ee2c80ae45d3f051943310cf54
b1daf99b7390c98b9d2eb436880992c1fe1ad14d5a18a3381c5e9e79778a8472,configs/<removed-lineage>_core/<removed-lineage>_core_validation_v1_field_substrate.yaml,private_only,,692a8ce66c16a45ebd834be3efc7de9fae83f40654875c14b390f682e8c8ab76
7c33427ea9a938442fbb78417a8aff9cffe31892c006607f68cbb229c3f6a5ec,configs/<removed-lineage>_core/<removed-lineage>_core_validation_v1_full_matrix.yaml,private_only,,32feb15d9f831c56b3c3e78560cba58fdd5b9557285b02d8599ea57ced12d06e
8729f422705af6d1a321f080c337d0cfbebc12444f1653636eee133c337da03a,configs/<removed-lineage>_core/<removed-lineage>_core_validation_v1_quantum_coupling_toy.yaml,private_only,,5253f335eee50cb04d360ea41485b509c82b36c075902f6190fdf0deaf8f4b05
af93d7f4103b2aaf373e0b90ff1778e70454a3e50e45cc6a20ff3c8172b0cfde,configs/<removed-lineage>_core/<removed-lineage>_core_validation_v1_smoke.yaml,private_only,,ddd879d9101c58a259194ded43685e41929ff8c0cdcce9ae4625ddbbed923045
21ecf45c8372e1456ad5c025267047130744f25c9e3a5d2b945e373d8520060a,configs/<removed-lineage>_core/<removed-lineage>_core_validation_v1_soliton.yaml,private_only,,3f7fce271dd3b460bdcb3a1de6f3f8a64b130711c151de64ec0239077d2e2564
84b9ad1f9855b52da10f31d3ea44a48b4400de7994e9b4291b1220124e64e5ea,configs/storage.yaml,different,3494d3cf82f2e646d156d84ab7dfccf957322c81678b82c0d153b25fb38c3b5b,840156a3e777100cae3ac7f670feefe64a27d7cc6617317786c616022669a16f
91f21f14ce30d90c1200b54a6289e5bc48a611ab5b9fd2c4da210a591d8b5638,configs/tune/external_adaptation_example.yaml,private_only,,e79e4338885bb18df0f5a8087892b0413c66c1efc85fe481e27538b07786c7f3
f81f25872d3ef63af8b81ca9e42f6518906831dd9b249c6902b9d4c37e39331b,configs/tune/external_transfer/datasets_external_v1.yaml,private_only,,3e2784bbb65c6ad9e316bc5e232e7466260e11db776559fbda5312ea2689aa32
bf3ad441d1422a0a9a067a3946d71997808e4da9b3f1dc8acd8878f867d902b5,configs/tune/external_transfer/datasets_full_v1.yaml,private_only,,e85b0fa6837585a50f153dffdb86407577c74be8771d46227f4a6cddcda2fdbd
d692935ec80c62f16ebad52fb70a789632ba18536b266dbc99bbed9863d9a374,configs/tune/external_transfer/datasets_minimal_v1.yaml,private_only,,b7a36c5d5887c13131e619aba03a4b461de266678524c9e68d6985bf249348b0
425e2addbe4940f26b009f95cd21bce24dd0f42469bc2cc985edae42e1809d25,configs/tune/external_transfer/datasets_optional_v1.yaml,private_only,,f5543aaaae168386c8dbf962c8924b6dde44b07421db0145fa87dc1a0e461768
6b385f0fc50b5f03961eea4c382643d22f055ade7f44d2d98297bde5f52a8d47,configs/tune/external_transfer/external_transfer_v1_cost_diagnostics.yaml,private_only,,648d1f0538f49a21e330889a6aea44a824096bdcbdae2a7880e922579d94fc93
a60f0535073636ca08dd05d59aff8a38200a9122ad0b6e463f6c634998b24160,configs/tune/external_transfer/external_transfer_v1_data_curation_only.yaml,private_only,,1db3b0577aa3eeafc51b184c5300aba37624d46b313fd8b76a093177adc8aa4e
e809e121cd3f557bd5592da853c9e28d4f1fd5ad1ddc10c1140c08dde1b18de0,configs/tune/external_transfer/external_transfer_v1_data_curation_only_full.yaml,private_only,,dfe3c849ffdea949004e3605059446d63fd21ecccf8f0b9ce379a27b001c4be4
d1f5f67211f8b5efc37bac3b61bd7131f912815ff8db75286e1763b953752c97,configs/tune/external_transfer/external_transfer_v1_full.yaml,private_only,,5ad6429e2db7692c0a13f2e966d2fd258613a171506ac42c09fffb952f5d6343
a255cd1c01f2509e60a74a8a0310b58b1ee4e5f5fbd8803f6565b29970a81c60,configs/tune/external_transfer/external_transfer_v1_full_all_available.yaml,private_only,,25160c3a1d3dc7dfb4c9433d586c657b307e3834d6ecbdb8d5caa31c758f75e3
8c2dee1032464af3a4ffad0281bbb636c817c83e9158b9bb8fa7ed7fc5fc1cd6,configs/tune/external_transfer/external_transfer_v1_minimal.yaml,private_only,,24c2b5b6f0ed7e2fbf88345da02827a251c8045c585194e725380ae266a8856b
d938694bae4303176b3940bbd88fed620c504532937a8a569f0b53331e95c5cf,configs/tune/external_transfer/external_transfer_v1_minimal_expanded.yaml,private_only,,8037089545bdc668135458a88792e8f0ee430a40a9f57c7050c2db78379d68ae
8e31f815befe4316ba01ce95abc820c58ce97ee851c07f9742717b8139a2ba1f,configs/tune/external_transfer/external_transfer_v1_prompt_only_full.yaml,private_only,,02f7777bb38b697cc5a1afc956e9f669de99fd7a811f43df04c7d9482084b267
eb85fcf6337036fe706134169de2eeb86d36b4df1247d141a58908e43ca5061b,configs/tune/external_transfer/external_transfer_v1_rag_only.yaml,private_only,,ee43b3efb1f4182049ed219f9f677b419709df9a71aedcd9c86df46e59692780
0904fd83d4d5ef1e26232e5458b29af32595dda5dd2558d2aabe4000e873cd97,configs/tune/external_transfer/external_transfer_v1_rag_only_full.yaml,private_only,,3922b6f6051be021ee50d0b9321b68987e97ef877998536eb27df82dbb057923
e2a2f10f5c27674b3d110b503a44312ea6b19832e77bb2716fab4bcf55897f78,configs/tune/external_transfer/external_transfer_v1_ragtruth_full_matrix.yaml,private_only,,8af1de035384ffc6d08e26fdc5d4a44a2bf694c02be1607c17f146aa3dcf7be8
eca136ddc811867d13c5eb2ef13093c78148281cefca5014b5fe1cf3b6a0e251,configs/tune/external_transfer/external_transfer_v1_smoke.yaml,private_only,,e63c023932ed16f5ceacdad02072d0d21eda77148c9bf92674d849caf816351f
b85a028e0241c3b8343f1197c45112c6a32c301cde1d4111733cec29cbf49c32,configs/tune/external_transfer/external_transfer_v1_tool_only.yaml,private_only,,1e8773b42f31fd8d9f7a2ef9172d4d51514af41ccaaf25623dd155fe31f981a7
704c1048c35fbccda332fd30be1c0474bdb3f083e311b3ce872c7b3218588206,configs/tune/external_transfer/external_transfer_v1_tool_only_full.yaml,private_only,,0a843fa633406c02232b92bc1b3f32b14e514bc83e6b5c80c34f53f14cfddd30
991d708d5298306a77a9f3d3762d82640b011a85b6397560e8c33b29cec04a91,configs/tune/external_transfer/external_transfer_v2_adaptive_compute_faithfulness_only.yaml,private_only,,3a26aa61625059734000e2f55362fadd4de7ba4c8533a66d2ea71942ab68f07c
f0dcf8ea5b2afec81820b041abaf94152ce0e1f28914dc6c06732e45a0c05e13,configs/tune/external_transfer/external_transfer_v2_adaptive_compute_rag_policy_only.yaml,private_only,,2379e3da322de1b6fa73918fa82600f91a28a977d62ac5c0860dd16835003683
66cc895a587d8781e925e44915f6f21145f148489651cb30211002658798f08c,configs/tune/external_transfer/external_transfer_v2_adaptive_compute_ragtruth.yaml,private_only,,aac731bc9767e61d37300a105c681dcfebfd96f91d3451a1e2762c8b39fd9efe
e5a9b8b2420b553bb421c3e11198b72168b37bcbe662e5c5008d6fee90b38cd2,configs/tune/external_transfer/external_transfer_v2_adaptive_compute_smoke.yaml,private_only,,789d26f43c3c1ef4d0f5d24c756056c91b038a56a7a103835af72330ddc6a925
a5747bd1eb20c4a0410db701de67f28b607516d7a466da3b46aa6fa2d4b7c2f0,configs/tune/external_transfer/external_transfer_v2_claim_level_faithfulness.yaml,private_only,,9b1fa78f370b988354c6bb1cc517a3f6efe4b2c0664d63e6f2b3d638737d3d07
462f1de6ad8ad03acb8b1e873f5111903cda3191caa99e4e86a3424da528103a,configs/tune/peft_smoke.yaml,private_only,,a57e508a81bf9d31bf9384c176ff5d8222f5c3dfe6bc49f8aeb4041d9c5e31c7
767c9a759aa7026b476c214f0a8e51bbb7de2687e337001c29333af9aaed9154,configs/tune/<removed-lineage>_tune_calibration_v2_controls_only.yaml,private_only,,6e71da3178e3aa52f3c396d11e609b9f1471fb6e244c8add8eb32ba4db318cdd
ed3e1a546e27152490e51c39ee1c7be96fd601a889bf7f7c1ed01ee092028432,configs/tune/<removed-lineage>_tune_calibration_v2_matrix.yaml,private_only,,835080f6bfe1797b55eee57d185474620408d16a1a3e45532aec8e91123f37bd
f54f9969fda237cdff8b2a5d6966c204592cfdc25072f0ad009ac70fe48477de,configs/tune/<removed-lineage>_tune_calibration_v2_smoke.yaml,private_only,,3dd44648bd4c174d6c424f88467cb763777ad47d63437575dc8da8431827c3fe
a101bda3c02b61b06cf79e96f7c164f9fd5be29f6e8dd7b8becfdaa11a09036b,configs/tune/<removed-lineage>_tune_commercial_value_matrix.yaml,private_only,,ddfd49bc6467af86ae4d74e2bd830f19b679b44387aa219a5cf289e33cbf32fe
e8ad7c778590e31ff9952a152a20092d6602ffb81f5edc43c77b53778781f7c7,configs/tune/<removed-lineage>_tune_mechanism_matrix.yaml,private_only,,056a5f161387055c1e4432357a2c0cd50bad417e9437a502f05dd2037bfdb953
77cd706d11680abc109f311b9a048174488f38e6d54a9c98b81d4500cf9b21ca,configs/tune/<removed-lineage>_tune_smoke.yaml,private_only,,3520a664ec333b30875104cd43913b7036997c3647f8019db46c2370bee211e4
5ce7d9e70a3cf3874702e6098869706788f0fcc602b032aad1ff10a1b12cecef,configs/tune/synthetic_generation_llm_tuning_v1.yaml,private_only,,211aa4e58d4c4c5f7e0e73bcb3f5c3121e40b0e348c0b458a94b92b57a6fc2ab
731e8ee394438ba1d3429e9f45bcba9aa34f7c8ee4bd3fff233dc33cd7c54b1a,data/DATA_AVAILABILITY.md,different,edd2bbc57eae8b963555233fdbc61b3122624290d0c4aa520697898f7ad7d689,c05b0e1111e74144c5d6c694bbc5ed158de7ac30ad2cf6b9a37804a10b04e5e6
5462036844455e7db169c073df0d53d028a1d23f181cb5c291d19bdcb84a754a,deploy/aws/README.md,public_only,4a7f17cb39ea5f366da7cc6c7801ba5d9c8c85d4a8ec74a6f416ba8e18f26ba2,
d827491a307c4b9d1a13a5782ad8b38fe82b99f73dc18dc96f0ab668247286bf,deploy/aws/batch-job-definition.json,public_only,16fd3930eb7cc6e3bb6bd3bd22a2cd22b24f2aafed0e550cdcf32b545018c0ce,
d5c79163d5d92b6756e77590bbb139559437cc7c21a1d182f6850b3290084080,deploy/aws/cloudformation-batch.yaml,public_only,47045e66ce94cff2853ec7d36d7ecfef81f3def52d1cedcaac6c8d710021606f,
d32fb2d57b6a77436334d28e5b23fa7da6f6d0d7915fddfe58280bd9ef7dfb12,deploy/aws/cloudformation-ecs-fargate.yaml,public_only,757edb4fa5a5cf8f720e8b8d358e203ddb0a59b0f647c55cd9410d234f023454,
7c7b42a0e4c2651b868fcd3619e269f1bbb5c31a808e91a5ec497e473b00c0dc,deploy/aws/deploy-ecs-fargate.sh,public_only,64d3d8420620127d6329c9f6c7f812c9ebdc0664ae175de4c1cf0c9d81165b90,
c60712ee279557a0e48bc022435650272328efe5a6844660866fad0b47b65a9a,deploy/aws/ecs-fargate-task.json,public_only,0cd1faad9e50112a07223983c864170bc19cb88c90b67d8fbba913a40cbbebbf,
6884180ee101794ddfaf120ec99aa6a4f16f6d3039da69662cb76c485bc0d046,deploy/aws/github-actions-aws-ecs-or-batch.yml,public_only,cf89de11e29408f9c49d139e07c05cf226958432c31efdca7dcc0eaba1aabec6,
d9151fd3545a03d68e388e7b996bca7410fb2ac8c9e1a3d952451d640e285e1d,deploy/aws/run-ecs-task.sh,public_only,16300c2331757b8fa082bc91d4a55c26b4d2bb93ce6d72f36fb0adeb2e9c827d,
94045b992a3b5963621a76cf7af53a0a085fcddc5795c494b2d5e84a8797bd16,deploy/aws/submit-batch-job.sh,public_only,7e5f5ea0e068bca75311a82efdff8b1ec1bc83f8be43fddab432ba98f50c3a80,
823dfb2e352c7d7e57b037cb3e9e0d9375da6a44ce4eacab448ac8b557446c01,deploy/azure/README.md,public_only,b8eb61059f41fa8932c328f73242832a571924201c485323ef7bb3c7ee171378,
46a29d8ecf91f3d213577d3eac9d1c9e21a7dab2c7518d908a5619e22db66f90,deploy/azure/container-apps-job.bicep,public_only,45fc34b610b1b3cddc4e2132731b615a831cba56bb3f97e3212609871b994b43,
5ae5466b1d08e0c23129a71925bf0728f72d2d1261ddbda5acfb555ae9aeed01,deploy/azure/container-apps-job.parameters.example.json,public_only,bcfd12a53ec114a528b1e7591f907d24933f8e45083c8c053ef55bb2a4cbc48e,
b5df257d38dcc5c89773dc5b849d97a4d3908bcf3316876b289b9de0ba66505c,deploy/azure/deploy-aca-job.sh,public_only,9eb426fd5c246e545b482570ccf1f3f8c0eed5d4c865f31932596650bf6d49de,
4e34e65cee73bd5ab8ddc46e858fe182f55079beb87ce37c43414e423fe290be,deploy/azure/github-actions-azure-container-apps-job.yml,public_only,9ceb2fc66c557631fb3d0aad3e6e620ebd8a7c4160860ff801b5f38836119e5d,
f5c74632cf15779aab7e7795c3744f0e80f1a8c127ede1971164939279a8e9e6,deploy/azure/run-aca-job.sh,public_only,391da0ffed00bdfe9610eb6a69443296d5ffe48bb1a9a8a63aa158c2091d876b,
c8d5cbae66e7ae41d93775a3388167bf0ffbb22aebee9cb6133de76f079ea14c,deploy/gcp/README.md,public_only,7b30be759f955c6e57002ab2d6f9a76160b89eda63d4506dc30726b3eccd576b,
edb5716f186a3b5887a55a79a0a39d7470dbd35ade0cd04405f56fed83d509df,deploy/gcp/cloud-run-job.yaml,public_only,58a9c820fe06e7bd6da11abbf05f94441a915dd06698bdcfd3b2375df33f2130,
76140053031ac6289b0c7406963b50003f3b874cd45c0b403b7d365a2e7e517d,deploy/gcp/deploy-cloud-run-job.sh,public_only,eeaa94903f5057f882c9a4defd22d1672c7ff6bbf6f6286847a54964a6f398f8,
9a5b4d3eff56f3a632f18d890a452e08b787b6b24d34e9bc5ea17f419d9a54c9,deploy/gcp/github-actions-gcp-cloud-run-job.yml,public_only,fa60674917ac551594152c669034f47151d8b5a05a0a7db99be269a8169f8e38,
623f097e330f7d94e766da397ebf5ba2b04a45e656da49fb86fc6b2f439f1ecf,deploy/gcp/run-cloud-run-job.sh,public_only,07f836c6a7c3b17d0263eed5d1471c993f9bb69e24c91c1c68443b3604211222,
2e719d3a2d0eb14003bbfff0250b98515721c5618a747cfe8a90520ddeb394b5,deploy/gcp/terraform-cloud-run-job.example.tf,public_only,8ebf0ea8c271d2e1028c6b9ce0d11cb292e98fb292259da8d06ed71becb32a13,
064774d643b41aa09f1866c9a80dfeff90cbb8dfb4d52800eed407aabc7e6e66,deploy/github-actions/README.md,public_only,e4de774c9bce9386a4366cfc8ed872f48282e1a935a12c72b625a60b386b81f2,
359ccbc464fdfcca6df9afa54c0c778d14191783f7b15610c0905312c3439612,deploy/github-actions/build-container.yml,public_only,7e946d0df701cd2c17bc28808398fc9c405a04f63d7d8a19bcb8b09b3c84549a,
6a7359f8399d497795ccd08d4e6d9da894b19743a7b9aecabe1034097a32e1ac,deploy/github-actions/run-public-mini-container.yml,public_only,4aef47481d1e75b9b5c2fffc24c982d0f764130c6cdd78979eb70747fa4ed842,
5a41b03bfc3334634affa16320fb9a1539247078ec0d53439a505d4cb91ae99c,deploy/github-actions/validate-docker.yml,public_only,dfe22f9257702d46c7d045e1c801d9404628160f7f971470e998cf105e55e490,
9dfc74eb47b8987ae54e4d5dcb94ca58aaa9d68ca69a314ca98ec906d6c014a3,deploy/kubernetes/README.md,public_only,d96670d9c0ba9d33e0c467063073c7681b53e0d5f46562be6d9ef9f1d00d111e,
45f67ec744840b926135caa657bc4b697757636dd020e110c3f90874d07a7062,deploy/kubernetes/kustomization.yaml,public_only,bb151ccc6edf31940a31bab65ec365b61f0a4a8b80bffe8e93d8099b922b1765,
247cfa46ddb188ec2c2c8ffcee2dd76f0e462ae5a30ba798c389ce58bce79e7a,deploy/kubernetes/ragwarrant-configmap.example.yaml,public_only,981cecee796b57d1aba21237ca42e10d980f14ba9614c3dfa5a4386146d78511,
e1dfaae4a6373637e0ce10fbdbcf5f18a73dfbeb40a88de9eee5b5cb2112cffa,deploy/kubernetes/ragwarrant-cronjob.yaml,public_only,3b1627d9169220e632bde230e987f9f30a4955d53e8bac66a5e008cfd37dbdac,
7fc0691b3be15d87e4d0a1b1fbc5517d61e52f3683ffd6be19cd51e9e66325eb,deploy/kubernetes/ragwarrant-job.yaml,public_only,dfee2c34ad6dc8dd1864f1dceb05f934256be8f4964c2799ab5466732f0ce46b,
3fbf43b72ee36b90418719710f762f289b0e01681f9b5b80bf87ca37945cc488,deploy/kubernetes/ragwarrant-pvc.example.yaml,public_only,aad97662e0a7fe1fcc36308880e2c8eaa07b7a2091d0a849ec29346eb537d812,
fe52602f40fd8e19fbbf655d511a189b42dae77be85f70e46c86eaa2fd75c719,deploy/kubernetes/ragwarrant-secret.example.yaml,public_only,fd8d40156e488dcaa87d1d315f1a84456ce4a7ff8996ec362e0011d55e53b277,
a11214f29cb6119eb525f88d100f533d72b51491e1268c396c1a7a497807fd8c,deployment_review/checksums/tracked_file_checksums.sha256,public_only,930cec1af5db33733ba638ac03610a24b39d26e77b25c0ff0ef8709d1240e7fd,
d432dd01ef72e6a1f0ac2a9f1c645cfefdc6b58883b5e7608fcdd680eee61141,deployment_review/cloud_agnostic_deployable_tool_hardening/final_pr_body.md,public_only,c783fc5251000e45cb22e4dabb370b2b0a17373bf0ae874b17380ba9f06c63db,
04a14202da151b258b7b0700b5fb338476cfd92bb23e7161e0f6d1e32b3e6dcb,deployment_review/cloud_agnostic_deployable_tool_hardening/post_validation_report.json,public_only,b77a865a54bf72c3e02636e177fe4b7b2d9166fc5dac7df30498feccff34fd6e,
10f0d8f3be35a595df97b47e12dcbf54f329e825ba294b21318c77b22d428ea6,deployment_review/cloud_agnostic_deployable_tool_hardening/post_validation_report.md,public_only,6b8bb91f79bcac6bb6dfb525b827f59b76a9204027c76577e37789105b1edcdd,
91d7ff28f8b61f70fe5cefaffc0908efa05fa7c29194ed9bc049ee0a3bd87396,deployment_review/cloud_agnostic_deployable_tool_hardening/preflight_report.json,public_only,bda833e4babc2d1ac57859577ba1c453523723b209a73d142b2a1fcecf9e6558,
28110c75ffa0d4a135773319b66ab869c944cb0d5cfef1d03770032e0cf8574d,deployment_review/cloud_agnostic_deployable_tool_hardening/preflight_report.md,public_only,85541a10e2ffe8153dd6d5393bd60fc47411677ed5ae513f3563ce5bc2971d80,
0a666cc221ff5204abcc50530d93c7aab48122e4272d6f705c4a7f7f5a24422d,deployment_review/deployment_gate_summary.json,public_only,9e6c2196cc7ceb6d423a84fab5fc29592e469e271ebe0ec0b291a9d3ba82910c,
e522dd3b82019e476e3abbb20f87b6e314107fb1f414247d45d80c4820dae4af,deployment_review/deployment_gate_summary.md,public_only,4a4b93d266729bc88c5beb455e969bafaeb9f5814b1891838e20e0e7ae186c07,
6f8313f909c3c295427382396b57d946daa258f89e9d6614dec31f59e00f9a97,deployment_review/docker_hardening/docker_asset_inventory.json,public_only,12e436fcd61f345015708b31dcb2d7d67cc243c7c8aa9e714a5aeee0fdb00be8,
374042eba128f40c9d14af2a3e720bf1373bf4e0a29fc3888914e9bd8b1d3653,deployment_review/docker_hardening/docker_asset_inventory.md,public_only,cdd2460890c5b012331377ec1184c65652508739e24ba978f805f09c7345bf1c,
dc381d72f6cca60706c025bc70840d4a3807b69a8a6a194f53fe45a4941ae44a,deployment_review/docker_hardening/final_pr_body.md,public_only,0c9abc8a4978fe51ff5584af9c81df0a8f5d3f6ec778a2bcdbea6d5bd79a2aae,
bb6ced4786ea2b77bcd0889b1de5a7e1da88a4f3a3cf374c80fde662a2089c8f,deployment_review/docker_hardening/post_validation_report.json,public_only,d29821bf2154459fbc3589cc87f03b383036946113cb891393a0426acca44caf,
6119c792177b90e5b351f8df29c9f59fd0bb46a8b33c6f754441496565f435b2,deployment_review/docker_hardening/post_validation_report.md,public_only,ff10a75a9f0dc6360ca4136451b33e4684c59318328ed898165c6d4f77655267,
5f3ae32a1a83da1632d0ebe8b80100c586cfb90930b384a38c77ce570b2416ee,deployment_review/docker_hardening/preflight_report.json,public_only,4d0488a45ee347d3aa6cd815062e9c893befeac87bbbd2193cf3bfd81e84eee2,
5d29e55f5c9972d53465ff33f4c5228fd8c5f2e62c81ac46b6cc8edb1d9e93e6,deployment_review/docker_hardening/preflight_report.md,public_only,289ca56bb7deb043d927cc475cb6c05777a76521fb2e392a8b161140bec3d634,
a1455bff7a752fde4d990b3adae18ebbd35ffd5bef1ab6ac916a62bd492e969a,deployment_review/fresh_live_crag_hotpotqa/post_validation_report.json,public_only,b674ccabd5bb3581b0678ab28a8cbf3386b27b7b37113638062286c05274117a,
21f41d77bd2272333fc6579cb520606a57c938c1436d657bfe41039a420328c7,deployment_review/fresh_live_crag_hotpotqa/post_validation_report.md,public_only,530eb55719d1f1c245102384eb43175f4d94307ce0fc75ff027739ff4a6ea39e,
368bce36a1d366b8ec5945511b767fb75fca43e005a608e3fcea04b1820d0242,deployment_review/fresh_live_crag_hotpotqa/preflight_report.json,public_only,a335a4aebe9a41e645d464da56b0137c5053d3d3ac314eec274090ab1ea1a491,
60deb7f1d81875b11f20f60d44aafa9550282a618f91d2ce33b176a064db8885,deployment_review/fresh_live_crag_hotpotqa/preflight_report.md,public_only,bb65ced1658c42cf3ffab9f225479732e600676701fda1ef0a4324accb1be286,
4959cb9d1c335eb44b2b55b4fe277e579d01fa78191eaa04cb4f0a551afcb5d0,deployment_review/fresh_live_crag_unblock/final_pr_body.md,public_only,9c02cad112f229ca384ca197cea13129eb2376a31389c66ee6a003a9b1c47b52,
e990513b3e97852660def793370f5f26f10746ac323baa9b72bb3be796dcefad,deployment_review/fresh_live_crag_unblock/post_validation_report.json,public_only,35b9751ab13501a5196322ac6730e73afd8d80a065302ea9804df3c4405a630a,
cd75eb4749337c9448a5b8866bb83837b84d1b2af4f24016e07299d104b6164e,deployment_review/fresh_live_crag_unblock/post_validation_report.md,public_only,4b120507a202b745ab4208a68f82512225ba36cc7cb1ff60d62a83707ce25163,
ca94bbff70dbdbfda2419c607471b610b223174142486f67474a417ee7ffefe3,deployment_review/fresh_live_crag_unblock/preflight_report.json,public_only,2b805e5434e30b4590dbbb5adedc37a7b6666415bea1b7540beb50827cc3ff16,
efb2efdfd44587636ae8ace8cbfcb407383dda8ab380b090bfbbb963e56adb0d,deployment_review/fresh_live_crag_unblock/preflight_report.md,public_only,c05766f994d62858692d01f8b8705681c031321f534f23871804070160db7408,
c40323f9659e7b842e600ffa48d6291a5f975e10c9aec178aa1adfde84b2c666,deployment_review/generative_llm_validation/final_pr_body.md,public_only,f7d27b58a9d4c23541085e1a031c5441db11b920333eebbf326bf158ba486e6f,
675d831548a7dab5b6d9840f36b9f41a555f17a4c916652d67044de8619b1427,deployment_review/generative_llm_validation/post_validation_report.json,public_only,1d8fa9469e50c1fdd8ec0b132dfa554a4466e47e0735653b3d8531447c822b0a,
87d0459f145da9f5d92d6a2d34fab5c47b5f7c9589bdf30692912b8550d90556,deployment_review/generative_llm_validation/post_validation_report.md,public_only,6a0275a8cdf168c0aa484d140a31ecb3c010a9d7e1af974076744f041f0df1e6,
b6d811acd57b7df27e1fd46febb2c16651f4058d7e924ee3d17965ff48eb6c79,deployment_review/generative_llm_validation/preflight_report.json,public_only,fcc589e9dfa021aaa95b64f717c0c05aa37e91299da8a2d4e3aea53b64e6b324,
6af17fb4ca7c53cee4593492223875972c56961b9e2cb798f6cd7d98f20c85c6,deployment_review/generative_llm_validation/preflight_report.md,public_only,b14a08bfbc39cdd099295e4d26ba1f339602d015bae629bda63625581a3e6a5e,
1086164061503b4379f6520cd1cb71cff1fe357381cf9105416198a2dab64caa,deployment_review/generative_llm_validation_answer_emission_repair/final_pr_body.md,public_only,4ea067e2c682487f3ec118bef3b5c83a0c060f2bfbf31fb1fe86942bd4d5ecc3,
7555c1717ec6631aa87a123e78a3e96e0b8c19e09b7bafb17c0a253b7ff29c31,deployment_review/generative_llm_validation_answer_emission_repair/post_validation_report.json,public_only,5a6ae8c91a9d4e65b6caa4b6c1dddcfdd49febf7ad6a2ee5d4eec612b268773a,
c05a254f3249562f1a3edb4fb81680e925e069a5a5d4b72ed072094638f29aab,deployment_review/generative_llm_validation_answer_emission_repair/post_validation_report.md,public_only,06d681c2d1d7c59390d5e4a8a19e554ab16d6ed25464ea18cc0374c53b44c818,
cec5196cdd5749b66a343738e9da1a8fa1e801e7681f5d261c672d408a22bd18,deployment_review/generative_llm_validation_guarded_latency/final_pr_body.md,public_only,cbda3a3390d3b44fec8fd8de3341ccb066e1e489700c2cdd5e6ce4aee28dc396,
a4ad2d616d1f87715665484b6508a9313c8fcf8bdfe164360ec8aa840d60a4c4,deployment_review/generative_llm_validation_guarded_latency/post_validation_report.json,public_only,f23e29d2a52b0341358bbc9aa484463910cad3a586627b16738bef4ded459e6b,
791105dc9b05c25bc4d7b16e8b3446263280382398eaf304b04cae9fce9c4b33,deployment_review/generative_llm_validation_guarded_latency/post_validation_report.md,public_only,8c65804cc5e73b47d0611634f099be8c417858e507dd8360d25ccec56d5594a6,
b32b5acabfae65a0a66c4dad0be028db27d0ae5fff7f1d9a7ce778a2f65a273c,deployment_review/generative_llm_validation_guardrail_v2/final_pr_body.md,public_only,e26f029549a9cc7db201cfe7ece6470c582baf8e7a12950c624ce94396e6c27e,
f8b32caf5a7a2b3590c3175d3a8d1e77228280501cb5597203be75e15383e6b3,deployment_review/generative_llm_validation_latency_selector/final_pr_body.md,public_only,70c30ef8d4236f549d66510a1d27b97fc7ea3f92706bf7d63f446364ac087afa,
6af03cd32c3471dfea37c6fb4a8d3015443ea3a89b7a958b3f0eb07a3187f159,deployment_review/generative_llm_validation_latency_selector/post_validation_report.json,public_only,0ca491a293e6668d54c3399bb0939bc59e95c75851ec583c2131da6dde3fe55c,
73325fe14cb4d7075c8a2d97e2e2bdf252b7a8c46d8689e0d3c32a93ece04e48,deployment_review/generative_llm_validation_latency_selector/post_validation_report.md,public_only,bc459fe4fb288039c9c453ae993a73a5fde3f7d265310db6e0bad6a698ae08cc,
62ab2f164bd8fde336cc8c1290d1ac357079c26305d00ded1f81641e2249906c,deployment_review/generative_llm_validation_learned_risk_predictor/final_pr_body.md,public_only,69a2bb0a2f8161c0d4d19cba8c2266f2096b3f9a5b5e5a62179abcef50a51e92,
59053d9dc909f1193b657394e8279aafce243da2eaf510cf24c26c9b56b81df1,deployment_review/generative_llm_validation_learned_risk_predictor/post_validation_report.json,public_only,02047166bb05bff3ac649451148fd09a6441bbcb5cdbe8408cdd1f5eac7a84d6,
bbaf5453475b588f7eaeead99ca803193110abe2ec20b7b482735bd2e7fbd808,deployment_review/generative_llm_validation_learned_risk_predictor/post_validation_report.md,public_only,42716d6c21e3ca5a0efa5cc4290a13a57616f3e14d6a88dce23fda21f978fcc9,
ce1a0c9e96bec2a8bedfc58019122d911888c3ec8ad4f67c0b45c24ec9cbf468,deployment_review/generative_llm_validation_quality_signal_audit/final_pr_body.md,public_only,eed78182ce98193753978c76271c32c40e9937b9e85c7c42e95fa8736f4c4ae5,
ff11aa084c76c9dd3043257068769cdb247aab0d532e747bded98686d813c16a,deployment_review/generative_llm_validation_quality_signal_audit/generator_access_diagnosis.json,public_only,e1dc7796c204bd78aba757f0273859349f721192883e1915b609f249a1feba94,
0ade7185e07b3107643d01f0977255bccba6fbac0636f13b6b72b26ec5b6bfbc,deployment_review/generative_llm_validation_quality_signal_audit/generator_access_diagnosis.md,public_only,bd1f625a75dee744f4178d5a2955158b7b2dda9a57cd676ee47cb915e69c091f,
f3847c32aaeeb73211438eec16e03c144163fc4ffa5eb0c0435b20cf60f3f3c3,deployment_review/generative_llm_validation_quality_signal_audit/post_validation_report.json,public_only,8076a7a82155763e32b6fc9b4548515953047e1156c0d7d36c0b829690587b0a,
0f189e7e19955d26392b6a4937774b825e5c68b3315b6de7695c9bcb724ec5de,deployment_review/generative_llm_validation_quality_signal_audit/post_validation_report.md,public_only,85db66f80d40d6b25a500990e2589e5620711aa70342abcf8dca0ae50d73a405,
5305dbad70b5a71d00f9529e081bd35c6ee50f574694d3a3a6524c0a68bd42ae,deployment_review/generative_llm_validation_quality_signal_audit/preflight_report.json,public_only,893b31624dda3ca6c644db53f71c35c45c18d052c3830f413a900831451a2a10,
e8fbdef086398be433477b09576159f2c54599bfce8c6d857bd10b63c9d0a1d0,deployment_review/generative_llm_validation_quality_signal_audit/preflight_report.md,public_only,72e3829a5aa7870911e8e376b3f81db5e381608cb822743ee0f9d79bd1137d6c,
4a3be57c85942dc4478cc9417d81332a80dba0ef9c03ec7338c997f10269e5f3,deployment_review/generative_llm_validation_second_model/final_pr_body.md,public_only,4f8c3ef73553486bc8f2eabf651942c49b55c488f810c7f2b321ad88e8e3ffd0,
3921bbf4cc6d5518959022cced12315bf3a4cad2e1b2ef7ce6bc4ab931ba692c,deployment_review/generative_llm_validation_second_model/generator_access_diagnosis.json,public_only,3a0a72fb9fcd851646a364b9b54cdec8f97fff4e6eee8608a35c2ac82dbfc15a,
d070c1f81f3f1e589485d6029cda4bd7ddbcf91adfc9a90311bcfc53845ff94b,deployment_review/generative_llm_validation_second_model/generator_access_diagnosis.md,public_only,d2ba1de95ddfffc0914a470658f88fb8b13b62776b29c01084e75038ebae0bec,
6c29e76a100f005b4fbaa2192ce4843354304f8b981ed802b808b679b0e1e110,deployment_review/generative_llm_validation_second_model/post_validation_report.json,public_only,796f490c41d3f9ce1a628b2f495a0b61a55bda292c262441fd1cc063eb1d07a2,
69e4364a260e4bbaa8ed9807bc6e29551fc9f7dae4f4f9451fe0365e1bf75f0a,deployment_review/generative_llm_validation_second_model/post_validation_report.md,public_only,409d89ecd50eb230a1be413abb8eff4a7df1eb07342a298eea8e7c6f54b0d120,
eddb149c82052afaa242d5a2f67532dcb8c3bd3c9233a4812946ef39fcf2393f,deployment_review/generative_llm_validation_stability/final_pr_body.md,public_only,68650b3c276e43395833b636dd6c0047b473112e30c627f694d17a7483710839,
0345302384cf4e0778a7b35b9fd66fe9c1c14fbdb7e40311428dff9f4b2214de,deployment_review/generative_llm_validation_stability/post_validation_report.json,public_only,66aae288b0c1d2e1d62be7b874af7e5b3e7f1f65c81527c17bd648c3aa39be7b,
6f05ef8cf3db5aa93a74be17382d4bd4e12822cba68a4bc70db7adc1ff89790e,deployment_review/generative_llm_validation_stability/post_validation_report.md,public_only,00f1b8ae0925e6b42fc01bfe7467b4700465b41ffae00872443547b3f07f3376,
62b45e8f2a2b7576c2683a1ba66747310365e7e28574752b00d89ffe02e27402,deployment_review/historical_ledger/post_historical_ledger_validation_report.json,public_only,4c3e844a88069a0231844a9ab5c3ea095d5bae7cb73ab3efcd425aa3ddfee730,
d2c6e5c7899f91fefa305b3abc59c94312664644ed426ab789ef999c3e7972bd,deployment_review/historical_ledger/post_historical_ledger_validation_report.md,public_only,3a0d32769dd4137b171d8d5c468a673628a8f6b9683ee7646142e0d8c18db884,
88dfafc505b9de8df6832a1c0b9a333154acd0ee18dd23a772503a795664c4d5,deployment_review/historical_ledger/pre_historical_ledger_gate_report.json,public_only,8ddc463be0678de5f0c552e0a806e36685aabca024b149110cc3848ef017ff7d,
45d492e4e5f657c1311b3bd732ed0f7668e5a91a6cc3531a69067a125426961f,deployment_review/historical_ledger/pre_historical_ledger_gate_report.md,public_only,46eedbe657f71fa375bf2b35ab23337dca3c14c295b4851cae82c882df7649b9,
601c9a32480c5417e79456e47dfb3f683c202f1d94e2eec428028732524d0698,deployment_review/manifests/tracked_file_manifest.json,public_only,1317835e119010f206e12885d9f32c928f15032f8bd925f29b56480f4f463503,
28c48437aedcd1e8aea9c2ff597d3e413cd419725a61f10d9f63fe9d2883a368,deployment_review/open_source_arxiv_readiness/final_pr_body.md,public_only,4d301d06e5cb1539fb5aa03914c84a01c5341f82994455ee124d50a5d1615626,
ef5ef1a4e207d44a885784ecbed22252b5bf1b9b716032c78908b90b12ad0ad7,deployment_review/open_source_arxiv_readiness/post_validation_report.json,public_only,722d2abc2c04074f9305c2b2db451b0fde14749b6bcf9c11ce5eb0ef7383a125,
37643ba09b8afe6157a61f6f6de696e3003a8adfcf26f7ddb31fe38441951c61,deployment_review/open_source_arxiv_readiness/post_validation_report.md,public_only,12d940fda753286531fc7e53cb3d7eef278d860f500cacc5fa910ab52ea9f691,
b28a43216097f6e887e8bdf6e84caa165e5fa279d363eaa1a478ae25dc1acbcc,deployment_review/open_source_arxiv_readiness/preflight_report.json,public_only,36175e5749740c93b7afd5161595a2ec603128bdcbc63e7f581d1e657b6a6fbb,
498a638f9ef78ca634bb4a029dbfabc930d8203f7158eaf0ca3ef273e63d79a0,deployment_review/open_source_arxiv_readiness/preflight_report.md,public_only,13eb2fb4cec444034cdcf1f93ae68e80b76dae3353f176a0b3319fa4b4741fe8,
11efd56d3cda42cf4cdcc1cf5e612e03f79d564732f4675683dd022897161af8,deployment_review/rc1_reproducibility_and_arxiv/final_pr_body.md,public_only,0d3c709506c30e42a852f2ce4ec578c10c48daa7c43dde43a1b85c65ddf0d436,
116e3e02aab46f0e0701b00e2692167cb8d23149509a3d33bfcd18b80bf4ab5d,deployment_review/rc1_reproducibility_and_arxiv/post_validation_report.json,public_only,e94d799e8ac64539d975f2172fd838a0851582b21a05a4b115333b960af5f4a5,
ca4e2fc56596fbd7b9a374ba70fc4e22c8e73fab0f3443ba8d95e845f7a6bd3b,deployment_review/rc1_reproducibility_and_arxiv/post_validation_report.md,public_only,5609ff6bd866259f99b828f505eeea773371b33db405e6f204c8488d06b8d6aa,
6d27e6da60c1e754f1592fef136968d6fe11b7c27ecc3afa918cbde8ca9554b1,deployment_review/rc1_reproducibility_and_arxiv/preflight_report.json,public_only,ded5d2109b0585836355db9d2e66c732fafbef5495799adbed75e048eb03efaa,
ffd1a72db7b292fc2144859cd9afbd975d41df0208720c895a878de455ba4b03,deployment_review/rc1_reproducibility_and_arxiv/preflight_report.md,public_only,7858f2322fa2bb9298ca57e0041a972a7480efb9eb7c2a4070bebcac852f59c8,
352da2a30b9c1e717a1f78e812941ae3551061d80a956c85e7b26be83045593f,deployment_review/repo_consolidation_<removed-lineage>_excision/preflight_report.json,public_only,ec8eb275bd9a44e899ee4dc7077e2d7d34d10633fa10dd98ed20f6c45ca1e8c6,
a8f46abfb73280f4efed86d3e77b0a492281e1407553f06ac9c722a682bcd42a,deployment_review/repo_consolidation_<removed-lineage>_excision/preflight_report.md,public_only,607733442a5c7e0868a112d08be940f4d64bf6399985ac13deb27828e8e448a1,
b27e64009e637001d78b7cbe232b91f22e1db02ffe8544a12f4e0d2724cd367d,deployment_review/repo_consolidation_<removed-lineage>_excision/<removed-lineage>_reference_inventory.json,public_only,c3e12fd11a5d69f38d5f111a872944c3a623fc33fe35655eb300f1b2475da8fc,
41c4def5cd665a8a27b0f95fc7acb6df376ee992edaea708c17ceb08accd0901,deployment_review/repo_consolidation_<removed-lineage>_excision/<removed-lineage>_reference_inventory.md,public_only,72944ac8bfeb5613b848dd633f1ffec0748b3b9f4358bdab5f82e67959b3f01e,
db03ef999383bb9cd0076304a0012d2a3fd49947e445af0ced733de1e306f8d4,deployment_review/repo_consolidation_<removed-lineage>_excision/<removed-lineage>_reference_inventory.txt,public_only,ba8289b23e33333997ccc60865906bc20271c58c53f7cf1a9fc11f9c02d6a8c6,
714a046685cdde2ca4119170d8d2102c8cd3e8d5e455057f1b24eaeff183a310,deployment_review/repo_consolidation_<removed-lineage>_excision/task_a_<removed-lineage>_excision_report.json,public_only,e07521658965df20823c4cab74a08680a18872c702bb8cd54e70f57719614f5e,
96789e3c0f6fa4947448a3e644037e553759a0c47c2d2bde1d59d2ff25fcd358,deployment_review/repo_consolidation_<removed-lineage>_excision/task_a_<removed-lineage>_excision_report.md,public_only,54e56e39b74f44e26d66d402fd411656baf77f36b8f76ff09efd31305979e4bc,
4218abf214cea8f3001c6260f6b624cd63325a8083ffa35fabeb07e43b73d28e,deployment_review/reports/crag_restrictions_report.json,public_only,6bb97e816f260d3feb4d9cbebcd1cf980fa6ee10325e2b962c724281e3ee3280,
1c252407f35a028c399b3dbf7650e81a192f20cb8cc9df08e3bfa182eed360a3,deployment_review/reports/crag_restrictions_report.md,public_only,ce7ca7156d287aafde6bac5c6cd56853a4d8766657290a5998b40d40d0d8a9fd,
ad0a2f194ba49cadcb18b35856c16c2246dc40e3bd42dac1d2010e19b9aa06da,deployment_review/reports/github_deployment_report.json,public_only,d20e5ed42c7939a38311ee8b5f5d64f9f851374c27899ac5aac6c1de79f09177,
5a886b75239668aa074c870e7c2ec17485d5e6c1db209d0f6836fd5dd1443ec4,deployment_review/reports/github_deployment_report.md,public_only,8ffef38ac094c392c3f62da7db37c910cce8333dee0fd887010023dfaf334ed4,
b24342f3786d1a99e734f20a0f3e723d3def42fa7d10a956980f69b0d680ec19,deployment_review/reports/github_release_NOT_CREATED.md,public_only,69b0ce78ab173da6748bcaa10733e20037d65dc1ce4bc0a679698bcbc81494e7,
623c6eb79eb0a8203ad258f39d394da1567bcff794fd40088e601cce8f04bae1,deployment_review/reports/license_report.json,public_only,5a64a7bfd5edf30711d2ef800e391dd6ba1aa522948bb536e02808e7286a98d5,
b8814158e3ae36f878b623cb2e5603e3596392df82c99a8835477bc157b11a1f,deployment_review/reports/license_report.md,public_only,66c8e3533aabff125f4e6901468b2eb00e9fc02f6bcd91143cc648db3d195367,
2a97581b37de1823a22ce8fe1f7af1d117b767872c13cc71fb2565cf4372948f,deployment_review/reports/no_overclaims_report.json,public_only,e72feeb69b68abcc0efe75de57b39d5e6a2266891824be122bcd655392e12bf6,
c8965a8a708923012cd104a2998d7bddb6b83111738d8f8a7f28e4cd7839e3c4,deployment_review/reports/no_overclaims_report.md,public_only,766fc56975c6ae9746f571ae0039b936cad89b18d77b4b4847548b44bf464f9e,
18ec00d9a10b3e1c12c54660095b8939e1dff05c58f608ea1e199b5636997619,deployment_review/reports/no_private_paths_report.json,public_only,2dbd11add02c8ac86d2907c3e91c01d7bbab5e237d5cb09a58444f98213b2477,
58ce2de9d2cb05688fdd7bba87cc58429c0be29faf42563bb820e05e1e103ec3,deployment_review/reports/no_private_paths_report.md,public_only,333e82609cbaf692aee19b68f951d0535b0c6c58318628cee7548de7f2e64f51,
62b66031d235f54cbd3e137a6c3be69eba47731dcb502f544e92d9379caeae8a,deployment_review/reports/no_raw_data_report.json,public_only,5b57d94c1c2c9395171f982b2e8c52d0d2ff2dd3279e7f95f832c4b41f05bcf1,
7c1d85a0d3c88c186f5ce9a6d94c3d3d775fc486b17bf40952701256febac2ad,deployment_review/reports/no_raw_data_report.md,public_only,69812ec226db11b8afb93b622377e88539367e20ee829feed87d540a59986416,
80987f62a4fe0556e7ca798342e9fd9af5606660b75892547a325852e27e8a85,deployment_review/reports/no_secrets_report.json,public_only,64097241cbed9994fa7ef748a5a9fbb049e9b1cec84e9a765c52e9a1040c633c,
0c0ba4540f41d3468665634851924d759eb906f4b1c010fc21e66ebd88b3c4fe,deployment_review/reports/no_secrets_report.md,public_only,75154afdc8490a252d3a32cbfa1b40e6cacc8b30214b615cb7614b16c0e0f317,
1685f0bb651260e9aa3c9e61a58ce47f38eab9a67703b2f72308a509c098f306,deployment_review/reports/readme_clarity_report.json,public_only,487bbc222a66403eb874ed93e8cfd2fd809c5c35b9ed286f797b2dcfada9f246,
18ebc6e6ed02108d62b254aed493fb12642a6bed0d777e501176783b154d8cd2,deployment_review/reports/readme_clarity_report.md,public_only,726fe3986c99f127246a0cf53061ca3feda8c6c41f9a650512be451ff41a03f1,
7cf2e9c1c94d37457aecdcf1b45fdf674252c1d4c675309ee675d48c15ee461c,deployment_review/reports/test_report.json,public_only,03f6f09e114dcdc17ff22b1b1f190aa304ec2de7e042d4cfe502f261ffd15ef3,
988cecb020b39db7aa9eadb315e521a0c18b8178e680696e010f8329679335b8,deployment_review/reports/test_report.md,public_only,1eee9e56101b2d5e03fb404f8adb414a64a03a49dcb431b7d28a1dd6de13e2c3,
52a46fe67ec8d2ca8a8a4782a0bfabcdde9d0fc1609f77ef2bc99bb4197457f3,deployment_review/sanitization/crag_query_text_sanitization_report.json,public_only,ae6610308c1c6d05fe1bfb83bcb1d1cd03a7bef68763fedf6733be1ef39a1275,
8d8e8a5afb8b69c1bfe9ea22b83ff624fbbd1223b56621a8929db0089869b18a,deployment_review/sanitization/crag_query_text_sanitization_report.md,public_only,a3decd80c0466bcfcfd83816df78683b0faf02465ecf4f440c1b76a7bb02aa41,
98ed29539c3d50439d8189f8bd47bfee295759c02e5cf55642ff2121d3c4659c,deployment_review/sanitization/github_sanitization_push_report.json,public_only,033d5af1eb6d19deaa77150b76ebe909368209dabc1fcd1a6d62cd3a02f87811,
33f325a7186ef053b4195c34eb25b97259e7ec36a4a69f8ce6f9cd3ef7f5661e,deployment_review/sanitization/github_sanitization_push_report.md,public_only,1df6a4edd30f327873279733357fa20c50ac3860138a08f23f1cd239601519e4,
7d65c1ad1e0d542eaf25ab8333e92fcc3350bb671c75c157a7d8987629ebc239,deployment_review/sanitization/history_rewrite_recommendation.md,public_only,b58501900cae3f26104b06fb471d8c41aabc62eff9c072fde7c25d31554ab79d,
3c9bc57d0011d4832681729cd1120b5caef611148b93710d397ec885a026b3b8,deployment_review/sanitization/history_sanitization_NOT_PERFORMED.md,public_only,d1b99f1c153dc46a17e5cd067fbd32e2966819c2e0199108e72de5027624864d,
ea29d3a7c581ef7b13c273fd2cbd967a6330525a9b0a318771ad9027f27c2a02,deployment_review/sanitization/post_sanitization_overclaim_scan.json,public_only,389195c22f6f7068c7366125eec329e604981826fa215bc675c1c0f8e9a022e6,
cf2a6d98c9a89bb7d483489be87e2f014989617971781722935c00200fefaefa,deployment_review/sanitization/post_sanitization_overclaim_scan.md,public_only,a861bd003e370aead6195b9182abc9ef7d25476418980edcad4a0ba0387fc819,
b1f0a7aec79fe7be079b27580a861c5586a1481f5a4bb02bd77cf50b0f0a11c0,deployment_review/sanitization/post_sanitization_private_path_scan.json,public_only,c542ca503829a4709c48ab019e1600ef1bdd66e2102cf66dcd9fb62927fd3888,
c36afe3cbe49b5ee825f5b90aaf30b3d24054155c525f198cd286baec8f1a320,deployment_review/sanitization/post_sanitization_private_path_scan.md,public_only,7ca375191f365ad4cda72475aaa6381ee363c6a52394c92bfd30dd5f99adf1e0,
c8fc1657346d0d3ad1fc318ac1cb30ba0d1524c48eb81d3ab20881c2f23b0473,deployment_review/sanitization/post_sanitization_raw_text_scan.json,public_only,12115aa8d78914960ca5ce34d13766a53b6d8bb7617b9f47e2ff00d49e4d01e1,
0693e5166843871ee11b4a0bc06043f77a5b544b13dcb49f1f3000bf9cb357f0,deployment_review/sanitization/post_sanitization_raw_text_scan.md,public_only,2eb99e5a5c143ed200bd9db4dcf696eba9283d9c214437a87f9adb272ac4d4d3,
7d18e938fea8a74c335fb1033b401acb9ab3b5f6630e340ae0abfec4f1aadaf5,deployment_review/sanitization/post_sanitization_secret_scan.json,public_only,c542ca503829a4709c48ab019e1600ef1bdd66e2102cf66dcd9fb62927fd3888,
c63ec2eec7b69b8ff972a2f3df49eb54470b908250b717c2e44acec748d62532,deployment_review/sanitization/post_sanitization_secret_scan.md,public_only,74620078eeceb4633c93fd24ea4548684bf226e36712b421475cec22b3c3f850,
0b81b14f9ca1b776e58af79e78bd01d1c8271658dbd92c938a2a4cfa7d9c9fa7,deployment_review/sanitization/post_sanitization_validation_report.json,public_only,ea30bb20227ae9515df86606be674e32cb316f0afe3f83ecc7f8d8c2127f80eb,
728638fef071e83afe15c9c8b164449cf7943e33f40acf746463a13b6defe3c1,deployment_review/sanitization/post_sanitization_validation_report.md,public_only,422bb8c5284bf0e6fd9711d77cf227e4744e19bb19f6c756b91fbef4daee92ea,
ebbe5400aa8a310362da14477b84503ad453a1b58f29241b238f480bb1861b9c,deployment_review/sanitization/pre_sanitization_state.json,public_only,abdad5f9926fdd4f126567e9be207132fc43a20485103d808fbac90c2ed70ec6,
e5ed9816c371433902fafb5929b981f289a4ba6fae65dd014cb8cc229c8777fe,deployment_review/sanitization/pre_sanitization_state.md,public_only,b4de32baf6fa02c5eae822a7cccdb37828986ba1896f834f9aaae7807dfc6420,
23c14e68b816e1a1504b9aa1223a1635a1cd56f0c31dffc741bc6f5e53390f7a,deployment_review/sanitization/raw_text_exposure_inventory.csv,public_only,c929ceef5c2086c180b541ea0e9d1ad4848af1f63bf442f4a9d726ce64e664b8,
115e3053c7b65de7c878e768e41bd073b72c11de9e46bc4c99ad70f590be1abd,deployment_review/sanitization/raw_text_exposure_inventory.json,public_only,4032c9bb5ae866c10ca7f1e23459b45fbfd392413a21b2727c3d4ca8ad481355,
748f0f37ed332d11e62d3fbac74b6fa2d2b50041a35a30fa95cc91c9f87c91ba,deployment_review/sanitization/sanitized_files_manifest.csv,public_only,342c99eeda4b6dcfa7f7d1002fa39c808fdaef897603cd71e0e2149f4a35cb51,
22ab65879df9b88f4159f34ebf483e8c8a3ae4046347af5ab66be5da85d94b32,deployment_review/sanitization/sanitized_files_manifest.json,public_only,4c43d7b7b1f91ed010584bff4e5a474821927be0a64fdd41cc08af5e225f9979,
e45e45baeda1c1e73482975a664062aa56f20c03dd9d64a827aba57775bed0d3,docker-compose.yml,public_only,4c8b9e84e1dda893ce302dbae4a6873af70da0d14757d6a7a3332d99cefe9f94,
da8fcbe728a9172b578e5d754f8e2df214c658c4321f610e63dd68bea828ab49,docker/README.md,public_only,ad900574850c83c6946cfcf469243301271a2229913653e94bac9c75c7b8b142,
202be9590c79112cc6f2be2d2aba853c03f2266c4ae3e77ec867816f95c026a1,docker/compose.public-mini.yml,public_only,337b2a27d3fd5d5284631e72249c24380de0254d271e8d1e4d8a5e3b3e252384,
96afc998dee986fc90605d45bc758367e101fc24f9baa37face9493885d3005c,docker/docker-compose.public-mini.yml,public_only,a9c067c0fb49cd6aefd3184ca21a24f0c5f5e52e277fea919a51207d06100927,
99d020083c116f6d57535d9ac69480c82d1e26595c63f107c2897daf664b9a87,docker/healthcheck.sh,public_only,729168d86041fe0b994f7dbc2b88415c9f3f210241f7f0547fc60a1fedd77a90,
c221b30877a63ea3ca280146cc164f21a3e56e1a5b4761cf2dafc1fc71685537,docker/run_governance_job.sh,public_only,d0e15a45b6a9ad82a64be28a248b7e7202cf721c9943e382f01c0b0a343ecc84,
fcdeb0a0556e4de7d37034abda9796341b69f3c209c10a211aeda6ec79f35b5f,docker/run_public_mini.sh,public_only,7e72ba0942410ff33fa90a93a0c0cc035e1c62d50e2098c33b3e4fb3d064bacc,
92c8bda3e3e5b49828283c0c35457218962f368787843996763492f475c2d5cd,docs/aim_hardware_characterization.md,public_only,01845be55704eb4f9af616714d8cc0c3e42e6c12f959234b638239bc7486bac9,
228f898ddfb267c945e7edc2d143706236693050960ec4908140a8568d7add01,docs/aim_hardware_matrix.md,public_only,77ed090edbdca7c8c7e44813563eebfb25964736c845fae1cdc0fcd9c7cc7569,
161006b8fd7fa444069bdcf7977bcb6501af56d3f8b6df191a81b6a1942f3a3b,docs/artifact_integrity.md,public_only,7ca172de0558e55909de9f9da647c7d5d4e211a225adb0958c69e445a1dee451,
c4d42c9bdf55b1a1741eb12cd939251edfa395abef2ee43c0e5f60868fbc1806,docs/artifact_storage.md,public_only,de36fabad6f69eb1ce7adfd56e420008d339567a0781c7cb04d9e9f794fe37c8,
2f7b1104b95ef2f4287da361bc52ed5973614772eab3bd87ea91286ae1a3232f,docs/arxiv_paper_plan.md,public_only,f36e439b3b23a53d0aa4da74811913b620aedd6c31c52d3697dd13be3d1b8dcf,
2bc164b5fd87afea73de3dee2c91d906cd267cad30f1cc4798784d1887b6d595,docs/arxiv_reproducibility_appendix.md,public_only,4a9dfbe2de7dee5f1a8177695457077789ff9f0a06f039c3a82ed665830dfd39,
5eebb86c55896738b5ae459641fa54de627731a721437f113bbce53da3ba1f5a,docs/behaviorally_distinct_policy_experiment_plan.md,public_only,efc2b7fbf10ad3ded547ef03de8ea7bfc1d47f17a37f6f52aa5288f9f1b72766,
efe1a4600f52bf6439e17e0519d6a816059b1741cce66f560b21e678c175f941,docs/claim_boundaries.md,different,cff6d576c1bb39c45749ac7b8304a635a10057477346b3f0ebc92bf3f707d295,aefb3796866a1585617340fcd218832946f437147fc9b7eb4eaebd94fcf7b977
ac9366ab071783a4e5a8e3716fed91770fb8f8bcab745ae4c4e2773a9415cd7f,docs/cloud_agnostic_deployment.md,public_only,53f9bd42934556093ff4c233a2d598deba4766cee1d2f6590242c0c70a8d8a12,
d9d9569825930aa7e6a2c8c053574c2598c5a452d24ab5870a5e18143a603fc7,docs/container_security_scans.md,public_only,abb6d34d91856df30aeb99221eb779561758eb5bc0c9e77f2e65ea7c3742d964,
e6989617d31f06f1a46c1e328193f62c54a498705fe3d3e4e0b0e3cfa5c40a71,docs/crag_evaluator_mapping_v2.md,public_only,112bfd069ca8d66e33450fddb087a240fe88512d4c6b37367c49cd7b1dae06c8,
2d9a405b13781115cadd74fd023b2977e053c4c5c062ed9c7015597f54b1ac45,docs/crag_generated_answer_evaluator_mapping.md,public_only,0d7711600c0fcec775413d0c3140d3b992c1d1d28311d9d7d47b613240a67631,
7685711803f9cc30206794548362dc870a824a537c7eea2e5be41a6743ea9919,docs/crag_mock_api_validation.md,different,ad7ed91ae072cc17fae9ff91fed88ef82af25cc767d9507de20918011c7b4484,c4c54a11e2df9cbbc23a05e0d93d474f7db3165d1f8b29471ae5196c00995646
5bf6b9c7767361327963e168705c92c1a7e4fafb9027db33ce2ca2be37b285fb,docs/crag_query_text_sanitization.md,public_only,732b6a8e77266d9de4db32f1693ec8b1044f7ae06830319210deb79ed9fc420f,
7b434ca96fcb12e40417f0f6f2145db285994ab92a65728a5952c8d316397ba1,docs/dataset_acquisition.md,public_only,09437ecec90b31998f763dbfb4f9b3dc64a09ed01c09f028c90bf2c64ef1b3cd,
cdb30fe645799364befe707dd16000803bf56ce524ec9ac490e26afe33ef7418,docs/datasets.md,different,2407b6ff1033fac35f3e84e63e0502b158a7496a8a23bb8569834c1fd64b044d,06b9161da126f2e970cdaa8b79f837aad142288d1c61c5264ea7ac8779ff3317
414f6629cde82d404fef4a6e0b7dd80b3e17e853f476529a74033955ebdf7374,docs/deployment_architecture.md,public_only,2471a2a5d606950b2f0e215d28982d3e6f29110e9d2ff770901f05a551b76442,
a2d736b9e97a735706d774368dde72546c334ec997a639aa32cc25532c9af6fd,docs/docker_runtime_validation.md,public_only,a15c826e51e27d3e8b50a95202e45b0af8472b760003d02d9a33552f77cf3338,
c9c2fc5cc75cd695857e0c25f936aeec95cec4a9abc91793b8845227608316f4,docs/evidence_ladder.md,different,e718e0527a6923dcd2f69d81ef48364397dcd409fa49612c41c9fe30c262c077,9ad91d8b0bb4af41e095cda519005505a83712f87a89829d7f28115c04392bbb
24abbc96fc8ee58fbdde850169ac43fe3d8c2a5a38a7c2a41bb3ceb72ac3f13e,docs/external_evaluator_adapters.md,public_only,ab024191eb93dd3473de5426da4b89b88180dd8dfcdcf231bb2e8140e4581d58,
be7f49fdf9a674dfafd2843a2f50bcc788b81ca6ef25634a72d8b3c02b8e0f3e,docs/fresh_clone_reproducibility.md,public_only,4c7ece2e9cfcdc35e77ad610f8ea92c20a28f81a655e062e08625d40db07e41e,
fe74c68a5b2e2b6f8c48360f1cfc7c014ce7f1144af2fa8613ca93f93b627034,docs/fresh_live_crag_hotpotqa_behavioral_governance_plan.md,public_only,c47465dd810a5fde8721b88e7befd338bbed05e3784a6c805c36c0c450aa9eb4,
2908e8479673fa167ab65dec0e3c504473e7db99994ffc5a623982394bff6002,docs/generative_llm_validation.md,public_only,29672b5238102eaa7b1841bd93c2fd1c9efcbb41ee8e335a75210f8e9285579d,
3a9ef5085cd939079db44ecc622c78a8dd9a4c1cdcc120f8f597db1956958ab5,docs/generator_configuration.md,public_only,ab2132f30de99dd9e43ebb278867d9c543a4ccc42e089f3968294328d7adc06d,
d796d194ef9a222da3211addac496c37cc28ae178f12be3ff96b074b39827a48,docs/historical_validation_summary.md,public_only,65b7a4e2158e13fe92c749180a9d5d6cae76fac1a439b6665c25ae1006624019,
9a537738ef5ee9775e967e507377919ef63a426797bece3bdc86cfdb7b0db720,docs/hotpotqa_quality_signal_audit_v2.md,public_only,7c522cceca94d67e2cb12cac5ba6487f0dc48416dc8ff02c3c0f6ddd7bf7e7c7,
e5b7263b8e99daf67954571f024ca7b512943430735c3bc156e74c480e9bc98f,docs/open_source_arxiv_readiness.md,public_only,8c2148cdbc191d5aa34e154eda23aec495d442e6062e2d436b1e4a6c26238c9d,
5412a299e02682ab2b4d2e9b62c62862c3d6876bdf0f45e5be7825cfb142203e,docs/operator_workflow.md,public_only,c3e76980f93e2c8d2a99f26e6c4a869cd8caf933d16b00dd8b9fe001516951de,
6d36410ca394edd6d132424e3f2a43588449dd9685bee1dd9a782001d9d39d68,docs/platform_benchmarking_boundary.md,public_only,bf0150c7d0ba503622a993697e8a0ff3beee2c1a061bb6cce34c9385574621d9,
3ccc44ae15cde4a1ac043dc53637c64ef90fce91a70e3bf2c299711d6adc86c3,docs/product_contract.md,public_only,a337d0be09088676a807b5d4876e8d668f031296286c545311407100cbf959b8,
eca490d366eb8b1dd9c9c5751dfaf2862c5a9c5c46fd972318c579c15e41367d,docs/promotion_decision_schema.md,public_only,0136c5500bc53ed3b3116469455a4a7fb2c37192f1f21346f31eb4b932f1a08d,
a48871bf9a249aa119680cf7c1f3068f7b0b9b59563bea0832ceea52f7a50401,docs/public_mini_reproduction.md,public_only,1f9dd4db2c2181c9234f98c387aa2006e21ea01d8a8266f7c05497ea9d3aece6,
115bdcc829319344f95287f69e2ed343d3ac85eb9cfed884cd91ecf03bfb34e0,docs/public_repository_note.md,public_only,d0144b1a27ed6e4c0cf8c5ec9a34e7f2841c9f5aa30c9fa2938837bee03878ca,
988a5392cf907f7c5728b8ac90445facc7f835f3c00375764ec99769dcde2d5a,docs/quickstart.md,public_only,0371e1d707dff55acdae9c82b4b115af8c743348b07ee4a405de8b60a1e88d6d,
839ff07be472e469625645c1648f4ccb1d5e68af4a109b8ee7dfa8dc0238f981,docs/rag_compass_name_migration.md,different,57373c24f687e06d9acdee50578566a32ee7be5e2797fc5f5979e354bc3c7c7b,b5b184afa9c780f3d521756684e5c13e2a29c3f921a8b2943d6ca9251bde3169
b60e145ff391ed49317a5ce3d3fc514c001c3fe21ec9952541c96d8af274a59c,docs/release_notes_v0.1.0-rc1.md,public_only,074d8ef01e84014e10a25e50ef76f0c7260efa68e37ba43976c7e0d5a02efc31,
b54fc682b6f5e7b977b36d98dd902b2bbcb5aef2a75b306f493dc0768723b33c,docs/release_process.md,public_only,f09a63eb7fd64cdeb24520f1d0df6238d1b0056c71326de927943318962b3734,
c4217f4120a075a8940b61db32091776a6699d3761f61758f17f55c2a7c3d3ce,docs/selector_ablation_matrix.md,public_only,eb6bc4e94e178b0a817e6a8f5d32bae20f1796c9347263f9fb16a2df15314cc3,
3d66b1e48439d1a7f66f5bb8a3034dd2bc0658bd15a0fc07e2adb56b5774f3b2,docs/selector_ablation_stress_v2.md,public_only,3c9ce2731309fdb59227eef08ba171558725af8e421783f29b2acaba853bc8b1,
9dca013a8696d4114eb099148dde60eb9ee8f308861049ea55e8bbaf3c94cc61,examples/external_evaluator_adapters/README.md,public_only,a9417fef1693e5841f911594ec2e34016d529b8ff4bb1f7b6cca406f774d009b,
483e42633c5c95eda66afcc3f5b349fd6c83edab18644cc543415f71ae75edb8,examples/public_mini_reproduction/README.md,public_only,237dc5afab185283c068e0ed3bd1b5dd39b9e6270af6c11b0237979a6d7d1832,
beae14acbb51d0260cceb3c3ef1b18685739f44b37386bf49d407272f4b68b93,paper/figures/deployment_architecture_placeholder.md,public_only,8386a7727500bbab653969afceb2fb41e9a7a700d72a2902324b737b656f9a09,
5c9cfa26883abf5c6b5be3f7d84fb0d90b4844777be32ebe0722cbc4d2174d04,paper/figures/evidence_ladder_placeholder.md,public_only,e5e9f1333ae70681a47308947f02e4773c6194fc8abcd72d008bb6565467afed,
3f884b6ec4bb51dca1e2e8fd0fc6f71095f2bbd3c0d88aa00c95fdc4b81eb25b,paper/figures/governance_flow_placeholder.md,public_only,bc6b92862d930bbdfa2f52ee630efee9216624f572072f73e24c4e228448cb07,
01944e90eeb85eb7df0318d2ea79cd44597a9840141b3f3c86a093240d651138,paper/main.tex,different,7ff50422024f20e500bf44c078e47d5bc9936a836335bb30352700aedcd11b66,7bcabbcbd6ed00739dee5ee585d4066ee6018a64a8e93e9d0dbc8ea68336b2b9
352d284a350cf4a94f320f346cb7a70192d1e5417fcea85929d95a6458223bec,paper/tables/claim_boundary_table.tex,public_only,c7d3071a6ecce2685dd5c40671516f2b0e3830ee07f4921ee6d12549a3f2c7ed,
31a4bd7592394260d75bcc604aab9a1fb4e0a7c8826544dd056813270bd02f39,paper/tables/deployment_readiness_table.tex,public_only,72dfeb544c25c52f6c4a31fbdd90c7941e661a64babd74195105ce5a80686bfb,
a39859d505902b1d5da45bd4ade1f180c2b88c20fd61cb916441b5a0b0fddef8,paper/tables/reproducibility_table.tex,public_only,61b1d330782b2d181174369cffa043f137b5a80b393ca48a65fc594ab03838f4,
a73b343ff384d21c85ed2fb1c5f34f6c1aca75b99960316af5e992cf3b34b1d3,paper/tables/result_taxonomy_table.tex,public_only,e1640b71d88159a9189a62d5b6942b8af66eb37f19b9d79342fa4cf373605720,
ad100b6aad36b65a087c0dc7bc7423888a8e7b4aaa37ef9ed93d3beee4b3461e,paper/tables/selector_ablation_summary.tex,public_only,163e078fee033a21f7d80d0a11bc8846c1ba40b297f375147c829b10fe017acd,
50c86b7ed8ac2cf95bd48334961bf0530cdc77b5a56f852c5c61b89d735fd711,pyproject.toml,different,4a22ebefc7f509ee3c1d1e3b63643fef23cef433c11915f249de3b8c10581746,eaeb6cd888970638b7555cf80c9b16b2c2c9ed13de2a7fb51dd8ab86f3964c32
e2d001e15371f52b4bc9f29bb3f888bdbd7eb2f7d47f8ad90629b492acaf66c8,results/README.md,different,c00fb50d855ba37c74156fe8bc8ef1b292be231ff00bb797231f8c741fe374af,b3aa3baee12fa9c65d0da5483753cd7837e9c242412038fd3375df53c094ba7d
973ad62b94a18f0b3d4590d9073069b5e3cf4f9d2a35a6ee2ada93cf8dbf43b0,results/aim_hardware_matrix/claim_update.json,public_only,b49cf306228232b6077771f184b30ed47a1f362f022c9951d5f25ffe4b47619a,
9d20533c3e1a7f17ed80c706572e00f09f5100b9addbd275bfe8ca645bc30f78,results/behavioral_governance/claim_update.json,public_only,ed5ab035c4aeaea046003787639695aed4aee1d361869297451e1186fa6e3bf7,
a14d3fe41ff6fc3b5ee00d66b94a67e90994cce4543e0bf6c37012ec8fcbe55c,results/behavioral_governance/executive_summary.md,public_only,6646e6468f1f7f4ae2669bac191468800fb25798bc3bc8836ebfe854fcaf1b2a,
01b31d8d7d9a915063257690ed7615f40e87090ff5d72a02fbf91af3959f1409,results/behavioral_governance/limitations.md,public_only,534459a3f3d6a65a6599209bd2f8211fc9c9754a6e14a5aacfc5e8f6f755cf5d,
2e1bd9a889f9116d0379fa5d7414d6e14b1d83155d3880cf341183a417be43b1,results/behavioral_governance/paper_ready_summary.md,public_only,a5ed22533c50c5f2e300bb543c847236c717b3147de6490dcdfed2cb500f5b87,
bbffb27cf15d2e5fc4b00f2f2b118ad426bb9d04a9c1b19c6c3d5efe4f061786,results/claim_status/claim_status_table.csv,different,7fd869903115470521ee6cbfaa752d5ba28811199afbb8d5a691a56695a66ce4,31abdb97caf9aae46d78aeb8b4b7d42a6440aa61b530f56165c9852d012fca42
a84de2580a1ce7134d173520ed3c659c0a50f3f1cb6b252e09283f8b9833730a,results/deployment_readiness/claim_update.json,public_only,8fe6b6106624fe333922b6b05f9095363864c9e353eff8b5e92f742fdb3e2c95,
cfc4803644f25d83a5a657b9d5628490993288d5f81fa133a2100c62a813495f,results/deployment_readiness/executive_summary.md,public_only,388fe9e2e16914d276c1c05c57793a247ae1f19fd92476d8d26c5467bab7e23a,
ed0625a949b1b1f299f5244c61aa4d1259a4c86991ed8569eced90f2bbe5a692,results/docker_hardening/claim_update.json,public_only,ade3da1f912b688a0449936ce83d657380d1a73d26e98e5115c0c14185119a10,
1d747cc1cbb6b2dd13bd6e6f28d24cf0b6fdb081dcd9e6ad6899d380ef415646,results/docker_hardening/executive_summary.md,public_only,b673cf9907da0e87efca2b2f0968b2c9af5dab26467c3298e2b27725b7f64da3,
29bb3e733defef38f6cb93f8b909fad24ba76b63a4c426cd5029083b88d4b790,results/evidence_summary.json,different,c713ac16c19db694b9681ed9267e1a5cd09fb033d7bb74c4c926b3808e54d60d,e041798a4c17bd1cdefa6d8884579cbb125f83aaeb08e49a39e3d75ffc62b0f8
e29089d7142ca41978cd1369cfe775fefa1eb4b85231aae7f8eac4175dc4d98b,results/external_evaluator_adapters_v2/claim_update.json,public_only,9792d435cd9437ce31b3e711b98937ab1656a6ce38231506442fd268016e886b,
d4bc1281bf15b37a75d788e19c0b9fd8f3458b55a6b7be52e869e63b9a33ce73,results/fresh_clone_reproducibility/claim_update.json,public_only,686153295d21a71c42a913632f57b3f9f51cd1fe0cd85578657779a75df6e7cf,
413aaf006c027e04f35024e8f3dae1f0771352ef559fa4bd4313e35fd6d44033,results/fresh_clone_reproducibility/executive_summary.md,public_only,1e207fdb123bdf4f7a8624ba3a99dd82419eba718f67f35ea102046ea43f53f1,
701297341d679bfcba2b63ee0d2ff587e038181ca6b2255d8797677f0eba32d3,results/generative_llm_validation/claim_update.json,public_only,d6f25c985b17f8c7eb68c069d1fed78c96b573d7555508d8d04db1eae38bc7a4,
cb7ea6ac61355096f84085b2104e0191d4588c537027e1dcfca933260e202533,results/generative_llm_validation/crag_answer_emission_model_comparison.csv,public_only,efbb31552bb39cf87f8d36e54a28ac7379ab5a2c407397bb6b2593dfa2c9d34f,
a86fd84fb56888c528484a3a9f4a7f9a1e76ca45a4afeff6d45e6b0354baad5e,results/generative_llm_validation/crag_answer_emission_model_comparison.json,public_only,3074fcfb9a7ea877b9c30a7b682e85dc7ffca91af9e1f978f52e4926c99e9ea7,
350d7c0a336f1fdc875c441a7d320debc3f054a8d252bc545fb17fc978444389,results/generative_llm_validation/crag_answer_emission_model_comparison.md,public_only,82c0cfd00b10c77f41f558fdda7efbc91dcbd5f4e55b6544c821b54ce786d1c5,
237b420e2dc36f25aa6487f0db307065b221d9d70475a193aec18e091ee7be98,results/generative_llm_validation/crag_learned_quality_risk_predictor_comparison.csv,public_only,34e3a8237503d34c20e62a1ec120f34edf5bdb453533c4bb6fd9cfe3e3ff7bc0,
651a85bb02c54a68aa64f6a4873be0b279c1f29ef05b800fe12de45bb56133f5,results/generative_llm_validation/crag_learned_quality_risk_predictor_comparison.json,public_only,3aad64f4c4d5f982f8834fdaf8045eeaaad358bf7f8062f80a64c823dbb9b7c5,
c78ef65aab2469c29054e37ca0e574b2b2bd69f8920af158149681e9dd525d55,results/generative_llm_validation/crag_learned_quality_risk_predictor_comparison.md,public_only,0968d31bebf00c61c0e6b29a6def836cf46b2f16c8c7d31fabad6ab456e01f28,
142a65046e032282e5e0418e19ef2a72555bca87965a5b1717881019ece03111,results/generative_llm_validation/crag_quality_risk_guardrail_v2_comparison.csv,public_only,d9ce6059ae10259d61cde0a9738ac9d40e56d78dc34759933ba39a0fd05dc055,
d7a25da2a2f18f27a5f67ec876d16ad11e45de1111444d1bd9c56710d0b7a721,results/generative_llm_validation/crag_quality_risk_guardrail_v2_comparison.json,public_only,11a139b0151f8244022d5d8f74dab061eac44a63aa7c28facbd861886d0b624c,
50043830b6a33011287421d15711b08a3656f635a7ad0bb819ab94d87a6c1862,results/generative_llm_validation/crag_quality_risk_guardrail_v2_comparison.md,public_only,7f41e9711308711032c82864d227e2ba9c803284948227043c65725cb8069122,
755199980d4b10be4a94938e523a0243f23a9fe9d71c657356750f7fa87ca6a5,results/generative_llm_validation/crag_repeat_comparison.csv,public_only,3a99b1e612afb72309e1a74b7e48910c32e08ad60bf5e87c723f05af9d809258,
29249425df77dc0e91180e622d638a1c9396ad4bde4d040b70bd269a088ddf30,results/generative_llm_validation/crag_repeat_comparison.json,public_only,9e4cbd64fa524a2f6bce32179cceba893f02d6ebabcba8f64490c2b365746533,
dedd001bd08be5d51e81549a5432e28feea8a7aeaeeb792f44f4eabc937ba4ff,results/generative_llm_validation/crag_repeat_comparison.md,public_only,5d3cd31c1ff6d152ff91086c858399f2219e2e9ac7623b21ba99b91a9ecf4e3d,
da1e4fc7dac081096c3783e5195fc9eb070160df9a4e4bd43c6b4c4365958151,results/generative_llm_validation/crag_second_model_comparison.csv,public_only,cbf18e008a0bfdfa8c69721f58cac056b7985453997e9a955a66a0db31c0b3f0,
f4432c303c37ba121d920e89ec045deb410772bbbce9237b9545cccd5429c9fd,results/generative_llm_validation/crag_second_model_comparison.json,public_only,23da2905cbd98511b4ca84ad926e317a232f13bf50b38bde716a4e513703f1df,
cc260ed038e4170c26728885832110b96db0af9da547e49a956922a4526fce91,results/generative_llm_validation/crag_second_model_comparison.md,public_only,96bd412575990f018c17d3bc7239c49fac5109ce870b28dc4b3e81b675dda909,
98dab6399d0381fc35e2d27df5658fe560a9b7dba8c431d113cf6cc965a56530,results/generative_llm_validation/crag_stability_comparison.csv,public_only,6d39b472622dcce79b3e5b92ce18094434fe4c2793ae7c2e3a09dcb72c334a49,
50de2079b54c12e7468c2424b8bf93b092f3c4fa9c72fec2b56b6a7c8306a756,results/generative_llm_validation/crag_stability_comparison.json,public_only,72c60bbe4762425f7138e5c04ae4400b178207757f02db4dffe99ff48565c880,
40cb8eeb153c29b63d7e42f647f5abf4e30a915b9835d37ff517d4ce383fd7de,results/generative_llm_validation/crag_stability_comparison.md,public_only,d82f43d606e8d2c159367e9881d23a0453baac0a5ed5a70a943eeda307f7da5b,
5ff1545b539c8ddc3c62e50ea400f9fc90e05788c05d22803f31779be207aad3,results/generative_llm_validation/dataset_comparison_table.csv,public_only,bc2eff20afc95dff982f4aa8515e7df1b1a4485977a9aa0607478c72d1ddbd7d,
0004279dda9ab2ca48f16dd17170b3a248efb5ec22f18cd025b3dac5cda00f5c,results/generative_llm_validation/executive_summary.md,public_only,813ebd39269a17f7a9d92f9a5f12a17ca50ecdd4befc4f22e47675489f9dc367,
d6da03c3afc586344750c2c2f48234b3180a03d9d056bad206efebf16a0e379d,results/generative_llm_validation/gpt_oss_20b/crag_stability_comparison.csv,public_only,108458913b8f2fd17340ebb749f49f2f06b2883e73f51c84d764fe68bc6c4495,
7bf49d714c59f4107cf211975c1bb6da2a7d2e9884eb31d14b21ed42c921b819,results/generative_llm_validation/gpt_oss_20b/crag_stability_comparison.json,public_only,9a67ee90b94ff5580ddf73e5a7467a3f02a01b06ede6a7436fedc74ece28af21,
cb6ed3be0fdde52dce20245c58d1d57577ef9180c0bea9fec7f86464fb229e10,results/generative_llm_validation/gpt_oss_20b/crag_stability_comparison.md,public_only,eed8273fae2661aa9c4dad698a9235ef8f1ccd3a06630662ec4928d727f7b50d,
96328f137982eb872565b3170db730860d5f2c0101e2271e98629055415325f0,results/generative_llm_validation/limitations.md,public_only,92d3276bf3d1be17e1e72e97da48cfe5b9cd49ce7bd7ed5fa82f1fcad2679ca3,
28574ed96fe556c30f8ced57e18f59ea6e1ed8190e9e75a73401635ad87bb267,results/generative_llm_validation/llama3_2_3b/crag_stability_comparison.csv,public_only,7e1982333c4645f192f9bb52d767b6a89d5c4b30334c84491f332c9128b41d2f,
ba3f53868ef2cd5b188fc9cb7aa41776f25b515e8b82960ae9805b9c311fec9e,results/generative_llm_validation/llama3_2_3b/crag_stability_comparison.json,public_only,bf6652b431b5b608ffd20dcc912f7fee105185aa8b201fcf3e35ec64fd4c35e2,
8f8f9f882b9ed6de2b81156a42a2a40b3a66999108e32426b987d1281b04725c,results/generative_llm_validation/llama3_2_3b/crag_stability_comparison.md,public_only,eed8273fae2661aa9c4dad698a9235ef8f1ccd3a06630662ec4928d727f7b50d,
5c8299cbe4e951866d7e551d8526f0fbf4d8e02284b58435e0ee945475358b9c,results/generative_llm_validation/paper_ready_summary.md,public_only,813ebd39269a17f7a9d92f9a5f12a17ca50ecdd4befc4f22e47675489f9dc367,
297ba13950f1bcd848702e1a0274d8ee6a093165cb66f0ebeee1b0d706e02bf3,results/generative_llm_validation/synthesis_report.md,public_only,813ebd39269a17f7a9d92f9a5f12a17ca50ecdd4befc4f22e47675489f9dc367,
8e701209f3ae39c8b294435051f1cf8c1761007ab94344962af658f75056a2d4,results/generative_llm_validation/synthesis_result.json,public_only,d6f25c985b17f8c7eb68c069d1fed78c96b573d7555508d8d04db1eae38bc7a4,
4e5ce194bf7ed67bb048551bd398de007c52913e2348991ed25d16ed78fcc3aa,results/historical/historical_blocked_results.md,public_only,9e10adcf4dbfc0771ff6edc92c50ca0ea3e65791617ec0da0aec50db6186402b,
dbd62bace52a3afbae445c2ed840ad932fd8fc4539c81d3e738ed93060993696,results/historical/historical_claim_status.json,public_only,7be5ba40bb66f6ae215a8f6782e007ea7c16214a0d8c71d5aaa43f7aa8b65759,
6401d71a3b894cef268aca5c467804fb7d7fa8c668ff534fbc76ddfea33be02d,results/historical/historical_evidence_ladder.json,public_only,d44f965f120a4fd6dfbb82d52b0f3f8cdbc2b7e5049cabaa9c36b4993a4a2d00,
a0c65f6bf84f27ac12e539f8db43eeef9d91a3a7a9f56181e7321c42a45a5ff6,results/historical/historical_evidence_timeline.md,public_only,db1f029e37ca94b4842c1d51b7a7444f3f9b3dca792b2fb14998da11ea220d18,
69a3dc9285abe3080aa0cffc43e2e6926ad137f23069fd0a0c68223bfff5673b,results/historical/historical_negative_results.md,public_only,8f48bb37b79bdb9957102d794b4007480a6fed41c7f55fc409069318a2f8535a,
e661987165115c4fcbfdecf973aaa971925652d7d769267d5ed1989b51a36e34,results/historical/historical_reproducibility_summary.md,public_only,6306e4bfb040329809bbc5a45218d7f74c1ad4d4d37de57ab6e6de6b5494876e,
3e2070b959d71c152a2d28d9498b560b96fb95fc142fad6686a6aaec82c30847,results/historical/historical_run_index.csv,public_only,005860a7cc31c8fb597d171df76c234d38583be4ec8c9a5e3c0518c626ca161a,
e06d2dbaec21cc8ddfa470cb897507e6b88cc9ce434c0aa122d496524c6fc98a,results/historical/selected_run_summaries/01_spectra_quantum_fighter_summary.md,public_only,677c71c8b422e7caef45fdf7d338f26029912dc0853a18354bbb05e5b18f1eec,
e088f1e74e21e8515269fdf2bcade79ab2442b375d7a90bc6cdd5248b6c41970,results/historical/selected_run_summaries/02_synthetic_mechanism_matrix_summary.md,public_only,7cb1050ac380c1e10367463657a8ce37fe786196f1672faa9d85b07e563bc43e,
eb891f45ce0f4f7beb93d3d82125b72bd0ff9a70f654f48fe5c54b53a4c669ce,results/historical/selected_run_summaries/03_external_transfer_summary.md,public_only,6ef418a6ddd3df47dd66f4fc370816c6656ff3ff51f41879e89d13e244d2267f,
e3294675d35e1afd7f87b0bb1ac5aa390e509a92dddc0208eeb0533796ac1720,results/historical/selected_run_summaries/04_matched_cost_real_rag_kill_test.md,public_only,360cd5e973c1dce7315edf777517be9510c931e3f0083241450bfaa36387d024,
cf77c249b2acbe57aec70401340ea76223053f380bda0586c5ab0d40335e7b56,results/historical/selected_run_summaries/05_row_level_reconstruction.md,public_only,a57481f5e69775109e9a9729114f1de3b5dfb36947c3b3c15bc37547949b9044,
131d3c967910735c3275853ce90243fd8d81d520d49224ff0866a4b2ded0c76f,results/historical/selected_run_summaries/06_t2_ragbench_development_v2.md,public_only,db811b23e2cb1e7a406d3dcefbd07ee0d2968af5acbf16d4460db887fb7467dd,
c5e2e702ae2a9a5c74f6aa496b57da2378cab973aca6d005a3bf6131addc66f7,results/historical/selected_run_summaries/07_multihop_confirmatory.md,public_only,124b264b1ba7a687abab70d683cff3652e38ef76869b53679ed26fca12c80c3c,
85a8d7900219264d02adebc3a0a0955b00b0e1c7434b325a5dc457e27fda645f,results/historical/selected_run_summaries/08_selection_regret_audit.md,public_only,4e2af1891e66c02a6675850165ae1bc223294331ea3e34f311189298742af621,
67aaf5955acc3857dce5abde333bca98bb958dc9bd1b317202fa6341cf0fa064,results/historical/selected_run_summaries/09_hotpotqa_context_retrieval.md,public_only,86b80ef155446270e1d171a9682af28a8ffa6ee63504f18e5fda7d82fca76cbc,
05efc839c5ad9b5eaf19379968605a971a97399d6d91eaa44f4466340f734101,results/historical/selected_run_summaries/10_crag_acquisition.md,public_only,6657c943384166f4b953adc780cc38eaef2b1a82324ce50b48d4ba76a348f7d5,
faff8c86ece2d8691c16ac7f81a797e2711543fa652c8acec209d47f8778808a,results/historical/selected_run_summaries/11_crag_web_document_governance.md,public_only,45143b255196f61e3b4e41f514454147c3bf2c14cacab9836a529f24f8eda074,
e5b35d2282c18468a189db381788405b12ceb47a205d3ea35e01f1688682bd7c,results/historical/selected_run_summaries/12_crag_mock_api_validation.md,public_only,1f6297ea4edca6efd558225978f39dd56f386e68c0d1c3becfc0e64e7522b552,
0ec1a2a742986af533a2e579305427d2dc3cbf9376f787437a1ee5400c500a8d,results/historical/selected_run_summaries/13_natural_divergence.md,public_only,9b9bd60faf7f952e39fbb3448239b043a9fad46b75ea5533605bb0b9ac1184dc,
b37c079f984190c2b8c815a8b6e938d966a1cfe2e6755c2719dc686acb13b1dc,results/historical/selected_run_summaries/14_rag_compass_niche_analysis.md,public_only,c8a28aacaf107fbafa6fd6354679d2a6b69095b6af60af8f15c40db8beeb61d3,
c1c9eb8c422a2c9a778450353ed2ddaa9ed829c79f63314f3cb50c70fd24e3d2,results/historical/selected_run_summaries/15_unsupported_validation_areas.md,public_only,7a02d6edb1226de82bbc5420cc072f6bd5996208b94a9ea5c1e70f56b6c78b1e,
bd3352e5e462107709d62a5c2b5c0cd8aaa4387bfbe7e5ae147cec1621457711,results/hotpotqa_quality_signal_audit_v2/claim_update.json,public_only,28ac51b0d9b1a5b9411935f6c2a9abd53146a2a964e21dde0055aeeeb95b7a96,
1c08feb64f114d0694c5e36966ff083a07f31280c23f3edd06b663859978a548,results/multi_dataset_behavioral_governance/claim_update.json,public_only,15204f534bc82fc0543651baf4dfd0c99d97af726f0d8fdc62820757130efc18,
a622c4543311b3c9db6579bfd1a3cd4ae75fdbf7f34a3448199d42f558ca17e2,results/multi_dataset_behavioral_governance/dataset_comparison_table.csv,public_only,fa04ac0aa2e09ea871a6135c11218f172faf69baacf99831867b5b1421339d31,
83ed1ca1290f80225d4ee508b0355be668e5d57fda23c478a00404d971b6a807,results/multi_dataset_behavioral_governance/executive_summary.md,public_only,1e308f18da0d041cc1c14c0858d3a66c307da0306157ea52dfd7ada2a332c64e,
38b366ab688e56172356ea501188cd57efc6a26c6acb96871a884f341a1c2a6f,results/multi_dataset_behavioral_governance/limitations.md,public_only,327b156220e751d4835bafb01a7cab67107361ea203c180ab2c9b7127aa97588,
cd075d4458d752cb8f35a9ab507ec236b95aecb62bf80c549ed18328e3269ca2,results/multi_dataset_behavioral_governance/paper_ready_summary.md,public_only,1a24053efcc631131dfb46dd2054a18bf3f422188b11be2d2814b5309ad09148,
ab2a7e1d9e151345317d014200e11f4bf6ca8361066fe4829a54287a129dfec3,results/multi_dataset_behavioral_governance/synthesis_report.md,public_only,f4ccd0675907b3f75dff264dc76c6f129c8b1debcb1faf6d2f61d44635207ff8,
539c2a05cd252691f0af192ce41c837cf965922178960859cfc9e8c5dc4f78d9,results/multi_dataset_behavioral_governance/synthesis_result.json,public_only,15204f534bc82fc0543651baf4dfd0c99d97af726f0d8fdc62820757130efc18,
da2f5b2d3fd0ca2b5dafc5a9eb544b5805f8259e1412859cfeaf2023a03b6b0d,results/open_source_arxiv_readiness/arxiv_readiness_table.csv,public_only,5539545b99f2f7e94d655b0747554e8224a6a3ab9521f0c09d57c8320e53da6e,
ef5b9a641d7beac61bbeccfe6e7582a001bbb72b93be5edc3f4ddcd0ffa7ee22,results/open_source_arxiv_readiness/claim_update.json,public_only,334c5eda66cee8d4d4e63c2d944a77f3887f6cfaa9e57511d704201b6c1eb94f,
6e3c3d3ad1d231590f832bb1e7c82297a90b56d13c13b62533f9181dbc54eb56,results/open_source_arxiv_readiness/evidence_table.csv,public_only,342d7f118991092fb488703886c661c53d6b38f2d31b417cce3d8953296777db,
934f2425754d8e5e62cc304a0fcee079a355a18da189e86de85fb9f6567ab89c,results/open_source_arxiv_readiness/executive_summary.md,public_only,08c17236e91476eb228f0265e5a78a95209173539b0662ccd74ef21a70e08bb0,
06d72a3fb8602ab8644821840ad0142d2af1226566eadb52ea2419143d6bfdfb,results/open_source_arxiv_readiness/limitations.md,public_only,b0e1f3e61fcf8c3436c5e24be0f3b7fabec5eb8bb258556454057f0da443b039,
22e845af34a0df7b62a2f080780a0a4251975b99a4751d9e4d5f66ac1f9829f6,results/open_source_arxiv_readiness/synthesis_report.md,public_only,08c17236e91476eb228f0265e5a78a95209173539b0662ccd74ef21a70e08bb0,
63301d89efba1027ab775ab0867801999b8feca8b09db776c6713ffeac70bd0a,results/open_source_arxiv_readiness/synthesis_result.json,public_only,334c5eda66cee8d4d4e63c2d944a77f3887f6cfaa9e57511d704201b6c1eb94f,
0683eb17bac9fa9a2d43712ac5fc8e3babcac808a4f6f2b79491757f5a5687ea,results/open_source_arxiv_readiness/tool_readiness_table.csv,public_only,8f6e62d2f2abd31f334908f09a68b05a59aa6af40f25859c44edc20067297577,
f4f7ea7fc378034de9d1772827382becd5bc79ac72921d18ddb3aa39f241000a,results/public_mini_reproduction/claim_update.json,public_only,5a4550587cd7a83daae93d4742d329b77fba69c8495c2cdcbd7161c606dc7b95,
9b8ce81f3a9ad572ef25b06c3b662f492b6085645a445e62e59f1c62c577b81e,results/public_mini_reproduction/executive_summary.md,public_only,577e23c03fca32d35608814960c325ddd6037d465b4f995def94fd28977b8563,
23d949ef65a1b49de0c202e55af017ae11958128aece5cc6a280ac223ba7d469,results/public_mini_reproduction/reproduction_report.md,public_only,532152888048d4da3b224bff8166648e1a8befe3a2ba89de272262d21025b1a9,
f578fbeba5cd752134da008d29104e5ac20e5ef8f55678af9d88408466e8e20f,results/rc1_arxiv_readiness/claim_update.json,public_only,ddb5d852ea41bd9541cb6367146d05b592b94a32690ddd883767d433d01cc958,
0ba8ddc79adea6e3829d250f95b4303dc0d501eeaaea4f11a4e82a37a62c822c,results/rc1_arxiv_readiness/evidence_table.csv,public_only,5ccd574ad03f916290e0228566dbdfb22e769d9ef1943b1009f25f89d17fd05b,
b9ba7ae0eed9fce6dda6145239e92b4c01792467fa391ac861227e9c46b6b562,results/rc1_arxiv_readiness/executive_summary.md,public_only,88e6b3d337cfb92781ee2a959ad96d5acba578f0994f539277c3b11ffcf7bed7,
428c7408ae894846a3115eefc611c4defd4af28fc74375fdf162e9dfd4a6d85c,results/rc1_arxiv_readiness/limitations.md,public_only,ff454b99289cdfb537e63c817067eb863b924a67b947fe834101ccbfbad59de6,
3b723ba95fb081f682f90875bfe89fea7e7aaf163080f59423f1244d4e5d4673,results/rc1_arxiv_readiness/paper_readiness_table.csv,public_only,5aa378e37d84bf314610feaa928bd1f4464eebb5518d28a904ea8168c67810be,
260b4e50cea7c2b9a309fde1485422fcf24813be866b4b2dbc823d58f5093051,results/rc1_arxiv_readiness/synthesis_report.md,public_only,bb3a8632391b3b0e09000f3b2a99a122d02f60f8470c41e1690fc8240f572751,
0c1b371774a7f729214e7ec5330286a5404806fcbaee2b899b2b7cc694f5f772,results/rc1_arxiv_readiness/synthesis_result.json,public_only,ddb5d852ea41bd9541cb6367146d05b592b94a32690ddd883767d433d01cc958,
4aeda5e9549d6da2db148af10f1fdd3657d669d6c293882902b0ffcce097a4e7,results/rc1_arxiv_readiness/tool_readiness_table.csv,public_only,18c3da1f4bcfc30e1cbf1e849548f0f63272df1904f872aa372c77d9cf8b00f6,
463815da5daa3ba9464c96dbd99bd5475eced736f87ddf749a36a3c667c677b7,results/release_candidate/v0.1.0-rc1/claim_update.json,public_only,5755f43ac82f8bf794e027a524742b646419d2e0a0cd2a19cb79a183f7f2639f,
6e1e52d3de7df304cd0cd39d2999ed02522c81e59f174e2bbbac8b53deff4285,results/release_candidate/v0.1.0-rc1/release_notes.md,public_only,074d8ef01e84014e10a25e50ef76f0c7260efa68e37ba43976c7e0d5a02efc31,
e340bf3de6c5496737ec578badc150fdbaf9d88232771f1c15b646cd40abe305,results/run_index.csv,different,affeec2cb070a150585cbd311d2b618dbeb917cf828e97bb02226a2206f20f20,1be4e822c7747bdb384c612f8e70caf358aadb6f215aac8c4aaadd2919a67304
cadefbd54315e653b23e08fd2665109b8cc1718a8c0c8f1e69771773a71a70f4,results/selector_ablation_matrix/claim_update.json,public_only,3aedb8542a456f8cdc71a89df5d2ce738c86b912109475831af2c77156796e1d,
cecd314278eced10fbb5acd494b2d9f97c4a03799294a064930e88731c01cdc6,results/selector_ablation_matrix/executive_summary.md,public_only,30710f0f28668c3dd76728fb9b04bd02c23f3300bebbe079451640d43a9c86f2,
70d8f795db946af65a08154d1cd3f7979928709c2f9721b0ea676c9e8c7ef75b,results/selector_ablation_stress_v2/claim_update.json,public_only,b7246a79dd233935da399591d657babe4f29e27a519315bac4bfb396a9d9ce09,
65a3c60342993b9e839b03fa5998e32c10c654a509b45ca1656da6b4a6759e1e,results/selector_ablation_stress_v2/executive_summary.md,public_only,01b121cc959da4e3f673bba05dd384027071f099feca23e006a5a5b620b70813,
8a46aa3c469be67c91463816314d8f52ea88f19c461f684cbd62b3a84eebd03b,results/tables/claim_status_table.csv,different,7fd869903115470521ee6cbfaa752d5ba28811199afbb8d5a691a56695a66ce4,31abdb97caf9aae46d78aeb8b4b7d42a6440aa61b530f56165c9852d012fca42
626e10f457c1e0e0a9ff464fe1b065e5ff28408e97d1dd6d39450e7e6189a52a,results/tables/run_index.csv,different,affeec2cb070a150585cbd311d2b618dbeb917cf828e97bb02226a2206f20f20,1be4e822c7747bdb384c612f8e70caf358aadb6f215aac8c4aaadd2919a67304
e9bfedaf46ee1a9e85481d9044aa7a3e202365cf4ccee77b170f2f6f1e1b7697,results/verify_run_demo/claim_update.json,public_only,1adfd0aabfd08dc2d1ea8f117b37fba8c60fe475eb64203feda60c6116753ee7,
a1627640a6bf9db005d62a0e19b6723e8f5ca44c24099e250b01362adda38239,schemas/artifact_manifest.schema.json,public_only,ab53c79d808d010eef20935a0b1e90be7f73112dbfa01d9d694ddc5d6affda65,
a3458528b7f40aa80a199b8ef1a5e63250a93badbe400ba05ed30cb750d43694,schemas/deployment_readiness.schema.json,public_only,0a7748f7b147eb5311e87926ae7f4336911b9ca29814f7746669152806111fc7,
72c5818d3435b5bd999bcb0c31d664f9bcadea620da86132201a01d690e471f8,schemas/promotion_decision.schema.json,public_only,743e64febbe7bec9a4d0133d1b649286d9cc2057def1a6786090b21eebb1e2e0,
114df13828d6bddb844664cc01cbada0b1eceea5484b8a01f754ab8f9d967793,schemas/run_manifest.schema.json,public_only,49af202e1c18514d79c9d433e47e97544a29a53716eeeb7eb1803637b6a6481b,
b0132c48ed5b350419303ec3eba473755c546d01329ea307deaf7654fd48e2c8,scripts/acquire_crag_live_mock_api_inputs.py,public_only,b33d5ce2c00bd70324fd759318cf60d03ef4d2fc899e427ab3968b0699d413b1,
35621d74ebe392c68eeeae57823f1d6c2be706f5bb12d3d39f8c651ff1668790,scripts/acquire_hotpotqa_public_corpus.py,public_only,8fafc2e87666dedfcbd73938c5d087dc8c68cdf6eaef707a2250db9a658effd5,
69a8e48cf0557a6c5d7016ac170f84df051e7892308c67e326c848d8fbf9fa88,scripts/build_local_approval_export.py,different,86822f14a68bce58d9a80c7b15128dc4521ce4eb56b2c2d9e3f199771488dafa,dbd4bcbc6555062514d4ec2eb34aba9e5e8d2937890cd2443e9a952ac360645d
ef25bd8687be94a87c4eafe8e9ef8d204583af781b620e7007e86fdc02daca3f,scripts/build_paper_assets.py,public_only,120c7673b3bbb5bf787f2944fa896ba0276970577037f881cb5c426b89498e51,
3101dd5dccd42a1d6ef4b7ca0e10a653ec254249ac618c3b28ca94dc674cae7f,scripts/compare_crag_answer_emission_models.py,public_only,e243ed2cb30ffd55527e15762f147bc47062f873a906108185afacf9e167ea0f,
cd86c322a6085844bc5cac8fe8b0efd574657e3aa1f4e4dc27d4ebe8c785ddeb,scripts/compare_crag_generative_repeats.py,public_only,9559debe6f42725051960711ad4cc5cc930bafb8996418145cb708f96ea490cf,
f1033464721f5012cc48dc43007898036d3c2270bcd086f84b2b8a4bcc4e9fa7,scripts/compare_crag_generative_second_model.py,public_only,67acf9c49993c5f8819b76d9d62a726a55b09a65cb2065f3f2207f05afe3e9ee,
0c1e49855b9ba3330168006c43aa4cbb4da0ea56050f14d2cf988fcff511a96c,scripts/compare_crag_generative_stability.py,public_only,4135ae33233aba2c538e0c03abaac6cfac27922def2240e5e0c5a98908336bbb,
4b7707c37fe05cb96521b4a75ebf022df5092c8042d26b6f4f08a8ae0a33ca05,scripts/diagnose_container_runtime.py,public_only,72486e6c13575c64cc66641e63992fe48eb95cb218303f56e3a41006f9c1fcbe,
5f068f9d6d913ac8a87927d421994909fda425f5e827028e8233e9b5e46de86b,scripts/diagnose_crag_evaluator_mapping.py,public_only,03a3865c4843a0da49f387a30a064f86e29668d35d1412dba8d5740b38ee20a9,
4018c9703b1ef7dfbf38cd74dbb706e82e0151180fb5a8ac43361e5f9e0ba22b,scripts/diagnose_generator_access.py,public_only,5a1b2c944d10392b487789c09124eed32b981283fe2118d2cde6910efa597668,
7ca788841cc48df4ee53d63bd0f1833b43dfd12f72d527e6772a534c487dfc25,scripts/generate_publication_metadata.py,different,deecad250a202a160919be0536c8e055aa79b11b97acd913bf36d6e0d98a35e6,75145f204ac5c5af8cab7f03688b88b1ed07919a957b297683a8c9c36a08f787
e370ab735b3a5d29ce7d7f0d64838acb0c531762dae917a1c54b61a65291cda0,scripts/package_for_approval.sh,different,4c65c498a8e7ea4f81f406614d331543908d32f8893d1a3753ad868a6551fced,6e79e10b05f24f275e6f08f746c1bcecf30d7d1ad0c2841d9260a2a302858b30
ca8dc31df39689d4ee03fad2a24332fc5659cd847ae74e9a4d9df8c82d4d1911,scripts/prepare_release_candidate.py,public_only,229ee4c668f94f10741c08b808d9af812bf5079cf3ac829e5170bdcbdf963216,
7a5f22b836f6f54c51df51242a3f2f209f67f703e50caa096f0ce1f71019c7ad,scripts/run_aim_hardware_characterization.py,public_only,b9b0d3a2542cedcff0f3a8bf8465df873a343ed8a414eaba5c97b6a2fb441242,
32aefa140631db4a1801c861890857a1b46e55adcb0489c49c507a6ae27732a7,scripts/run_aim_hardware_matrix.py,public_only,136d5c808c397ec0c42bf20380ff1f3762edad7a8d4db139de70e55b7ae5c568,
0160518b3298c9ca5b54699d13cb499535bc82a4074b3b134d59fe60054ad6e4,scripts/run_behavioral_governance_experiment.py,public_only,df3821cfb777903ff850e32309140708bb62a42dac87e6ebc7d9130916711fd2,
963fb3270c12660335e226a87963209347931cd911a2f08dac85763833aec871,scripts/run_container_smoke_tests.py,public_only,a65c23f05edde9ae14785a93e96994bc248d81a16e997dcb8ebfc516f77f62a0,
a3241081551b8b75f407f4b4d7798098d1fde24dfca4bb5640551a670a8ee92a,scripts/run_crag_evaluator_mapping_diagnostic_v2.py,public_only,817feecef179617c39a870c98772f8ac54b30f8f5080f988233350654665c42e,
91c206546b0454e51fc494c5989a2067b351f8628db22f2861da2265c50a674d,scripts/run_crag_generative_evaluator_mapping.py,public_only,fb7ba35d4c31fb49e54c31f6c4bb7ca3dcc320de503dfdcacf142af94ad1742e,
f5e06548b0767c7e79a55a70af19c1add14a501f8f95eba374458b76d86cb7eb,scripts/run_crag_generative_llm_validation.py,public_only,9dd5836bc6d37b77099e298c9453dea63ff998484743aa275f59755fbcc5cf04,
3a020ce80e4e59f4dd461188dba7b2e6823b9debace9abd182104c3d63eb225f,scripts/run_crag_quality_risk_guardrail_v2.py,public_only,1fbd9349b9b191a94faf8466fe2e12ce5d690199922e6b5cb26e296a8054cc44,
743a7f2f5a42962a93a40572ed20bbe18add14e78f7a4a38d1d56ec6a59e5521,scripts/run_external_evaluator_adapter_demo.py,public_only,8992c85231f80d64a7bced3bc861ace62d5b5e72cbafdc3a1ad1a5f7583b7877,
8ae5a58ed624a4004074df932403129ee54052121cd49ec0f7a92311753404b2,scripts/run_external_evaluator_adapter_demo_v2.py,public_only,41aa13d3781ef8520fe77dec0a53371702bdead8ce143decd92e8b32ffcee093,
5bf837a529affe63f1326ddf8ad2cf73a6bf28cd3ab12b647df336f1a1c98f99,scripts/run_fresh_clone_reproducibility_drill.py,public_only,657d7aae408b8031a348f4b0ec20d1f142712534b26b3fce7a9ffad26cff1466,
c3aee8cb4a828f2ea6ce2853b8b4e47c2606b2f355e65411f1c6b0046d22ecb2,scripts/run_fresh_live_crag_behavioral_governance.py,public_only,ee099b01ee8946b9fe95a529c8554d9fd97c598ed83bcfca90e8d1e1ab8d02f6,
3b19c27bcb3f448172ab55a9ccc0793be13dc43d48e2edbc644682b683568af4,scripts/run_generative_llm_validation_synthesis.py,public_only,0927a1af56b2645107adcb415c67f56281b03a9bc3e473e2151d20e76fc54d19,
a136fa411b23336164d01c16273754b609002c792946afd5c71d169d207c7d0b,scripts/run_hotpotqa_behavioral_governance.py,public_only,722e93180a4e49beee8ff0d9db9c926c8c9191f381ee883685514226051cd16e,
cdb4ce151e6198750af60756af1d6f028327d1d6afd2e3a5d437544463c7763d,scripts/run_hotpotqa_generative_llm_validation.py,public_only,27ca009395fda31c668b046dbb5d4adcbba51d80cd16466a3109e227b9207acc,
3e3073c44617d74180db9754a9e8debce3896c4adee4a1e4f0fdd69e6f7fb8da,scripts/run_hotpotqa_generative_quality_signal_audit.py,public_only,e1d2c58b5d230cc6691d45851f752566deeb30254068c6c6ceb1cc0806129724,
faaa678cbb2efd2ef30135dabe25e5bf5f94f0368a28b97abbb5c2179349aa28,scripts/run_hotpotqa_generative_quality_signal_audit_v2.py,public_only,221b7bcb5412051ab1fa897e2866cd941ac1230c794d32ede9e6806e684fca74,
f8e0beeb56d11dd7838cd76c492daa2f3ed455f48ae5b86a257e6f3971440a3e,scripts/run_multi_dataset_behavioral_governance_synthesis.py,public_only,e061c4b7fa54a279d5a16f6d9615014b68dd19d6bd2327d68b97d78931f12fdd,
84f45a3f22ecd5de0eeea9e707db322ce41c38f5bd5082d224f21d92837d8bfa,scripts/run_open_source_arxiv_readiness_synthesis.py,public_only,736e69d73e3e479d385395efebd4a7e218025ca2a6ab1523bd328dacb9ed98cf,
a709e23f02e6eb0378871ef542cf7f3d86810c31427775ea477b44b94002c8c1,scripts/run_optional_container_security_scans.py,public_only,6a0b25759a36449682e3d1634f6fdb9ae6a87da9b00e07a2f21ba6bb5fef0e6c,
f181e28f6c62e42155c08ea37abcf7dcdb640bb95bce7f04cc57f4e5b61fad32,scripts/run_public_mini_reproduction.py,public_only,e4c07779d90c660bf8e61c059a22259397b5a5750916f86c7e6e28939bc52361,
9e9e5ac7e2439709d902c2889a223dfe60dd634ad79ab8f6c16f723eeb1e1a1e,scripts/run_rc1_arxiv_readiness_synthesis.py,public_only,dc8ab43ee26dc8a8eee19e83e88a7b660a72a78c8696854eaa73ff9456055821,
cfdb98ec548a45ab4155c147b46b2bfc977439767045fdc790594894fba3aca5,scripts/run_selector_ablation_matrix.py,public_only,beb876cce4be37fc9290f80fc7fef2a59559d4a1ec8106bbf11f0b77acf0a554,
3fadd57c6c505911c272ef4467a7ea9f1834851e2e8e72924f2552aa028e1112,scripts/run_selector_ablation_stress_v2.py,public_only,aa650f1018d19f5cfcafb4e0873119cf82460509c137570ea76c2a236965decc,
3c66ad6733643dc789e258e7120a6b2dc822dfb96937a6c86f20a0788173f540,scripts/validate_deployment_readiness.py,public_only,38f6d67a3191e369d7635951c97fbd3ce0f3ce280f86b98a6832c24f11e0d813,
b22e334cd13621064c3b6404cadc975129d681e392021ed735d1b4f74481959e,scripts/validate_docker_static.py,public_only,61d0ed8c6e420d1a704d4cbabecd801d0c546f57df2ed2e825bdb16a493053d3,
055194e5df22979861e9756a257a3258cca34e081c56df700f993d74dfd99c31,scripts/validate_publication_bundle.py,different,838ada7b63800898c44a38d8c9a5badbb7e5501d26e87a0835e12ddd8477dd76,cdb39003cb8a89663115e0af973a5c632ab10f444bfa23a28d8f6f70b0bb0f57
a89581830950e7dfce193205068a7b7041bfa0b8f5c6346acc84c7926f8b6a7c,scripts/verify_ragwarrant_run.py,public_only,1c40d06cab2d9765bbd5d8d55ef57e0fee231722ebc5a32621e0d7a8d4a54e50,
76eed030a484a400475ddeb5edaacdf4c2fe69e6176ff6d340ee1bc8f05d26f5,src/ragwarrant_governance.egg-info/PKG-INFO,different,8da9b072c14a257441b374b1af89ce8c7fa69d351caa4c382bd139498d72c1b4,8f89271d2bb510d52c6b12b41fbf2e0da8a26660b5b2167ea348173bb0aa7280
77ba17a41f1f60e2410225ef680a37cadbb7bed2d8c27e96a95222e6585e9c25,src/ragwarrant_governance.egg-info/SOURCES.txt,different,09be47748e995d4d698d4cee6bb4b9bf661915a1bbfcc16e8669464ecb7c65ab,89eeb8867863bd37ebb134a4f02660705b4b21b5708225e759ec7368d7e37a0b
164fb34d8b859bff19f3f6946cff1ab8c154f6933435021266b6fed6bcf6df84,src/ragwarrant/aim_hardware_characterization.py,public_only,4942d95feec45cc372f989eef18aef590182bc5a41b1427ea3434fc999da7321,
44c7837e11f7c866bd9b3331f59df349294b97e48e418d8162f0f24742fbc8d8,src/ragwarrant/artifacts.py,different,c3732bbb15167a30f929aa437501b7473e7eb673c4cbe6d65ebcbb8af606bc1a,366666512d29e32a5f2c39055099f39b2ac6b33c5fea2607d2dd677c14856583
993d654414b9ca7ad7353981fa33c2b1eca36428e874184742afc2d1ecd87a5a,src/ragwarrant/behavioral_governance.py,public_only,17cc350be1ba66196aba4f645e72d7990f162804c32bd9653eeadf8cc413f77a,
5a98ca8e12c456f1b49a99455b85ea9d6fbc66a192e6f7e46dce8fdca5f5b876,src/ragwarrant/certificates.py,different,462d3a5b83ae6be23eb54be8b1b002ad99bb7ed3675af013f020631a02c127fb,395155a2c8e9234632e66cce7384e20ec3569b5d56e40b484c3436845f08744b
432aef8f1d930ea6c3d1012578e48869ffab9362cd2bab7825850f8bdabb9e1a,src/ragwarrant/cli.py,different,14eee64dac027e2d530617594e7577439eab200feaa300d7742634277b49be4e,8e36abc61bc2871c7b3749e2068c113591cd119390808bf80b5660148e14f744
67dc9d143f419542037c21d9339726b220ef650a786f0ae1d5df0e7881e47928,src/ragwarrant/container_runtime.py,public_only,c23d85a9e7d09ba46e4410eb91cc1587ced36e78a019c0092839d684622963fa,
58b63017ca64420d956d1c07b578e529d1b22eb0bbff22d4a0799fd63160411c,src/ragwarrant/container_security_scans.py,public_only,8a416c349d525945de28dc8fab2ad12356dc25282e39282477efc751d37e2f9a,
75dc4f8b22a45f1b32531c8d42034cb0b3ba6853c79a87a5a08773287b05bd00,src/ragwarrant/container_smoke_tests.py,public_only,aa430301e5c4244b653e07af0b730980ec9064bef5f2bdba35cfe7bdb6d6aa83,
01914396ebb55c91aa0bc97f119eea532646fa997c2653f068888b09704f25a4,src/ragwarrant/crag_evaluator_mapping.py,public_only,5086b8ac36caaa61f34a01acaebaad3f3ebff5374073d20249f234ebf59ecc4d,
b353a68e90a4024dab8cde20d36e59f20a28698f061a615582e62770d5cc99a9,src/ragwarrant/crag_generative_validation.py,public_only,f5f84fd9e519237e71e1c4558ee4d7828d972c0096d6b39f44bcd46c471aa2a8,
a41fa287bb94ea144cf24a45704c76b39c7844059521675defb9fc6aa7d747c6,src/ragwarrant/deployment_readiness.py,public_only,7a002021485d52f7c1bd0d2443717510496f8de392f887588cb34fd026c5cc9e,
db60f272e42030e08cfaf76af859ef77a5a3ced6c2bc6d02918aa30cc442061a,src/ragwarrant/docker_static_validation.py,public_only,6161cace3d86a9d505dc6e7089099fe34adfbd9f1c5f508ab248a7d390b3da91,
2835fdc3ce35edd88705408c8e9ac3b9d75cc6f56174a951104b61fe9f9c78e6,src/ragwarrant/experiments/certificate_calibration.py,different,3d67b505bd5e4ca712ba2d50f5f978e564fe90968715ba82b85872e7db02140a,c78d2a9e9a83e6b2bb1a05fbbe5c4fbc3b27ad82f8ac793981679aa7c3aab26e
7642043f9481cca94f521c7efb0ec87885e8c89e1a46c0ae598e72cae9d49672,src/ragwarrant/experiments/cloud_repro.py,different,e7fbd15cd6628331e4b061e4bd3b7bd02a28e24238e698242ac5b1e43f5301ab,4ba2bfbadd7ba1236c36b9687be21f930c683a18cc97d94a8979018bdca78afc
a9c231ccf5f8f782ae6f842fb7d9c1286e7066b832c97916f1cd16a08d9b8f41,src/ragwarrant/experiments/common.py,different,343bca5c670d4a945ac5de6db901156023cbe6c463000a665737a5546c54aa09,f1cb8d8de47e50f9668bee9057fc437683bcc038aa324cf34b57c1cb389790d1
640a76210db471098d76364cb0333992065b815bd057c487cb9fa8356d8e2f4e,src/ragwarrant/experiments/end_to_end_public.py,different,09fa64d21ae3c18e61aa370b9ed3ec994b8e6814029511d674f51e84388417d6,ef7dd210d50222dec9c82f37b14aa5b281c4eb5bfd2d481e26ff597740cceeae
f3348b7a0a96b3eadb0c54459e7e44726f03f6a0bc2047cac26e6ed6d8bb832d,src/ragwarrant/external_evaluator_adapter_demo.py,public_only,0b843b47625856868b2d773e7c58c34e306a135828f5fc8b37e2a6819e519f3c,
9b84503b874bc768b687712045d10ade7eb3e960b0565e5bf4648813fe33da59,src/ragwarrant/external_evaluators/__init__.py,public_only,d51dc2e2be9f1b54a10c3dc938a8376d057bc1cd4761f04019dec1582e365732,
e1c149a1c20de8535b7b16e0cc87dc36e0ce351240701ac86353c5854163e8e0,src/ragwarrant/external_evaluators/deepeval_adapter.py,public_only,6474efbde85dd4b028a5af823ad1387903ebe5d3c4840015bf691a0560c91869,
36d2643b9683012733c6798c2d11672256e7ccfef9953944b8f3c282de0b91d2,src/ragwarrant/external_evaluators/generic_csv_adapter.py,public_only,a3339630b6a62030b108f24234748ab6f2d162330c7be7907888507614a435af,
1b1f92b2263ca88d61464348b703c6ff0c4c2fe4ca91f1b82e8a4e4106723273,src/ragwarrant/external_evaluators/generic_jsonl_adapter.py,public_only,4ae92ca2111fac6927a9bf38b7479f38baabb211d6717b761bd57abb448e7a19,
eed4e438fbef87f39f6b6b6ee9dc35d130a610162d3f656598e2a05dbf62d97d,src/ragwarrant/external_evaluators/ragas_adapter.py,public_only,b4580b4f4bbbb2708bdeb96a455ce6e1d3acba4564a5f0f26cac22e2e6c5d7c3,
0129255604a159a0ee281b004f28c1c3546ea3851fa6c47dcccd08f36878de2f,src/ragwarrant/external_evaluators/schema.py,public_only,39c5691dac6c35d2ddaae060d225a026053539d69faae03bc1979bbba0132347,
6d805123e853915f345c06ca5f6b407c2cfde965d9c078bffec129eab19a99b7,src/ragwarrant/fixtures.py,different,7bd8944cdad49f2c2888d84325f7c867363bababaf3e407d76d6d06a68ce2f0c,d910639e6bc525fb86b5677ccd58c8e915b054f0e3a5aff975009ce732dc7abf
9a10db60b4150d6659a48dac5a72f836cdd1219713fb5acc1eb647854f368349,src/ragwarrant/fresh_live_behavioral_governance.py,public_only,2a1ca88e14cc5f10b69defce3e1ff9301ad60ebe238efda838a597f7ba19c8a3,
db2d2357cf5cfd2dd9206270d06d8177200f249e0958909d4d5f1a91f5fa41b8,src/ragwarrant/generated_answer_quality.py,public_only,6aa5da2e23f897c8695731f08b7095a388d1d6921106d708fdc0ce40000beb1a,
323e83343b7aadb674394046ec28639b36cbb9103acd708e57ed864fe01e9be8,src/ragwarrant/generative_prompts.py,public_only,e51710b0b3f15eec4cda3ca0ca04f0da87739a7bb4c1f00162e8f8972da31052,
1ba2a1018e9c294252bd8c05e63bee9a51c0a12ed6e7f2fb272684f25b670abc,src/ragwarrant/generative_validation_common.py,public_only,25f6a6313c06e71bc048ccb4537346687424362332a6ac38ff21ba9df46ac4e8,
2e97ed2518f48d330178b8090ceaca432904e01d3aa9c35d0c49c4050efe54a3,src/ragwarrant/generative_validation_synthesis.py,public_only,e0657490a0d4f5682e276bcb39496b926d6b9611abf9c5969f5db5196d8cdfe9,
f91700334e982af0d7f4634a43cb9282486f34f0a40899135d2a356e3e78958d,src/ragwarrant/generators/__init__.py,public_only,b3263a9328d33ddc9cd88b982e570e1ded400e17032015d730ed49d87f19dcf2,
ecc7fec4b6f1ac6d4ac1418e5f04c2115d79ff53f7ab2025d7eb57fe74856760,src/ragwarrant/generators/azure_openai.py,public_only,53cfdf98a43e18c0d498d181e270ca07094855d96dc2ad311a527e79e7711318,
f31c05a1654570d24a6499ed7d3b717db5ea7337f4ad94959f6fd389a4c84e29,src/ragwarrant/generators/base.py,public_only,9935a67d9762489639b9cb25273a88cdba65a1cbe6f99dfa6df2b9cdc5bd6a99,
595d6f126cdf205475c19d01ef7abe35a7b07c735d917f8da390f35e0bbe00ec,src/ragwarrant/generators/factory.py,public_only,4d4559711a9550c5c05652d4ebc151ef5cf975d653a6d107cab4410e2933596f,
e01bb0c00f5f94096cd164cb0ed2b6e1a2f54c2f8edc246a5aae410b76077b14,src/ragwarrant/generators/hosted_openai.py,public_only,7e779855e320a7f22c569d84dc8e8c496cff618e5a3927b1e384b918b4d2d55f,
08b5f4bb6fdd0a212e928236ee8a5a62043510334e66f63cc56b2944f161afef,src/ragwarrant/generators/local_openai_compatible.py,public_only,35f8399550fede129a54ee79b55ddd99879d36e369f40a28afffa5634bbeadd2,
ce462aca060964da5ee440dc3baf91786bf6a3ce560f7f7f8083a123e4739af6,src/ragwarrant/generators/ollama.py,public_only,2a58ecdcafed75501a4bc44302a6c7994c610bd0c470f0ace7b449943e9778df,
732741445925ed5a45c4e8cab8636b8049590ca1ea06371d114d49536a065664,src/ragwarrant/generators/util.py,public_only,8a35b16590a1c66ac00f4aa41377f013aa0d040d7c5e1fa0914a7ad6b81f7727,
327af8b240eb73d8636e35074acbaf3c5b59e1ff9af05e1dc6fe29b57c14f9e6,src/ragwarrant/hotpotqa_generative_quality_signal_audit.py,public_only,34f363bfef7519e7dd22e65fe995a7a425f9ccab06f78deeb20d1f4d3cc988ee,
210465f663a12fbc6352a850ca4e475f822515410e545f1b7250af5d3e21d076,src/ragwarrant/hotpotqa_generative_validation.py,public_only,a3627550b5cc9b244587ada0deb543da3c51cd1ed7e8ba2d57c975989f75fc7b,
6a6f1dcdc67b8ca01fb21e3862e8f6d5d2a2156d09ab5a8f0c48bebc5af903c0,src/ragwarrant/open_source_arxiv_readiness_synthesis.py,public_only,664006cfcc1f66fd1e46a88f5805eb2e84e36de82cddec26125d365700c79232,
bf42f50dff338500552be5726994d4cc6e141b7c65a035840233e423cdefb68d,src/ragwarrant/phase2.py,different,9c1ca3fd22ad1cc9190ecd0c8f3e44b50ed655a6c0e16c38c82bdf06eef839b1,b5f4210a15150713be2e64716ff44759f24390b9aedd047759916323ac3c6983
c98065c05aa1ce03102c98a46847d91439dc18f80a5070dad170155f2bd0d862,src/ragwarrant/policy.py,different,2a7d9d0210c3c444564594554c0d8f438a8a5ce3d22ce8373c4a2ea00cf21dba,b96e558eee5b1ce5a99111364de7076873b62dc139b73e63bdbd0fc6e26c0849
d114db04b9d88941913131aeec4dd06d0e10c0cabe8db6bbfcf7728d756c63f6,src/ragwarrant/policy_selection.py,public_only,0000836db72fb3dfe24ba0826417dd1344526ae5910b7232592fc1da0e3e379d,
48b5d629adaefa3cc7c068c90b039452bbf4ee96bb0e4072ed259d7987791250,src/ragwarrant/promotion_decision.py,public_only,49378ab485946fb85dadf9962f2310ebbd254484ed83d07a12f7b6aa740ac5a2,
e4568180dc07e9fb07b024261dc5b94946e27ef1a58563c2ebd3df635f0d52e5,src/ragwarrant/public_mini_reproduction.py,public_only,90efcbd4da86588edbb1eaa53d390088c445023fba3d0039c80b182ce2fe7dbf,
a59ebdff1ba6b317c42c99e63f550817ec1ba5172c6d8179f8cba50861a99930,src/ragwarrant/publication_sanitization.py,public_only,fcdf5779597863752f2c1ce97c0b6fbae431c787bbfea01ff14a9a7cd2c1d1d1,
3a1467da2cc91d4a3e2430a9ea26648bbc31fde7bd3e88addee9e44cd0d1123e,src/ragwarrant/quality_metrics.py,public_only,07637ad70037c7a11d912d47c4205847b0abf40cc6928f2ead315318bd3d4041,
fb9bed4247feaaf67161bfd886a7939917d4164618c1a9e9914e975909c08845,src/ragwarrant/rc1_maturity.py,public_only,e793581ee4d1a2e277a9c117ef9db4da8ac96b60ef6d97023ed14bd0ea282d8b,
8e19bbefa9292f6fe8235f37d450874cddedd756f1ca8461d79cfc57c575e4d3,src/ragwarrant/real_rag.py,different,80b279c06e43244845745d973e60ece1af05a8589c2a4cee31cd038c04cf7031,f69d192cf33d6473bceffde316832a00df1f3736eea56f2489214dda8e1f35ff
e14e514ac160a4ef046bee8f6ec7a817078a267b2c31dbd8e2a7e07f65c4b433,src/ragwarrant/reports.py,different,0a2b83da51e85e9b126d5655b233c8dd58c84ee56512ac4566c683637841c893,a8d99b963a319bd34a30493ea6f9d3bd238f71bfb842253c18733b25ad90f0b3
080443ea61a583e762284999b86ea7d3f3b2200853d37bf3d844ca69d0b5f8bf,src/ragwarrant/robustness.py,different,72ee8637536867009f2232ea017725b966b0f4aae026342986bff56173cccc86,96751367ea011178f2bc7593a9fc21cb2f4d79928f6c28f1d54c9906f360affe
83fc543abcaeeca5b8b78e38cba85214d42cb5f5ade6cc45f4246b7126b7c74e,src/ragwarrant/selector_ablation_matrix.py,public_only,da4693f868cb4836667aed84fa7bb2eac789711e1038adf0061a1d1bad4497e6,
b7f4a7dba98c0c027748f279db457be61180a7d06065fa7d5ee5502d70269674,src/ragwarrant/storage/__init__.py,public_only,ba02c3b6953b09bdebc0b1c23a34e99a960384787ab2adea70b5994476460fc3,
aed12b71025f1bcb85b6bea433e89cb499379365f874eb3a3e2f2b23d0f6172d,src/ragwarrant/storage/azure_blob.py,public_only,897c2a5c2dafd1c93c5260e6c166467cc412b89313fdee80e70984135c7433c9,
159a06318da672d7c47f6f4ae10f64c0334782d712735a8f0c98fe864451b09b,src/ragwarrant/storage/base.py,public_only,ce2876274ac164133d8271061d26fddf768aa7f6c7b4e9e199ea83155ca88880,
29e36666435ffcaec1891ce202bfe0cd99c675554cf74db304212749de363299,src/ragwarrant/storage/factory.py,public_only,10e5877cc45924868916075aac5101643c739b4da2c4c572cb051dd412783502,
571d587e42f3831a281559f04d64cef6b46b42300082a80cb959f6a778343878,src/ragwarrant/storage/gcs.py,public_only,15673ceb919ad87e9514206804d0d257c49aa8a050fc32c70abaee29e4aec526,
ef42e7ebf48e54f6fcde23d85227b3128a252de9b707e2ec22ecd67601b66663,src/ragwarrant/storage/local.py,public_only,7a9bd7b50aaf9d35e85a1d3c34ec555f87b2b2c05ada16af17485ad83f7b462c,
2148cb34e2665b8076407cc13ca6e28c6574d6a88b467e591e01a0f6e58f69c4,src/ragwarrant/storage/s3.py,public_only,45fd287ae9fc84e0a56fc21816a9631380079030c868ca8599f619c35206a11f,
f6ab5fb4667457b8aac6d860a81468372f98e68d267bf175e6a63de1afd20b94,src/ragwarrant/utils/__init__.py,public_only,94467663c7a367b17f8c556a0d487fbefc239946303f9b9c7f2a65090728427c,
57c4f3425bd638b4c58a6015189faec92c612a541940af7217212e8d4123ef29,src/ragwarrant/utils/files.py,public_only,82aaf2b81374af96f644a1afabca5ef055485a8f11cb3b65cca40e957e2187d1,
ad6952518475ff8a08955b0cbdd784844a5edba01adac407997413b38532e2f4,src/ragwarrant/utils/hashing.py,public_only,c5a0e21b6c44ef22b177a6f71f50477e825882ec72b558b63cb92cb8c1e98a5e,
64a1ffaf5e6bd5339524c645585f7923279f4b6faf35b242a0539bec7294c6c4,src/ragwarrant/utils/write_once.py,public_only,1dc3cfa481501605c1b59d174d4c4664b2825795418ac264677791b482b608b3,
3b698e701a9fd11f02367e951734d4418d40482ae5f4fa9f60054c2ddf4a4683,src/ragwarrant/validation_phase3.py,different,766ffda47daadf12fff503b29677515144edb104a01ea3535020f743f46267a6,bdf534387c10e19cf8e04228cf1d90ba64fc95c43243ba188361d010a5ece6b8
f8317c5c06fb182f6a8399662ef0cc473f84df0578aec5df49a6a5ab958bd5c7,src/<removed-lineage>/__init__.py,private_only,,8e0e1620ab60057f4cdcc5e1eb39b92338a9c6fc8ad5b4259f5169a089b80af6
e87b4880ad0147c8b8a765013c61b30e7ad49c70b026658362fde4680763a5e1,src/<removed-lineage>/adaptive_arch/__init__.py,private_only,,9bf6b83b600d2ab3d8dffa28b49bcb6483514f602c8aa057f86b435873d18499
93222fa6f217693c9363983d3e4c8b7a9615d57575e9bc4a137e553c841ef557,src/<removed-lineage>/adaptive_arch/architecture_memory.py,private_only,,f03295b4cafd9505263e123e94c1520c02a686833bff5593b5df63961527bd7f
29e4e1a1b3b585cedfa7febb78f1aadd3d924f5bbccd8c3fd943990bb024b5e1,src/<removed-lineage>/adaptive_arch/certificate.py,private_only,,f3ea1b19c706d8c3a532f7b3faf76a44ca62e0d735928b86407344c4bec8bff8
df486d4428527e472272a97e0da73a5920cf5bd3d7bd08471e504b61e8144995,src/<removed-lineage>/adaptive_arch/cli.py,private_only,,81cf44c7709a377979289d37e2db1d91e68b79e264c490ca008bd237ea19ff3a
5109e202ba3b8f1f0639b23584a48eb42db2c1ffc8374fb3cff101827b780feb,src/<removed-lineage>/adaptive_arch/config.py,private_only,,a52feef0606e228336c99fbaf10e7b9d8b84512b99fb68d29276ac5ed5bd6b5c
d09e769e6f5aa5c1353d84fe27ec514910156736af96316a36274fe547e15fac,src/<removed-lineage>/adaptive_arch/diagnostics.py,private_only,,c48d68e57c82284be70e2393d981e04c692e5dff2f54f0b28b7d2a602fe4a049
b66c762fbda481832782c134498f3ec1356297327a672605e82758d4818bc122,src/<removed-lineage>/adaptive_arch/generators.py,private_only,,ecdb12b5820feacc2b779179004cd736ca4d98478af24b073c81dddffa68d5d7
3a75305a17b2206b82d61d7c34a1fa1d4af87ab17cbc688db9550eb321f7a843,src/<removed-lineage>/adaptive_arch/metrics.py,private_only,,dff9ba2b91a8cff207be3ce0ebc3d25317ff7b1631f9902516f8857fdaffaa6a
8e8211c18d2a23106afd858bc8f6de48526696e31b27aebdf86665d15f4b1d43,src/<removed-lineage>/adaptive_arch/regime_shift.py,private_only,,73632319e857a3bd5fafbc5b56e7860eb0aa32f526631179ee5e70dd244197ea
7305200ba89adb6c827a14fb3c29df225fee8917e70b22080a6c4ed704af608a,src/<removed-lineage>/adaptive_arch/reporting.py,private_only,,abcc9f472819ac9147f484dcbed63c5f718e0eda7ad699e3b104c8fa5a5ce688
e3a1d6181e3bb45ecd85bf22ffe714a67168a3456bfeb9e0c0c5cb98030ee678,src/<removed-lineage>/adaptive_arch/rollout_requirements.py,private_only,,857be2a7bc8dd76e8c10d4de37ce55aaa5b6ffb915fcc3c653b39897a1b8e22c
7066c88ced39ef2c9365576ba85ef5a7d6d8693ef3b24687eaee2e4575131f63,src/<removed-lineage>/adaptive_arch/runner.py,private_only,,ba1c1318b6c3245e00c823d093027a827388e6c0807bb752d28891ae115a00c3
6e69d3cddf84d33e524c82673c0ce44b09610c3ea79a7052aff7035d2a2f3e4a,src/<removed-lineage>/adaptive_arch/tasks.py,private_only,,6defec5e8f1bd0b24c02165537574789b5580751e0a5a082137d6fa10e0bbbfb
820dcdc325a7a1a53e22414b4b9cd70f1cf819bfaf5129608ff6418b7bc46242,src/<removed-lineage>/adaptive_arch/topology.py,private_only,,6521d1a31a76722409f40728874ed820da18feea48e1f8a4bd06310472fbf480
b0d61927f0a4057b60c926154085a9325be2276410e37fa004a826a7c323d206,src/<removed-lineage>/cli.py,private_only,,d51309a91b385fe7706fef17a2433485a1765a3837af5ff3cd2c6cc0e32a1ec7
966a02af2850a0505c5d3200556afc58e0c2e32ddaeac6fa6251e20ecdfce29d,src/<removed-lineage>/config.py,private_only,,a7b727118ed5e15b32ef7202889397dfb47e0505ab471985bd72c1e6073ec4ea
452e3c7d5892def34c81ba874e1ce667f8888869d5eab315e200538f66fcc16a,src/<removed-lineage>/data/__init__.py,private_only,,b63d28fc3c6d9ff62db3bd4de1a932c495aa526c51434785eaaa20afed529e01
c0b846007c33a7a1564e8b80f2fc0832d120ae6dba147ab34623e62ff0a05ee4,src/<removed-lineage>/data/acquire.py,private_only,,909fb8fa137715a1f3bd3ccd17d50c89d9f5fc2d792af9753cffc5515c8b2a59
efa57e6992460957e8806c0d724e53c0adc06ad54622586237594ddb85287351,src/<removed-lineage>/data/catalog.py,private_only,,d8b7599f0fbf07ee590167f3839844c5dc0157efdbfdc082c92b201c3e196964
1a817eab5839fe4f7eb5b1ec7f586e8765600ee81d3a15f2df2c9241a18a8c25,src/<removed-lineage>/data/ensure_splits.py,private_only,,3483e064b9fb4b1a77f62fefd0031deba08e189f2127b168b5b60a4fc4d9224d
1ac3a0c1dcd692119e9e1d1298a641b3dcf8fdf26d7df6b69cbc5e762671d4d0,src/<removed-lineage>/data/features.py,private_only,,f5170e6d3a143233acfc9914f381e037cd7143ccea5cc2954d303a6e7267bcab
852c38c363acaaf0a6c9f87023beb3ac40738eadb4f75f96e2b645bd81cc3dff,src/<removed-lineage>/data/kaggle_client.py,private_only,,4e30c7785e014b571896bc3a77d53143177f0d13f6db04c1261ef73e2db92057
8aeb17c2f78e84450a05783acde0e1f9b5be04bd7984fefd19ad5685460850a4,src/<removed-lineage>/data/manifest.py,private_only,,13bb6f32b30589962f2791f0d57994a8e50ab310c6d561a4cb659c2013233d0b
bca01f5f1d6023847f1124913c8e68759fa153136dfa470aa7b878a11ce3d70a,src/<removed-lineage>/data/manual_import.py,private_only,,b9006e2f21d33de727a9823ac9aa74d9540c9fc3d01800ee0b90d2bbb79faa9d
2ceef1174fc43f08921d2a9d22a01e588debd5df506d72ca63c40040bb3253d8,src/<removed-lineage>/data/normalize.py,private_only,,bc9a09e34bee79d2edeee27e0bd2c721166db6469d77fb455f56a97086345429
4d39507879b8b57e8f53e28e3b029768a87e0676774e3fcbed8f4899ecf95416,src/<removed-lineage>/data/resolver.py,private_only,,0870124c3e1cdc553f6460faf796ffc8f6ae93a3741e1775db4159cc8e0b5cf5
4e5b6c6cbee4dd992e3db83bb62e68a5c42c645d63e9e7ef0b3a4dd8bfa72b3e,src/<removed-lineage>/data/schema.py,private_only,,a545d7f36fc69dc4ac8881958dc972fdac6233148f3b7452863d789743756de3
8aa68261e1ca4c0e3333eb8ca75f88b3903b3a322b4fb64f8e1e58c8234c1661,src/<removed-lineage>/data/split.py,private_only,,8ac139a3cb617f92438c3531417faffa4798ac7aed1935a64c812fa9ce6386f1
3165539bf6cfd2ac1ef0bb69b2b21ad5078c8394a635a13db5989009794a864c,src/<removed-lineage>/data/synthetic.py,private_only,,081c4650736101fab88016d2151492be0e5ce4e1a8f0bb30f9719fe7ccc729b9
06cca11765f0a845419e45978c1f2e2688d2ef21d980037e503b957157ff2770,src/<removed-lineage>/data/synthetic_snapshot.py,private_only,,9eabf5468249bf4b6ee60d52671001d65cdcc326c0fc1be8a0f82233be2fc52f
1bd1280f280c796fb96a94dc89c444d5a60cd45f589755ec1a8a8cfa9789f9b9,src/<removed-lineage>/data/validate.py,private_only,,bafc3b8c59601fe20d1dfac459e1ecddffe23bf1835d145187e225f95f5c4016
d3695964899ff5b6e56a91d70fa63c923f141124a570333b511e40a4a4a708c1,src/<removed-lineage>/logging_config.py,private_only,,c1e7896aece624bc0e18d74b678a7e4f76bf572c761931e84bb0ecb8f271a9b0
82f8208fe97b4c655c46eb72032881ba338115f36bd12e59ce551ded05ea0a8a,src/<removed-lineage>/models/__init__.py,private_only,,4e25da90d2b13eadda55d4604201589d9fcee6fc8448dc44073dbd12a473b220
e7bcd798df0ab5ec8b9233a71e8d9b2ea6e468e8f75d70c78b1f358d23f4364c,src/<removed-lineage>/models/ablations.py,private_only,,4e627b429913004fab711a162119b451402e58aec06b8495da06c4561f7c400b
49424f32cbc42d6bb2bdee83524366f1b7dc5a00592e6793cf2641d10d4c1239,src/<removed-lineage>/models/baselines/__init__.py,private_only,,0efd5d7254e2e4c64f5577e9c295f6cdc499ea7003fab384bf33e17f19a15c07
e7e8ca8ff56a55b0e4d1f3f68a59892d8a3c34c9b4d1ae692fe60267f93053bf,src/<removed-lineage>/models/baselines/boosted_trees.py,private_only,,dca66ffd7918beb95e4942c58329a52b7fe3a0e4d12762d9a8a2961e29f639af
e061ea7ef100c037862010c0d0ad7c5d9ca7037453367546acbd1c843f7f4dbd,src/<removed-lineage>/models/baselines/fourier_mlp.py,private_only,,5193dbdfc3bab11f0fb9d0600dd415b61e3f4e62a6648f5710e493c17d3f7000
6887d70ee180082e92aa3dd446420f5a88a69b8e26e72c9c8bcbfc1bc55e09e6,src/<removed-lineage>/models/baselines/gate_inspired.py,private_only,,5e1be0e7fc14fd4bc66b872c9a26c8ec83f4495646442d7a847633af32aafa61
86bd803b18c8742fc78cd6d46da959bce906bcae6d5a85f66d0778d58e8a7343,src/<removed-lineage>/models/baselines/sklearn_baselines.py,private_only,,1ba7bc30dd0c3a399ad8391ade508a86a2f9622807546a1f6a53e1503fe82715
2ef204fd5d56607ed96dda1396aebb0a5415e81e49c625bf79deca56b8b338b7,src/<removed-lineage>/models/<removed-lineage>sim/__init__.py,private_only,,9e1faf6e4b9073eb5b5ef98e93abaacef153e3952d4f6740d0787b2dc1cee93f
5b4256ab6e8099d26b76dc7f34298bb38be8a85775d00644cc3919a2ca00358a,src/<removed-lineage>/models/<removed-lineage>sim/branch_scoring.py,private_only,,6ff95fae742a0943f82ed47861d3c99bf3084a8cfc61db9e59f66e507d27b3d8
7c434a0d17ac9da2150b2c8511b69532f831b9b7755d0cbb72d1afc342c4f31c,src/<removed-lineage>/models/<removed-lineage>sim/branching.py,private_only,,0ea991ab30499178ab9704c03d04e87cc3cb59f5a51f2844e2be8cb82d72c251
53b60f3f624db0baef9319f26456b0b47edc5b6ed637044f8bf44c3fe6a03005,src/<removed-lineage>/models/<removed-lineage>sim/classifier.py,private_only,,4623632f7579fce1f90d2ea32a155135fe64c5835c54656dc1bc9d579a02505d
bbfd6b09ed8de01945cb2c0330a56fdeafd703bc8779aac280caf96b04dcf229,src/<removed-lineage>/models/<removed-lineage>sim/dynamics.py,private_only,,61c7965a21dd504cfd18c7c9ce1947fabe01d892211bb079ae82cae8b0cdc646
c6b527e5666f7feada59b5b8c8f43c1ae2f562f02b22f980e4f5a67b2508fb22,src/<removed-lineage>/models/<removed-lineage>sim/emitters.py,private_only,,d5988509138512e9b11fcdce3e1bc5ab76ca03e88b80f0daf34e2f9c8bebf1f8
a200cf77f5bada0cf458e84a708fb2b0e3ff6f783867b6aa2f3f7f9f96b1e7ee,src/<removed-lineage>/models/<removed-lineage>sim/feedback.py,private_only,,a01d17d124daa1d3de296fff1d90e7e12de6ad86445fd0c96b2bc5945a4c572c
a2bfd3d863709e42da303c90fd934704e2d9460da92af5ca2157d77973b03899,src/<removed-lineage>/models/<removed-lineage>sim/field_grid.py,private_only,,35eaef9659554a77780aa5b752792169c0a9d33c56645e2eb78e884aa2b3dfca
eaddf393336a10e0fb5502cff6ad76ac83645b5cbf14c4331e959092bbff0fe9,src/<removed-lineage>/models/<removed-lineage>sim/merge.py,private_only,,5fd40d7dca114a4f4f73c541b99464547dcfc55acc92e08a9e107b67b074ea2f
116d46c17c86f878b9f28c5d3561bcd095a24ec2dadcd01197a5744cc4f5577b,src/<removed-lineage>/models/<removed-lineage>sim/model.py,private_only,,45aa390f9eae66746735be186b07a180b5f8d88adebf17d1179fb2d915e3d7eb
965af0f2b84d757fc6edce2e48962e964179e332312d130cda99d1b32232a125,src/<removed-lineage>/models/<removed-lineage>sim/phase_encoder.py,private_only,,657ca7159257d1ab4f199e265da47093ffeab5bfbd647bdf9e77dff2a0cda6ed
867cd93f2e47c1e0be24bc56d1982ce099f144012d241a4c0a628918ed1e8633,src/<removed-lineage>/models/<removed-lineage>sim/readout.py,private_only,,f8249f542698cfad18cea43f85240324f4be0b92aac6f2e8ab18e14f1e63ffe9
bf4dccdc692e698634942590931bf9894b4fccdf4d259904cd16bcfe55b17c7a,src/<removed-lineage>/models/<removed-lineage>sim/region_selectors.py,private_only,,34ef6884653667419c1aebadc0f40a86460e5d26d0f78ce8c4a7208c2d4af48f
c4d62ae7f254f85aa76cb97ac70a5c4de7eb7aeca16fb6fb32352a172c40adab,src/<removed-lineage>/models/<removed-lineage>sim/rollout.py,private_only,,55bc7fbe2812b0a6d9bf35719674ba856b9e9b51d26eea9741498c165cced5d3
dbb13568039de9af15a781f8b159847ca95022c3c91f9ad393a564c845dea070,src/<removed-lineage>/models/<removed-lineage>sim/snapshot.py,private_only,,85493b9dda9c5045d5a8fcb87de0d7d21465f2702102aa67467da73cc5efe8cf
9c0c185bfc6488018e35d47a56d580f7a82dc373807de9b2455949ca4f04b0ba,src/<removed-lineage>/models/<removed-lineage>sim/snapshot_engine.py,private_only,,a459417f7ab771ba93a16255262ddb25b62dea9097bff16370043eace3fd5272
f80fb494def587d2130fffd456f06f3f69923ae6faf930300956a5d8ffd27a2b,src/<removed-lineage>/models/<removed-lineage>sim/zones.py,private_only,,7c12908598a79dc7732bfd2d7f1a764d0aaec73fe056d9f48750554632c513bb
aacaea01809d8b95e9acb1fae3cb4ba65a04503fc3b3ea24d5df25326643db08,src/<removed-lineage>/next_sim/__init__.py,private_only,,d9f1a470c1525393ab84ee8978763e2706559bcb964ed39ad6e98b0eceae08a3
c33efe520c913c1d53206bbe1104f76e62eb46d79e6b87e2e0e44366a89a14f2,src/<removed-lineage>/next_sim/adaptive_escalation/__init__.py,private_only,,ad451f9047b18d36d5c2ab0b2ccc148765a11f5b61f6056e16af1371e5ab0174
c50e555f1902e2f0df068e1f5f348952473e5c48b28b84f4593af59d8f72e8d1,src/<removed-lineage>/next_sim/adaptive_escalation/policies.py,private_only,,aa3c8e516fc0f26b4e1f59a13f2e4521d04769845b01d57abb203a5df6d14c40
5a919d19a453b4de5b61c1f382b221306c3524c8f68ecfda4540601d5acbf4d2,src/<removed-lineage>/next_sim/certificates.py,private_only,,e0a5b74a367f7ab2513a8b4d152811546ce4735a83446ef395954d1ac6e8f1de
934b7ca9db9ef15d8a0897899d9c64125d19f89ba5562d23ea9fc6857afb7e81,src/<removed-lineage>/next_sim/claim_faithfulness/__init__.py,private_only,,c145e02a43dabc59ff6f77f0bd2d3551ee3e0301556965f7d8f38be6fdfc9fef
88250ec1ed62194c4e4498c78a868626def86830102f2e85775b48ce7da04a7a,src/<removed-lineage>/next_sim/claim_faithfulness/claim_extraction_proxy.py,private_only,,4580427b04ddacec2d6868120334cf9cb2e9541bb85b0b32d2744661980ffb94
16135e39490fb22fcaa71b8a6941cc07c218a0f91ac0ee7744c6e3c9660f16eb,src/<removed-lineage>/next_sim/cli.py,private_only,,68722a3eb701bb6ea54507d7326096dfd06623a878d3ad0f5097f5ceaf0673b4
c138e02742a3be0a85713d90e5790d4a1e4e0a43d3583b075c6919ecc20ead36,src/<removed-lineage>/next_sim/config.py,private_only,,a179ddba93cc7fef2c8aa5ac40192ae5c00d823df7cff92bffbfb53e5fadc67f
fa9692c18f5d79a1831550cd1b73295fa4572d0d6724c28d5a482e92de3d3f83,src/<removed-lineage>/next_sim/elastic_compute/__init__.py,private_only,,c2bbe06918e15f9ff4ff5418ff474a1659fcb38b677859b48392a8586a1c765e
443fbfad9f50d9bce7eda0d7a881848c8fd63cdf85686e10d3d7fe61c1aded22,src/<removed-lineage>/next_sim/elastic_compute/synthetic_trace.py,private_only,,ea103c1be19e28419cb2ccc8cc98d6fcc0589317d33928d439b0b728c21352d0
88ba89a4876e8f47824467c95bc3c329206c436b27289a86e671df05976472b9,src/<removed-lineage>/next_sim/paths.py,private_only,,4811687de3b149572ef30789315c6129c5b27f633208a5056c77211b11f84b27
ba48ba65c260b162dc02bb44775a5f96439a257514c5e345d32418b03fd772fa,src/<removed-lineage>/next_sim/protected_results.py,private_only,,457cfd4c93db8fe3c278c3da2ca165f1447a7e32556548d4fb78b0967c37fb84
dab8ca402887c0883de9d040ae3534d1ef48e5e38e5f6bbbe8e112a8ef20995a,src/<removed-lineage>/next_sim/publication_bundle.py,private_only,,4b6d6e2bfdf448512f2e895f7f73849e7e515588e0aa546b774fe0da436c5fcc
33c34b6308bba0d2be06d3ebbc6ddf11e468b8b8a3937a0cc1e3d525d66a85a6,src/<removed-lineage>/next_sim/rag_hard_subset/__init__.py,private_only,,f0d17fc2fc099d9cf25ddb770590cccb087d5ce6a09fccd7af064462cdfefd66
9a283695c1842b54e345e2e12e0d30cab7a17e5092c9fa51c6218a988760ec33,src/<removed-lineage>/next_sim/rag_hard_subset/subset_detection.py,private_only,,aa4ba5b0a72c03f092ec2d56f90c094942e5fec14432af9d3a6951c115c63b81
43f6b2aee8e990ed61c4ffcd12e3133889a04f94f5a3f91c9105b55a29380cb6,src/<removed-lineage>/next_sim/reports.py,private_only,,ca9ebad98df0af990c9e76e79cb2e36e95bbcbda8ea5830889497d0417564657
7d21d1be6874da03de09b1ad620f7bde66e2311cc65d2feb3800c46cc5a20ea0,src/<removed-lineage>/next_sim/runner.py,private_only,,54a6630ef1402e2d613967e92563776be8ca7a03db76cf96e030c1a01079a73c
4336c500bab1854b40044acc227ce0cb64b05036605de88f502fc918c8846d2e,src/<removed-lineage>/next_sim/<removed-lineage>_core_v2/__init__.py,private_only,,343d2825bd7b497222f5dacbe94521114e5b4652fbe33f9d8b6369b1891deacc
29bd207875c35e2d6f2dfdaf1fbfd588f889b03f6a26722c4c8ea3190751f6ac,src/<removed-lineage>/next_sim/<removed-lineage>_core_v2/closed_loop_v2.py,private_only,,b608806d148ed974c62adabfb01171d96f2ad01c9e3d933336253c49936b0b86
32f279e397f67046ccd5d24494b5584c0007e2e22c9991e6385faaf92c8b8024,src/<removed-lineage>/next_sim/<removed-lineage>_core_v2/field_substrate_v2.py,private_only,,5f84994a3ad249d72df36cd3e60d93efa3b481ab04619d439a9b0e7494a41bd3
9c55cf75a61f67fa2eae69e3507d2f1e8aefec9b0ffd5c028997ca8aafbf8897,src/<removed-lineage>/orchestration/__init__.py,private_only,,44b9c6abf8a34c989f5d0e82dbb44ad7e3b9df4fcd24f98c1f2dd0625cff03c0
6c683a3a886b631a9d54261e5d459e5ca305bfa9f48594c4747065d2a34f3535,src/<removed-lineage>/orchestration/api.py,private_only,,bfbcc6a0794c0831cb95c9332b75f9e6f3bb2e3a2668011346509f6f245249b5
2a8c94a83afd8eafd46ba85dd0d6f411daf3a693e03bc8948c16a8350c288725,src/<removed-lineage>/orchestration/jobs.py,private_only,,91a717a9358f11b370a8819a6b07b6276c4fa89817ee9970a1fd038870e7e751
e5b58c7a95d34c467066403c19056b666cef8887fc141e809ec170966f371841,src/<removed-lineage>/orchestration/matrix.py,private_only,,0566bf3cb351f731b76198d9dac7a77ce218caed248f28783682a16fc700379d
003e1e21d9a889a72ae75ce53d7c18e03666b20e561faacd2d35a11c0c661af9,src/<removed-lineage>/orchestration/node_registry.py,private_only,,52d8fb7f7be7ccdea6945635c6f587da485bf7dd7fac799fae9aac0b3c25475a
d7f839e721d8d1dc41602303e91a765393cdf009019f2377b88ace39cdec65b5,src/<removed-lineage>/orchestration/queue.py,private_only,,9816dc4adb55170cb8426800110f00b470105751d3422496f18a5f5b2781ce0f
d4470c15080d85b01e23415bd0440f6c0796cf005efdb1136dc3fa8f994d16d0,src/<removed-lineage>/orchestration/scheduler.py,private_only,,25703212109b7aeac921ccfd674c8d402df34b07b986f40c42ac4e31a5da7422
ca74f10ee80861cc71f315e27af361061e04ab038d1ce960bd1e3c67d29ecf5e,src/<removed-lineage>/orchestration/worker.py,private_only,,3f06bc03098f1aefbf98beb5aa062bcc1b76430ee91beca35f907e947ce334fd
89ab52f8d69bb96bcb53fa2e7c69d55b9ef06aeed133d7233d2cc9309bc12c11,src/<removed-lineage>/paths.py,private_only,,355bcb68babf946ad782ae558423509ab449e4fa369959b812f224c7d5dad2b2
285882a845ca56ed1c32b6cdd090c2d7b2f75588e3eb5d93e3c837296b1e49f2,src/<removed-lineage>/registry/__init__.py,private_only,,0637e9df7a5beca8c3bad1029259a5f96a6cd402ea3a6392048c31b0b6f78760
860a3bb06a2a6883569705f2fa67c084934dbf1706e63f556b6ce92edd2bb232,src/<removed-lineage>/registry/db.py,private_only,,4581e3a194d5d17d72b729da2bab521b30302d86b9eb84dda3dcbbb15b0ec11e
dc8a9c27ffad59409ecf5a1001be48f3983f6079f7612b1e6cdee17d43315e19,src/<removed-lineage>/registry/migrations.py,private_only,,ddba4eb3ea03bf61cbb948e0576fa2956a8554b2b199b2fd9b68cfe3c7c274f7
3f7c6fdc8e0d96ebc468f828d6a79d2b2f8e557c541b3347b97856ac3e58f2bb,src/<removed-lineage>/registry/models.py,private_only,,a9090036130060d4949b8a78241fd36439259aea386b0e8afc2bb081b8a4d9f8
2007d9c083c24b62cacee276bb5598a651793171e19d8f2edf47d2947ff3e0d0,src/<removed-lineage>/registry/repositories.py,private_only,,d82f79f7523610e380eaaa570537f9e1df99cdaea1f2893969fcd36368415c32
a836136e5a6cb2038532f6aff6c263c92cbdddf611871cc3c662dd3d2628306c,src/<removed-lineage>/reporting/__init__.py,private_only,,49fb52171440eaa35789b85878928166ef2dd97634546acb804fc7ea0aa139df
10b1c9009a6ad7dffb819632b32afa6b67902f0b459c9b86be24466c4ba3b061,src/<removed-lineage>/reporting/bootstrap_compare.py,private_only,,c4f3965f35a0b83e1c45b46f8c7f0fb3c49ff9ea4de29e482b7f3cb15ff9ccfb
ad73a6525ac00cf51cf002c3486eb51b6972e0fcfacbed1565602cceb9877fc4,src/<removed-lineage>/reporting/certificate.py,private_only,,f47106f540294cfeac44f29c990700b9231f9b5edfb65e348322e623336876b5
d253c7c6683d5d317e0777edf33f3c3a2102785a0526bbd8484ed1eae34835c2,src/<removed-lineage>/reporting/compare_runs.py,private_only,,3665f70a0f4cfaab781e927b80ba505ab270325f5b1bf70fee3f6920241e2313
e6902f9919d706a39135e08365feb25acef7ba706c0839e663614cc91ceda573,src/<removed-lineage>/reporting/explain_run.py,private_only,,3521eee6dce405dc7b9fc7cb3a678639c2c367a4c01c43eb693d535078fafb49
acaf62319ce14c458c96291864ffd9b62dfcdcf72e7fc541c9558bf064c51bb2,src/<removed-lineage>/reporting/plots.py,private_only,,aa5d7ba2da4662e1ceea06b54df68ee82eca4fba38ef4e2adb201d031697cad3
a66fd9f28b1f8055bf249fa1e2560f8fa308e0736f296b8f5f695b51f8475cd6,src/<removed-lineage>/reporting/templates/certificate_report.md.j2,private_only,,490e0696ecab2b008d26037e9380daa36949a3ba155de9e7a3ec553465159d16
66501576e9c97874912a04096decac7621f67f59530ca637a0721f0c3d9b0ce3,src/<removed-lineage>/reporting/templates/dataset_report.md.j2,private_only,,02ddb93d4d65559c0c000fffb5a4de9a96dad58385258c4a915fc0ec5f31816b
bcdee3379f206d6be1c8f7750655b608daf1b8824da3b45a9601eaa5d0d4d050,src/<removed-lineage>/reporting/templates/run_explanation.md.j2,private_only,,7a7f6fc844a73d052254d5f0241b328b722ec227ce183a37f375371a34d51214
69afe3067d25bde71feb1ddc6de94a142c5b89306a66e347c03c5e3c1c7ddfef,src/<removed-lineage>/<removed-lineage>_core/__init__.py,private_only,,266599680de70aa2a674d42ad4734892040c96fd67d27f284ed7c6e64ce1b850
f84df9a01902af8af4d2bebc58c8dc39658568a3349d9af863a02bca50006421,src/<removed-lineage>/<removed-lineage>_core/adaptive_arch/__init__.py,private_only,,0427695f2306c46227015f2b3a6d096b5baf70c376d38c32617a3a5be0332357
a5916cd13565a74be240627b188e69a51cd0f3138dfa04dfbf24c8ae4a7ded73,src/<removed-lineage>/<removed-lineage>_core/adaptive_arch/generators.py,private_only,,3715f906a9bb245b9dfb957efdf30db9837f0e5700ae44d6235c8888048810cd
c5ea58d185e4e949f5dbc6dcf969016a9faf1102149583f55b44f77cac8f398c,src/<removed-lineage>/<removed-lineage>_core/adaptive_arch/runner.py,private_only,,9c2cc406011770e03fcc0702a31a4b6dba821172430db677cb1889c964c3c69f
3f27987aca8c417e5abdea500d07f5c2beeb3dae1983af06e9bd86d29a65fb06,src/<removed-lineage>/<removed-lineage>_core/adaptive_arch/systems.py,private_only,,eb55171de016468e33d3c721b9ec6060fdea5d4d94181ae5017b89ff88c5be5a
d5036b66ffb0dfb77cf47da7b524ad893946d09d159c86c10b549af30bf0f3f2,src/<removed-lineage>/<removed-lineage>_core/adaptive_arch/tasks.py,private_only,,e01df2e02bc9d2f50665fcdf3eac120d4f87c79f847baf4ae198bead8eded590
0953f0a20cfcfc54a47a117d655c1efcc78b84eb30d32e9123e4715b99cfc46a,src/<removed-lineage>/<removed-lineage>_core/cli.py,private_only,,0e99176b84d835b36ee608358d87bb2d1e7052e7ee57fdb75bc19c3151d70849
6e357e0f0b1baad6aaff92505ce23a469a57aeb0f11a6db64943f56cdcc4f00e,src/<removed-lineage>/<removed-lineage>_core/closed_loop/__init__.py,private_only,,0f136fc991a2a9245bd103a3d662db6c71ecc3b426dfddbd5e0a9ef461c9b674
b405e708d2705f1b8b8eb97507216d9ef8af54b62e646b1ba250d4e08e5f41e8,src/<removed-lineage>/<removed-lineage>_core/closed_loop/controllers.py,private_only,,a30bfc41a54b16ff7fc6d4b1bdc5ba31bf8299fbeda365957030a73027244529
c9df66629412897c392aa1fb32f611ac0194b1230eef1c6240c58a8aa7b02eb0,src/<removed-lineage>/<removed-lineage>_core/closed_loop/diagnostics.py,private_only,,cc889672dba2957862b85c846fc46b4504e4bde5aa1642fdcbdae475e7dd48c2
5a8b10ec253268bfeb8d607700418a33dc4b668bdf924714e6a684ba233846b1,src/<removed-lineage>/<removed-lineage>_core/closed_loop/drift.py,private_only,,71844c2ba797bdba29de4723fecda96aad4d39668a3ed81278992fa831cfcf1a
30a7aaa096a29b99c5704771d5bf1a7be2371ab65f8535c44fbda0fdba849e16,src/<removed-lineage>/<removed-lineage>_core/closed_loop/failures.py,private_only,,f742a9a9421937a5585b38da20f323b9c23f516befc8eb83d2cb0c052ec92e23
3ff788f0fa6c9961795b176f53bbbf228059eec8f7fffa38a890654bb864f416,src/<removed-lineage>/<removed-lineage>_core/closed_loop/latency.py,private_only,,6dc962e0a736489a107fefba1fd12e23ea5e7ac4b28074345429b3f3190da551
2076134d4daa005e04a70492bcab1c741f65d3ba44862676b32322aa48b2306d,src/<removed-lineage>/<removed-lineage>_core/closed_loop/perturbations.py,private_only,,5710c0e5fc1f33cd4b1f42fee642b9462c8217868cdfd4cb7cae645cad908f0b
609e5ac58e41827429d16e697b61865a3ec9eb2f5d1f0092ed62505333a4f6de,src/<removed-lineage>/<removed-lineage>_core/closed_loop/runner.py,private_only,,1649bfc7a495c44ee90a0a41e6b6d203b33ce3f25af4a30c9a57ec298e94cde5
4e65237991251092730c060f2fe5c24a16a120e8e4bcae9eb80e019a7694bf68,src/<removed-lineage>/<removed-lineage>_core/closed_loop/sensors.py,private_only,,48393756ab951fa506e14121f57d7ea02a1bb759cf4d0ec1eaecc3c1d5a1857f
749827d7d81a50619fc59e642a091a9aabe7fb851ba1c1a8f8018474d3a12529,src/<removed-lineage>/<removed-lineage>_core/common/__init__.py,private_only,,8b37889106e489527530d41f0b04537279cd02371df9bbe6fcaa205444091d5c
6d16a1d6a2d477de720903304299ab7e2e5830611bba76aeb35d264fc024b0ee,src/<removed-lineage>/<removed-lineage>_core/common/certificates.py,private_only,,5b172ab39142154e18915a5014b87316726d8a6f95cd6a562c81ffe025b31c1e
a4bf2e74b79535f998352c0fae2a0eb42a2ccef2f6bc5c414e60024e9a575633,src/<removed-lineage>/<removed-lineage>_core/common/diagnostics.py,private_only,,c2565dace02f3f83f7a1b041460da492749c9d312d6393c1030005582c5731d3
31c3d2721d6d6f02004b91e3285a740962746a291ee7badadfbd533dfa57ef88,src/<removed-lineage>/<removed-lineage>_core/common/grids.py,private_only,,09f72773bd28fc40b9454905e8c530be8310602f15b74ff7df15807a114e9fd6
700e757aaa9ba6d27d6fce48543132e2c76bd1485ba9fc05ab6349b7f8020253,src/<removed-lineage>/<removed-lineage>_core/common/metrics.py,private_only,,3e5770ed70792c37caa785765203fb6a30d0dc47a53b47fd8df6b7d6b865cab9
2d12eb8628792bf0d23a746e3d8f03e4aeb758bff53bc40c7ef352b13832cd29,src/<removed-lineage>/<removed-lineage>_core/common/no_overwrite.py,private_only,,ee717e9b08cd9108dc54e24aed4a1a59384e32cf375e1483775e55f4bada8cc5
fda76db43b92b545e6b9b9400d55a5f6f6071b89313ca093ae9187d3cb24844c,src/<removed-lineage>/<removed-lineage>_core/common/numerical.py,private_only,,76bce00ac2f00ca85138ca4843d4254436f8a17deaacc322a33bf1a24e617351
c26ec9e9ac90fc73bcc240b44f5ee8a23cf77cd3d603c1f381a3d42ce8aa893a,src/<removed-lineage>/<removed-lineage>_core/common/plotting.py,private_only,,6cbec206e2b319a591cd8d395d23988ff7792136850ec3c7b414ede74e5848b5
24c67a9343131e882ecaab6ed6030eef9470cf13b3e3c2886604007862969e06,src/<removed-lineage>/<removed-lineage>_core/common/state.py,private_only,,ecdc3b7657c0ee6e237ca73219671ba32d132d2aff7c978c057024bb5a09bbaf
26806550a9c856cd6b44571071e4bd20cfb06c72a6ae46a99982317dab24429b,src/<removed-lineage>/<removed-lineage>_core/config.py,private_only,,a060a3befbbd76ec43d398c5ca2eecd0d16fd124d193cb785b2a18435d7b528c
6628362edbdbc87724644c51ad7284cd519c1d37e1b76382dcf0ed5aab6a8881,src/<removed-lineage>/<removed-lineage>_core/field_substrate/__init__.py,private_only,,b4854a9f946eafa4eb95a15b98a1440bd5d324992b0bbdf3f314d3508c93b5b4
72278e4518e165b8f3af25a9f56971ea9bcf8a1a9d6c9f97bf96863b4c82da6f,src/<removed-lineage>/<removed-lineage>_core/field_substrate/crosstalk.py,private_only,,4ba451d0b12505251cd41048b77069b3a9242e08c235986e8ab33ef18cb72953
06fe31ae51703487efc582d4eaaf72618d90f313f8fc60d65e598f54a48db247,src/<removed-lineage>/<removed-lineage>_core/field_substrate/diagnostics.py,private_only,,cbf9cc30ced666dfdffdfef72b8dd9fac00f2f8a0f870ee314eb137676adbe2e
6cb1cc6d26a06593a66bffb573eed6be4097e60722226ef997be0a4c757b3442,src/<removed-lineage>/<removed-lineage>_core/field_substrate/dynamics.py,private_only,,dacffe23c78c9c11936a06cc99960b1d2645ea4c6d9850fda79d311ec65118d9
9feefb366e8da90ffd06f90686137e40305adc3059328958bfd1d2d1fc534d7a,src/<removed-lineage>/<removed-lineage>_core/field_substrate/emitters.py,private_only,,c28c638fac984420dd93e8cf19ee17ecf360f6ba7c2cde0400b4cd14b36e2700
ef10515ae17ae9b79a63fa347df6d7aaa182e0b29e459b8ad3eb4e72a9716407,src/<removed-lineage>/<removed-lineage>_core/field_substrate/field_grid.py,private_only,,4ea6cae471ccd7148e6e10971fda208cbaa27658aaf43e4ad71fd6a12b47f577
6411ed68ab36dfdf7f66beec5cb63599aae9e0482587b10f950586fdd2707305,src/<removed-lineage>/<removed-lineage>_core/field_substrate/runner.py,private_only,,b4c42ab65c0fa954df472756c9fa2f25178f9c1b1d0825685a11b1cce1309712
817f9e3bb9b498af11c787d870d076819685bebc448140c2b5e88016b79acb0b,src/<removed-lineage>/<removed-lineage>_core/field_substrate/target_fields.py,private_only,,a0dc0dafc9ce1b103c430f4d09a7a6fc455f01df196e701db4bec6a0de0c7ab0
18579aa6946e8a4323e2ef198ca2c50219a065ab0001a078b87f6b8ba85c5524,src/<removed-lineage>/<removed-lineage>_core/field_substrate/zones.py,private_only,,507069a2921eae8369e522dc8f78bf6cab75a2c6d903c3a9f5eb9f995fabd661
f90f24de9edbf7884d8e9f39313f878b4d02adaee1beb63c3219a453aa548888,src/<removed-lineage>/<removed-lineage>_core/matrix/__init__.py,private_only,,6e478ad5198879f27cf164838e72145a994ef999d680632e86dccc7fb30089f6
ca67375159c190d57ef5aa563cd9ba4a8b788ee58b1d89ebcfe376cc3ba418f0,src/<removed-lineage>/<removed-lineage>_core/matrix/aggregate.py,private_only,,4576963d78366eed80118a906759fbde14d284d237c1512783e756240d13002d
d488ad738463654528fc8465c78037c17322bef989a1b4bf363935d6a96f57bf,src/<removed-lineage>/<removed-lineage>_core/matrix/certificates.py,private_only,,d94e7f8c7a3c96c3c813ba20436369b030a0c6e9a3821bc7be18fffd396a1034
0c6b07156684df4534707555b5d3b5d4e4bd785e38537ab056cf66ed2b358c07,src/<removed-lineage>/<removed-lineage>_core/matrix/plan.py,private_only,,d7c90237f65ba31e196769d9c20d9a8691424ee795f28e36c123f91de4092448
faf4753f676d3f5d14a536cad55c04dae7443f247df2c7a1a55b0f2feabac880,src/<removed-lineage>/<removed-lineage>_core/matrix/registry.py,private_only,,d3e63f8e2a2912c62853db04db30649b32d31a254842fcf6e3c987b0660fa5c1
95955a56553c6b892f34f6629fbf3f4df3b155e8b61aff91d3b45e34d3c49fb1,src/<removed-lineage>/<removed-lineage>_core/matrix/reports.py,private_only,,a3bf9fb51c395dcec9cb894c73809daf67373c641bd9ad9ba492706e36a993af
15aeab8c151d76691a1b940d954ce6f93914f30c6b5becbfb22bfe8c4a741d51,src/<removed-lineage>/<removed-lineage>_core/matrix/runner.py,private_only,,01bc3d141bbe779edc8a360c0a148dd945c84ccfbfd931ca675dad4505761000
791c54bc9ce510391ba478d63203caa5dc21b67ff0c22f60043cf7f31a95e237,src/<removed-lineage>/<removed-lineage>_core/quantum_coupling/__init__.py,private_only,,b1008f43897954557b844fe7e1e619c93bcd292fac130a6fdfcc217aaa0d1b50
951090b2aa11426ccca6d210fe96de1dc1b4653c4ae58f1ef9e6761b6f94f1f5,src/<removed-lineage>/<removed-lineage>_core/quantum_coupling/controls.py,private_only,,9b9bae70cf940d84fd2faa9064f988dee5e331b40e2379b3308a6763699771c2
7a61aef1b9b4298dff2571aefeec9fb84a3430d6589fb7a17143c7376817726d,src/<removed-lineage>/<removed-lineage>_core/quantum_coupling/diagnostics.py,private_only,,6f4f6f147c6de480a10b8bf61ef612336056849d0e02f1e6db266547708891a7
add40981685694f74e47f962ff58548475c6d0e018399baeadc4129bd5358daa,src/<removed-lineage>/<removed-lineage>_core/quantum_coupling/hamiltonians.py,private_only,,659f616e5a1b9b38e7e9b1fb7b44d5b5e6449f504cb51ff326d4716d9c6dba19
349e9ac3c63e1079ac310f11f614855410cdb086ea4dd4d814a1ff8e3703e754,src/<removed-lineage>/<removed-lineage>_core/quantum_coupling/lindblad.py,private_only,,959fac9e591239c51a7b9c9eb055dac0455ace3b2d592bf13b57f4eb56c71729
176c9843849cdfc119d1324ae7ad951139a767f338c47c844fc5059c46846689,src/<removed-lineage>/<removed-lineage>_core/quantum_coupling/noise_models.py,private_only,,0909fcf92462b345f30dd16ad4cca83f20b6d33f30e99e2abad31326db147f19
b5740dbb92856fd306548e7af230eac4120602cc603af429ce74f04d90ca28ef,src/<removed-lineage>/<removed-lineage>_core/quantum_coupling/runner.py,private_only,,2eb54cc03f52e8299646684447e3f8965db4097314240f1d0323692bb72a0ef6
99a54d8c44b1b8cba3a4738fcbe758966c517c95b2a91d290bb9f5d1c9aef13e,src/<removed-lineage>/<removed-lineage>_core/quantum_coupling/toy_qubits.py,private_only,,9ffd4fc531f78eda54ecc3dcc8c49179591890174d5d07789b39bc98f50ceb95
1bfd183d5091d2a174908245103145c1b898d0e8680edd1a421a0033a32bbad8,src/<removed-lineage>/<removed-lineage>_core/soliton/__init__.py,private_only,,235abe5904f09bb26690c871a38e5f3e5dc94aaaf74bbfb13ae243f90313cf1f
a108038a02c6b74070210a56a8fa9f27e8aae5775a304dd79c5b5324f52241d6,src/<removed-lineage>/<removed-lineage>_core/soliton/collisions.py,private_only,,2c65513e46e268f38bdff3c3443fe0653d876470ac3c320480b8facce5bcfc40
c8f099fef23fd72dca00f5cc0dadab6c9c18136fca49c2baa1b800d23ee4bcae,src/<removed-lineage>/<removed-lineage>_core/soliton/diagnostics.py,private_only,,61f9f62da71dcabae57bf8ee4294190219fdc79ea7694818e1d8cf617e431ea2
0fba142149a015ac7903377f6fb1f11fa55ec950cc3ae381d1e55ab62e09ad5a,src/<removed-lineage>/<removed-lineage>_core/soliton/equations.py,private_only,,568dba3991502f9af85c57b501dfeb0acc1621dac8029cd1431596eaec51a9d1
ed9307e3b5f9c2d05d5823c06e65d145dfec1121f5e1461078843b821cff225b,src/<removed-lineage>/<removed-lineage>_core/soliton/initial_conditions.py,private_only,,8f7d3af622cd4166bf5d172e8a02778a539f6c34e6ac8d3fdd078aa368608fa5
2a32ed2bc75a4bd0f246288207730b5977b27a150a3e713179cf428f6448c699,src/<removed-lineage>/<removed-lineage>_core/soliton/runner.py,private_only,,6a2bae8e8a2a354f630b2a8b88dfd908a026a4bec52877fdc47b540adf810244
ae9fe63bece3098f779652044a4237666bc8bec765207ff4261fc5af3e13d101,src/<removed-lineage>/<removed-lineage>_core/soliton/stability.py,private_only,,097dfee9e3a5caeadd5d4d46795ee1fa0d68759c649283610fda256e60b7d6aa
da2f97a50b8a0a461654c89832442d2eb27b938423d326b981d760767e064d92,src/<removed-lineage>/<removed-lineage>_core/soliton/transport.py,private_only,,abf94068fdffec92601f8dfa32143e6984f2e1c0b4fd410f5fcdea00a4478262
b114a5da3c86da8257b8e31a6d33b7908e570e6b989dd145498fcd40b91f203e,src/<removed-lineage>/<removed-lineage>_tune_generalized/__init__.py,private_only,,61ef670340e8209fdf80987f20ebdb54597047a0134fada5d771a648cc768a0b
3a32965dbfa63c0f2a63e56b0299e0e412dcc7cfd3528a9a0b586e0a403ee26b,src/<removed-lineage>/<removed-lineage>_tune_generalized/cli.py,private_only,,a5ce9cfb39adeb89a1c703635632812d08087d483e758362767147d71517d2a9
4b01ce35d2afb4eef3358f5f933bf256d5b47f9726091a206474d868db871729,src/<removed-lineage>/<removed-lineage>_tune_generalized/config.py,private_only,,fe890d41d3c74dc56965e211a59e7c9ee790fdf4d6332693d63ef1b3b6f67817
6646705e6772d0015153e6d2dde0c7c3b7cc5a106f776cdcc076c1047d19aa3c,src/<removed-lineage>/<removed-lineage>_tune_generalized/datasets/__init__.py,private_only,,a183f719f968c1ef081fc837f0fa0d9f6e27064fe0441ac5dbc5e784371d5a38
024e8fd44e9b96ebc742e36f835c7055831559ef0cf2c80c6d0d104e096dc2f8,src/<removed-lineage>/<removed-lineage>_tune_generalized/datasets/audits.py,private_only,,3a9d74d66e36382aad8595f3f70ded524b80602668fe8f076b854267cc105825
432dd36860a301b8bfb95c5b06a72d4b2a1bde11c736c0e03957741070683244,src/<removed-lineage>/<removed-lineage>_tune_generalized/datasets/classical_ml_hybrid.py,private_only,,bf4dd6c9446c308f23a7fe2da25e92d24e24000a2aef8e10379e9b718688d6ee
5d7cb76131f5c3ab2c04cd91da64d612ec3def19192136a14c0a7ba6476fcf45,src/<removed-lineage>/<removed-lineage>_tune_generalized/datasets/elastic_compute.py,private_only,,b3ef7dc136d131e14b89674ca7023e5742a3c6e5d75f1df8fa05fbf9843fa708
10c6358e6d36ee6f6777904f6f2a350ed5ed50fa7be4f4656ac99bfbcc9cc1c7,src/<removed-lineage>/<removed-lineage>_tune_generalized/datasets/licenses.py,private_only,,d768e888481833faf9b64d7a0837c98eceb51c83b3351b43efa77616a154f23a
ae799489908707b23d67268df2140d7cd5c5edd26a996118c41bfd2d7a0e45c9,src/<removed-lineage>/<removed-lineage>_tune_generalized/datasets/manifests.py,private_only,,9ca43b88ab4e1f355096f9c283ccd691a9c0a4ef939962550ec43ba77f4e5634
12d29221d26b9be6b6f9aecd9673a0e16de54652ea639b64bb81ec75c85fc40b,src/<removed-lineage>/<removed-lineage>_tune_generalized/datasets/patient_flow.py,private_only,,dc33eb38dd2bb58e630fce3b183775909fbaa8a5f1a37ba7c45727ee12d9279f
c46293cb2cc08d68490be36941a532236ae39359cc5b90aeeae1fb584d4a38df,src/<removed-lineage>/<removed-lineage>_tune_generalized/datasets/rag.py,private_only,,69576d803d273837121cb8e1d88112ec496408d78c1daeb6157e89d32fe24841
e4a287d43947b21ccbcfa462cc6fa66a01ddcef673d8714e0941a5784d75c912,src/<removed-lineage>/<removed-lineage>_tune_generalized/evaluation/__init__.py,private_only,,eca163968d455f2af44bf7b44702e1021ab8529da7f1a9ddd36e0421bb9baab3
bf0fbac600d614719b351596b06b074cd1e211135d32a333a5b0c8940832009d,src/<removed-lineage>/<removed-lineage>_tune_generalized/evaluation/bootstrap.py,private_only,,3b30f15ba1a76ada7da891957072aebe7cea137ebb21aed1c5541200a3a33abc
97c8d1dc329a49351f69af7e4c90f6cf91fb443d6083d875cb0db5024c291d1c,src/<removed-lineage>/<removed-lineage>_tune_generalized/evaluation/compute_metrics.py,private_only,,4edaebdc70dbf6834c0f7ae7c14074a973b5ecb6866e513037934f300c6c6e33
0002821f3fd21db0e04c5e19af03ed224c34b9cf591c63e1158f9ff2ef0ead82,src/<removed-lineage>/<removed-lineage>_tune_generalized/evaluation/hybrid_metrics.py,private_only,,f9ac49d4214bb9eaf40b8d088f2b43dd0bb5b1d03406d77ea99ba25be93d4e18
08f8912875cac41e72d62da9a07c848474762a517fcd00cf81932aeccb96f58b,src/<removed-lineage>/<removed-lineage>_tune_generalized/evaluation/operations_metrics.py,private_only,,1f60b8ed40ee293a7cf0c222f74d6710108356945abfdf61f6f1abf65cfdbc3a
85470467d1785a104a345a00bb78965dc1ffecb23c19c823deecffcd3e96e2bc,src/<removed-lineage>/<removed-lineage>_tune_generalized/evaluation/rag_metrics.py,private_only,,42133ed50f2ebaa75d58bb85b36eeed68163923dd94ae698d8ee2949feeac0e7
9ed4caa35422d9cb3cf55a8a3a45c3dab81f0158559e4073d57b03cea798d3c7,src/<removed-lineage>/<removed-lineage>_tune_generalized/evaluation/utility.py,private_only,,c77e7523817f7ecc47997e20c66abfd78619d5b59175de512fdabcc00f3187e6
9ce2543b888f7a60ad1f9a2cb63658bec4907fdb60bd4d9b802f6a8633dfa278,src/<removed-lineage>/<removed-lineage>_tune_generalized/reporting/__init__.py,private_only,,b028591223755bfc918fc288b9ee0fe8a63d812c44c209272ebfc788ee40e9c7
9a8ec74b0d41c0bc02dc45e9599a983a495e9fc59fa91fa54a6be8044374e77e,src/<removed-lineage>/<removed-lineage>_tune_generalized/reporting/certificates.py,private_only,,e66b688384c159a65682af944931835c529616993ba190228c772ec6a9da1dac
4463b299f900263e2cf8c320d9f5514e5b9059326ce02d0d5a4b5b2c08670d36,src/<removed-lineage>/<removed-lineage>_tune_generalized/reporting/no_overwrite_audit.py,private_only,,60e3e172db86b937c2383683ce35ca324939cb3468e5378103725ed57f6041bf
e19e05f37297f9716336e9f9a6ab0dbb4cacf61cf6a0fe74f9229e84b44160d5,src/<removed-lineage>/<removed-lineage>_tune_generalized/reporting/publication_bundle.py,private_only,,1325fc6c2664ef071e59558d6fcf153fcd33695e60ba1178ff3134687d410b2b
c7d1f5cba5b2e0131bef1a08aa4237e477f103acdfcd493f0efdf0e5782905eb,src/<removed-lineage>/<removed-lineage>_tune_generalized/reporting/reports.py,private_only,,18764284acc37397e9f3ec9125ad595ca081425cd5cf802d78cbb1f2345f1dfb
9a17b767fe0d2e7af66257223e1d0f2d240c94d069acf22b2c991ca93fd75405,src/<removed-lineage>/<removed-lineage>_tune_generalized/scenarios/__init__.py,private_only,,17a0e8a52e02aea8ba83bf86cecc8d39f5bd709474f4084d14bb9875bf71f864
e8f6f0776c3f3ca79e339c8d8ba219fdeb7b639eb5f20c14bb8d53770d0cbdb8,src/<removed-lineage>/<removed-lineage>_tune_generalized/scenarios/claim_faithfulness.py,private_only,,c14cb7a3703455d6c192279b8a8247a6733b4e16ddd7520666377ae5a459e7ea
9423a927fbf7858d550cc172bddbffdbb9bfe77edc6808415bcf8797e25c3295,src/<removed-lineage>/<removed-lineage>_tune_generalized/scenarios/compiler.py,private_only,,2def10e1f6a5d0c48a972cc201717b4302ce7f627f12e596a93f8910a5ae7af6
001f0e7a7805c17bf222913d71bc6753ea40e642d0a9d9fb71ad492229dd3e91,src/<removed-lineage>/<removed-lineage>_tune_generalized/scenarios/elastic_compute.py,private_only,,c46a92ba85f951e05c5c13210d9594d1c5d8850892d1e1787b7c70483f6e7275
6cd354cffc8095eb3b0b1ede964cf83121eaa25b90bb0f81a1e9a720b3e67606,src/<removed-lineage>/<removed-lineage>_tune_generalized/scenarios/ml_to_llm.py,private_only,,c1a195b65b075f8e37c32efa60d53cc06635c283ae9a5cd0f1017dde820c1ebe
02c47f35bf08485a66eecd8b4749bc4eebdf92df4c5019c69a2ebb966a774891,src/<removed-lineage>/<removed-lineage>_tune_generalized/scenarios/patient_flow.py,private_only,,cca88141c6f8d071b77f4f718cbff3522e751750454b56f2e9b1a61497a54aa1
5a6515fe53431354f4580f912ad707810e47e064bdcc2ec943f6209cda162209,src/<removed-lineage>/<removed-lineage>_tune_generalized/scenarios/rag_policy.py,private_only,,5973dcb1f47e7c677a254c1fc0b8cfd5d9e5613ea564714ab1b45b8a7b443516
c845fe9afad3c22446b8988fc948b64ce91bc21f4a6469c66340f609b8e6f747,src/<removed-lineage>/<removed-lineage>_tune_generalized/scenarios/scenario_cards.py,private_only,,f69823ea40c97fab263381b607983050e86abe3dc8aa4f8ce813c94d0b5977db
f209854d1818f25b661f01668fe4f4e0dda9a4a296f41aed8d6f24a1f73d7092,src/<removed-lineage>/<removed-lineage>_tune_generalized/simulation/__init__.py,private_only,,94b56fedfd0605956b71808734bf6cc1b3b01908d19928e8d2137408cfec64eb
fe9e36f582bd4d7eedb6dfe01037377a8c5ff6bfd1c85f49d8ad14be4a02c904,src/<removed-lineage>/<removed-lineage>_tune_generalized/simulation/elastic_compute_policy_space.py,private_only,,07089217fbfcc7cc1c922fb641004a0bf240ad2e6903a622f52d84d9fdde58a2
6526539eebdc46aa5f7539042510f8097c671b700cff2ecc9f66c0a7d8f6e95a,src/<removed-lineage>/<removed-lineage>_tune_generalized/simulation/hybrid_policy_space.py,private_only,,0b8220a1b54fc40e42f4029a594785cbd06d53bb63e12c7ced1698a81e5ba6dd
94d65e4527556a5ae2cc0eabaea3d5cc3ed886964dd1575e21cb468339d46096,src/<removed-lineage>/<removed-lineage>_tune_generalized/simulation/patient_flow_policy_space.py,private_only,,41501a10913316ba07b6fbe3a875ddb9bbfa0da52714d09dbe61b536eb626a4f
fc91166ce5d1ee1cd8a903acd9282e8188ca124a78631cd3f52e973f08a5c424,src/<removed-lineage>/<removed-lineage>_tune_generalized/simulation/policies.py,private_only,,0359276bce18c234d70bf3c87165b83d2710cebd387e0262fc16717c2b97c3de
311bb903bc5f3292af853754887e2476a2faf56a0d48d4a34f08f7bd2dba480c,src/<removed-lineage>/<removed-lineage>_tune_generalized/simulation/rag_policy_space.py,private_only,,efd91f5d882d78b1429a097ace74d31a65b7ebffeaa7dc730114fbe8c6125c23
f91ace5b06855f2306c3b38ae3e1721c657379455eddf3648294ce5cf2e24e08,src/<removed-lineage>/<removed-lineage>_tune_generalized/simulation/response_surfaces.py,private_only,,f9487b8d2fab61c30e2d76590087b75618166afc192c8a7592ab5030c384ebed
7d66edcd30bbe0d076d0c7e555fa4ad5cc6d72177050f6b9f06ebab24edc9b4f,src/<removed-lineage>/<removed-lineage>_tune_generalized/simulation/runner.py,private_only,,7959314fd53dbb12eb516e67a260aa2d2ae11e792d1ab61e05d807697c722df7
82b316374c86df5992b63fe21785879b27698bfa14f537b2f5dccf9585d5f154,src/<removed-lineage>/<removed-lineage>_tune_matched_cost/__init__.py,private_only,,2e4507cbbc9f5f00c5e58dabf5e0c5ad0388631d225600e8937d1e4a503e3548
962c1c450ac8525fd594cbfd2eedce0443f2692df253d6575d83c23988d65b51,src/<removed-lineage>/<removed-lineage>_tune_matched_cost/certificates.py,private_only,,7b9478438188c770e3209f118a90e2907131d8e4b8db7f625e0df17581280eb7
d2fea20d6128bbd0bc8d19065f0b53925592a0032a5b838461ed819f18d16c30,src/<removed-lineage>/<removed-lineage>_tune_matched_cost/cli.py,private_only,,65e53f7d311df6dff5cb0a3202f77a6f1921e0e292a4bea0cdac5d5af3f62063
e6e9d9a905e05c9207ccea8e849058b2d6566a1a2ea0a63e06a07b5a8f3c8970,src/<removed-lineage>/<removed-lineage>_tune_matched_cost/config.py,private_only,,faa70275f075fc47ee1768de1b6e367a5fb3c3a4ddd115ae284b9e7198f10ec6
818265b9c7f0e68e4a692bb2df72e449bc2663efe86d78027b9c1ab2a860c0eb,src/<removed-lineage>/<removed-lineage>_tune_matched_cost/datasets.py,private_only,,c0869ac763f102c3a9a4ce670df5db905955c9f10a97f1c1b7712c1af51df5a8
d7cfdb3157a5a4e5b1cc875cc384398c1b156826652de00da7ab9def3edf325a,src/<removed-lineage>/<removed-lineage>_tune_matched_cost/gating_baselines.py,private_only,,01e56d7143f1fab49b1e13e01f24e630884c3ea54427380723e5cdd9ecb2f3d2
cf3fba48af39053171fb35fd122bd7eaf7f179a01efb90812969930db585a349,src/<removed-lineage>/<removed-lineage>_tune_matched_cost/hpo_baselines.py,private_only,,e857efa878c310dad49e4e16138cab22ba2eca8bc4bcb30a5b242e1c5d3f3a01
5e50501e114dcc40ceb52bfbe7dcecef738b8a1abe2fcb76fde946c8f7c2b9d1,src/<removed-lineage>/<removed-lineage>_tune_matched_cost/matched_cost.py,private_only,,6182a6a8119e977aaa618f5d528fcdacf418b22805306eb26ababdcc897c73ae
4589b3fd3d1527763cfa74bf7f324b88ebaca435b77cdf17a2268912ffa441a1,src/<removed-lineage>/<removed-lineage>_tune_matched_cost/metrics.py,private_only,,71fbb6e49c6051861a44082935129ebc208ad985f7c30cdaf15368ed713ca14e
7af8bab66ff69164df8e7fb451bf9c4775a828efcf4d89397cd91111045e04dd,src/<removed-lineage>/<removed-lineage>_tune_matched_cost/paths.py,private_only,,065e58ffe5104e790df6647817efa7495d6b44ed59f470a760844d24dc9b830a
14f9f87e3da21d4d0f2f4c163b9b935111085ce4cb480f0c90f56561070c5a95,src/<removed-lineage>/<removed-lineage>_tune_matched_cost/policy_space.py,private_only,,257356ebc0c5296332383060501d0fa84b2cb31535aa3094cdf14978d242844a
d2115cab05001d386afcd9dbdf6e084b04f63698beeb3ccee3008ca3806bd967,src/<removed-lineage>/<removed-lineage>_tune_matched_cost/publication_bundle.py,private_only,,52641a4f807c00125dc32b8af5118ed1cd7451d6bf113e3d016992fa8d049b10
6683cf252caac49bc58c6328f6240db0d73133d50593e595464956535b18fac2,src/<removed-lineage>/<removed-lineage>_tune_matched_cost/reports.py,private_only,,02929b838f19fc88755c70804589ace6aef65bd83228c2778b55e12deb180120
1c87108c4bda9c1408b253285deece70cfbe9e021f571967454bca0aeda011e9,src/<removed-lineage>/<removed-lineage>_tune_matched_cost/runner.py,private_only,,396c6585a55c6abab99447c4da82d53dd0c0beb7c7f3b3d872774726587aec33
176b26231d84fc92ea7c00554b7bc23b835c99f4cda15589b7565b2be182df8c,src/<removed-lineage>/<removed-lineage>_tune_matched_cost/scenario_compile.py,private_only,,24ed8d553b9be50ea77b6ea65335bbc42165c6b9228f020299e75d8d493db697
a127446e973f0179ff8ebb714dbfec89b0a88fc4d5cdffb7929d3ba53d34ac66,src/<removed-lineage>/<removed-lineage>_tune_matched_cost/statistics.py,private_only,,79277574543d7152d944b9260452dc3f63e2d674cd6ca0ea82ae17c5b29e9fb9
b6eb3348a4ee536d4baceac185c0f1ed6b83ef3af44b24d346079c31d224eab4,src/<removed-lineage>/system/__init__.py,private_only,,3066853423ece3d41857b9805b6388bde200de798f9676a96f55059a4d8861f2
b4e8510214548a6a1a0969b2abfda7c3952768c38dd3cf5622fc2cf4aebf6e31,src/<removed-lineage>/system/environment_snapshot.py,private_only,,3c48d289aa99b1d6fb9feddae9dd8018f4740c3b5d0b85d6300b6c001c8dc10f
620a6ba0206dc95f60c84a508bba42430391b9afc6700bd54a4eab5b409177c9,src/<removed-lineage>/system/gpu.py,private_only,,19735c3ae5c76c9289bcd6cbbee6d5025ae9c65dc33de0ac593dc21f756eefe6
f62e8313cdab4dfb178907e3cae3497e0acb8166c96a53cdf84c431a59cc829f,src/<removed-lineage>/system/hardware.py,private_only,,c879cfbb4a903d6b7f2ce3c1995b78514c03ed84d3ede062dd3ddf609b98a783
7838bc64d789b53c5c354e61fac2c6eb5763b57cf2385bef34604fe76404e544,src/<removed-lineage>/system/health.py,private_only,,4f6bc0f460a3f42de82369b0e125319aaaca055c7675ecf11e2296e1c7dcde2d
9cae981350c1e75195a5891b0ae2d43d64cae4c96f985e80f14482b66f47e2a5,src/<removed-lineage>/system/node_identity.py,private_only,,e7fc937666d693a249b2ff8d77031d72beb0fd00cca962c26807e7f0e94f0073
d2b100f2bd1641f1a3b50f19bf926136e700eec1967ebf459c1a7a0fc7a0dd97,src/<removed-lineage>/training/__init__.py,private_only,,37cbe788c2132e3332dadec39cda40a3204a69157c569bf60bbfd51bd5b05e04
3ce194689092af59624f08d6998ed3d7c7a935cbb46fea9932ad1aafe2c23d3b,src/<removed-lineage>/training/bootstrap.py,private_only,,41dc2ed82c72abc4052f2deb5eb998e0f26d03850ea01270d29fe1ad6d3670e4
87dd13d1e815097b1d5a1ea763fdefaac39d07c3155bb50d5c6b3012a4a78ed5,src/<removed-lineage>/training/callbacks.py,private_only,,73aafc5cf73c74e83c926eb8cce236a0dd141097541212b1084337e05ede30ea
4f09e2ca1f665982f25ad475c45948a36fc6f429e74c2508e2e9de05da7986a4,src/<removed-lineage>/training/evaluate.py,private_only,,399f907afdcc8e970b521645b93d15ecd6a5dd0a507fab6494620be8cd1aa4bf
87d05d109216a94981295ca74fd53e8463b2f2cdf1b10bed73783a9fe4f19659,src/<removed-lineage>/training/losses.py,private_only,,4bf6bca99e81e3957e4227308bc2289e4f89418e79489ce9f9219bd651b33173
0580d404614a105b45a0b5e849cd635b81c6c127a7c47fe642a2260916748274,src/<removed-lineage>/training/metrics.py,private_only,,1fa1164a3c1c40c4ed07d59b357866336ee5581a864cb1ac870d10495ac3927c
f3577d3494368af0caa5fa3c2f30e0a98a5a8cbcc8fa61bd12b36c4f7411afb7,src/<removed-lineage>/training/resource_meter.py,private_only,,8b6af94ee0569139e2a23865830084258b91894d91e335dbdd5d1e66588fec25
e5138d14208d70761d013eaa4623d5600e1b03f36c764bf0bdbf89c68c3a3596,src/<removed-lineage>/training/train.py,private_only,,6857a279d956a2c31f6e84e7ccf4c08647156214a9cf3e3913cf7502f3434337
d691ce25d323ba6985c5aaa5bb6480f4cefc1fa0e2bdab3190a4e6102ef0f925,src/<removed-lineage>/tune/__init__.py,private_only,,67a77480e802a9e8b9f992f3fc125c864d7fd1fa21c67393775d076a04615368
ea8c1a22a85d83b2f52509f85e468a4a6f410f8d38c87676d3e80e9424f08c69,src/<removed-lineage>/tune/baselines/__init__.py,private_only,,c8a664dea8e04adff30b81a222a089ac48b4cc081e9115faf8fcdb327468df25
06244cd20cd56ce31086a5e4346b041f86621b0f977f241a3779f131441e0302,src/<removed-lineage>/tune/baselines/bayesian_optional.py,private_only,,312e5e0dd749223a3ef051baa69d5e2821e1451db2a8f23b20cac8cb36852afe
973ba0242df28e5ef15c2c31efdc7ad559d59908babf117f91e252b34e1b895a,src/<removed-lineage>/tune/baselines/evolutionary.py,private_only,,91c14036b606ee5cec8f487bf00b2cc0b8343c6f58702b3a4d2a5dc2926ba900
c889d44dea3e49a3b02788b94c627e1ac494759ae581e854f02daf7a01bd0e3d,src/<removed-lineage>/tune/baselines/greedy.py,private_only,,91c14036b606ee5cec8f487bf00b2cc0b8343c6f58702b3a4d2a5dc2926ba900
ee7d258bc3b5c2d9babd86bbb27d3739c38b9895c627feeba6334b2d6b0f9ecd,src/<removed-lineage>/tune/baselines/grid_search.py,private_only,,91c14036b606ee5cec8f487bf00b2cc0b8343c6f58702b3a4d2a5dc2926ba900
d53b98867ac7e426488fbcd76d26c0cd11d90eb2de45135bc56811eca5f16949,src/<removed-lineage>/tune/baselines/hyperband_optional.py,private_only,,f680647dde4975d1f8c4f711afb80439e47a084ee8dc30a236e036359c4dd016
c760e8294e0ea4a3b7e46be3a698bf907559c1f1add392bf37e3262cabe01d8b,src/<removed-lineage>/tune/baselines/random_search.py,private_only,,91c14036b606ee5cec8f487bf00b2cc0b8343c6f58702b3a4d2a5dc2926ba900
dd74810805012d90e7f6825915cf0d4b3d4b4172eacd5459d02386d7b566227e,src/<removed-lineage>/tune/cli.py,private_only,,a515e3e59cd3116d40f4d0bdeb144e51b0c9da3d050d1ceabe44bdf949990a11
0e57e77ca14dbd367724140193984c4e9d3e56fc1e21e0386fa51e0f888617c2,src/<removed-lineage>/tune/cli_calibration.py,private_only,,3ad367bd65f9b4a1852489d7fb6898566cf01c960c07f4399da047eb77cbc750
d973a8c739de7dd1bad903f825b5208508c07ed524edf23813c8a11537dad592,src/<removed-lineage>/tune/config.py,private_only,,bbcc680a0e743389abc0354f247d1b357e62681d5cdf768e028820a8e49ba629
09ac95478b279dcdceea1ce13f7cbb5020be463692a5824673cec17b0b7adb00,src/<removed-lineage>/tune/evals/__init__.py,private_only,,60e19c562dca4922c03e8f395711536570ce0938e5a9a3d7f8cdfb5896dd8bf8
2252e3712d51bb7096f941b5d85d2a9d442103ae76aaf778f9e8ff01d1511b27,src/<removed-lineage>/tune/evals/calibration.py,private_only,,e1ec4601c7e96b90f8b7efc137207840199653180f877e2c2247c82eff7bf164
ef3c79b7d5195215fb28d34a1814b0fe2db919cc5a5a11567dc2f40157afa92a,src/<removed-lineage>/tune/evals/llm_judgeless_scorers.py,private_only,,e5612e5ee0f80d7fcde30ed40c9b87e4042644472a7c335520a440dbdc96a668
c0c6dad6b151545fba2067eac31d31f8dec5de1cb897d3af1ccb0a13d1a0dbdc,src/<removed-lineage>/tune/evals/rag_scorers.py,private_only,,88fbad52079d3cd78c6b4a71b6f0dd38136c8f7b9081579b7d224f2954696045
7c87c2ae9cc5f30a6d28a86ef35fa2a11da434bdfc1f2fb4c66d9c26020b30e0,src/<removed-lineage>/tune/evals/regression_scorers.py,private_only,,84cbbfe6cb76078a478147e924c4386788ca63215cc5bf8c69cfb493b8a267b9
16161583a21da667bb869a8ed8ffa55d2371fb8a7504b610730b8a60dd9eaeae,src/<removed-lineage>/tune/evals/safety_scorers.py,private_only,,0760dfea5f566b2b3505574c681923c56b6e827670239782949453da20ea1143
d276001eb997f52593754e5f6541265cf108f0cb0dd5ac8f63b7dc32b501a244,src/<removed-lineage>/tune/evals/task_scorers.py,private_only,,7e41fdcd02eb5ab87294f3f26defab6097c5011c8fc12aa57cd7c35e40dc938b
2d2bfd1070611b5663a847dc48f17c59db421b5cd894af8dc264d3e249a4849c,src/<removed-lineage>/tune/experiments/__init__.py,private_only,,6e5f48eabee715a38802ae610575e8e7ee1f8965311eb38dfa1090116fc02b9d
0f8fffeebfc7d54c9db2ea1818b08e5b3dd5c666da8d0643d3f3753f86712008,src/<removed-lineage>/tune/experiments/comparisons.py,private_only,,e13a5633f60493608a190cac2eca1b6c000ac0080fa95bf56b6d7791d8564bc2
2007a960a22f138bd752d951d7af39618ca8121906e438261aa9756df94c83d7,src/<removed-lineage>/tune/experiments/matrix.py,private_only,,b6fec374affe761571e250ea6d3929f456cf89a41d96e41c75f38522b5ec6e2c
ab2ada0b327649a12e4fd73e83c5337b915fe469bc7959852e01c164f11b0e48,src/<removed-lineage>/tune/experiments/runner.py,private_only,,732d59103b308486dceff70bdd73371fd9fb432d90b08c798719ca9db1ede56b
c0f34c7a9692126fd379513d4d5497b6825e441f235cd88fb48cf26238865b02,src/<removed-lineage>/tune/external/__init__.py,private_only,,f3a352588aa87d42a81160a24f1ffbbc6e3472df950efd75b5a9316cb79824a7
599bfcb115cd2ea548ab8878fb1a51029fe05cdcd9d1bbcc3d40fcad385f1065,src/<removed-lineage>/tune/external/acquire.py,private_only,,203887c0d822fa9c484ab2d46fa13154f49040d066251b1299f191f3730ea19a
f7200762923d9db303266447be27655c49ff7095a4f6542ce54af12484cbfd26,src/<removed-lineage>/tune/external/audit.py,private_only,,0218fca34a1fa4a9aa42b71b5aef757a1977b535de9295bb7f16dde4d60e836c
2c46cfaeaff68cd38c4b487cf0eeb740f166ea4bc13df1f092b89baab6e81491,src/<removed-lineage>/tune/external/catalog.py,private_only,,e6c203821bc80b9378b0491e9343ae638a85d13380b5311ed41ad85accccae90
e0ce9016494f952e671f5ac64a6ae349058335fa12cd9589c823f966a2f27640,src/<removed-lineage>/tune/external/certificate.py,private_only,,6387dfe81fa1db7e4e83f8b20e2d52b922d7934e05f807f206a13a405347e44c
ec841aa8db718bcc79add1d7aa7ad64a658b03eed42d10e783448b09c8f3b4c1,src/<removed-lineage>/tune/external/diagnostics.py,private_only,,13722e4c2fb4629499a6e1424ae6692cd36dc21ef1325941949e2daea71ececc
29eb911599f40f38d7acf6b00ebc994c5da21ce8c703bf5657550a0161b9bec3,src/<removed-lineage>/tune/external/github_acquire.py,private_only,,ca63fc27be29c590783da10fcf28dad218b8e89bbf5f5f1837d70110d0b0baac
c460b376cb86bff5333fec5944e3989a955913fb77ddc030dffaabd3d6686c78,src/<removed-lineage>/tune/external/hf_datasets.py,private_only,,207e06b41038cc36fea71d418d62a5c4bd618c7a1b7764adadbff6b2c50101d7
92b36349270ea2d2b2d003a7be4e9591a50cb0487204c59c1316dbb0f25cca36,src/<removed-lineage>/tune/external/license_capture.py,private_only,,5d4789417922b7a88eb4b971607ef11d1f1adfd0e17ec6b76e0151d1b101f853
aec3c70d2a7a3d9bd12de75517bd203d657f4d6f772d82dbecb2072e4ab87ea5,src/<removed-lineage>/tune/external/licenses.py,private_only,,ea707d4e99471a03d425f0ee46616901112eaa9095d1497d84d6e7904c154bb9
886cd5e7b322c88ce556049d1697e7b0aa11a90b32b3139c2afcad06a21cf44d,src/<removed-lineage>/tune/external/local_jsonl.py,private_only,,fa690b71ea79b00639f02c2342461cd1b6008d159f80a9f05fef99cddfe3d3c5
3a5f3adadb8b66b892cbc048993e29063272fb1720925a44f14c063e5dffc788,src/<removed-lineage>/tune/external/manual_import.py,private_only,,f746d4e531f8c8d419021a2dadee2e59439170a19db7e7728ef3c6906d1e5cd2
8245453e1c9bc0447572a60ae3a0eda07e54823a046c79e733e5e158671a3a96,src/<removed-lineage>/tune/external/normalize.py,private_only,,f081d0823846e1cf927c956e346bc8b6ff02535b6b972c0172996e84946cde29
4f2648d85412163540a902b852fa046947dd3abdb9b11afc82464d6557000342,src/<removed-lineage>/tune/external/paths.py,private_only,,e3696469b83de70da1fa04ec68a3c6c66f5b09eb75b03a48eac24e22674c7d71
edd5a25da50a6beea0ff13e2a1129916bd978190218127adb60f19eb27829d48,src/<removed-lineage>/tune/external/protection.py,private_only,,d73ace38c62fa4d0bec9b082105d8eaf25d4e527899589cd3ab8c8c42ded57b0
9067db6a89aaad54ba55ff89bad475c85ed3999f2b7181aa55fc91bb5a66a453,src/<removed-lineage>/tune/external/reporting.py,private_only,,bf67a4cd05724ba3e32c1463345d72917d25e6a1eb05a1963b76289b6769aec0
ca413b2a9c803640420f4982b3e6869200baa9de900d76710a600cdfefcedfa9,src/<removed-lineage>/tune/external/runner.py,private_only,,ce53938ee03c6364b0d8d36271545a6f1b6dac0ab5ee603e7be08dd57588bb9e
a70710101d999e3b06ceadf1cea21f7339930dc12855b6546cab7511af0cb7fc,src/<removed-lineage>/tune/external/scenarios.py,private_only,,18c6e84270e19170e594e571756c13520899acd9e15e66ec1ae6b46029cdf3ac
6460fba90c7e9ea7c22127573c8c81bbceedab8037a28533ebcf1379c6d19aac,src/<removed-lineage>/tune/external/schemas.py,private_only,,9f2b46e4d3325e42e847ed3410c27ce1ce4b578210f2121864727109c4255cb7
874204cde781efc1ee8c2b1edc91074bb9f1716bdcb5733e28a3032e167bcabb,src/<removed-lineage>/tune/external/transfer_simulator.py,private_only,,bdf0b2ffabac4b78af4609385d0f2420b4d397e9df93728edfc481b3e0efac31
08289060d3770b85ce229fbc7809b826c41044ba8f5d990e302ac893648c1dd7,src/<removed-lineage>/tune/peft_optional/__init__.py,private_only,,88437b69776e1132f2fefbefa4649ea56242f591413ed4c1ffafc762c39faf6a
ab51659f350d743a70fa961682e459b4a1c3cdcc7a74e5f4b037dc86a47053c1,src/<removed-lineage>/tune/peft_optional/eval_adapter.py,private_only,,6f978eafa2672c8aa7ebd43bb926eba510f16210cce52b5adf69bc11458b011b
9158066c041cdc113f3ad780a330f9e47b177a153551379c58292d4bd9ddee94,src/<removed-lineage>/tune/peft_optional/local_lora_smoke.py,private_only,,38fdd17c4941e5dc1af6fda0e08012bfff8714986b863453de10e9d1da38e019
0aaba06e3766d678200e4c773f25e5ded3f8b6bd12559ff65242f67f54effd73,src/<removed-lineage>/tune/peft_optional/train_adapter.py,private_only,,77e79a972746118ab961d87ed01f16e48a99049ca5b921a7e3e9a646f83e1865
586e472893b4858d7b23825e4d9d4977971e39b8865b5a8511add119a8fd9095,src/<removed-lineage>/tune/reporting/__init__.py,private_only,,f7b7bd7428ed35592f9095c70b37ef50d4e9a690c6fe24781680353e8a64d900
1ec84a1ae2c9172aceed7beb6a3e9baacc7508f9f7634a3f5aa7d0b359c9aecf,src/<removed-lineage>/tune/reporting/calibration.py,private_only,,44737f1833d7a6a966bcee0deb5f3ae8f82001f618733a41ae68a67f20fa52c3
f0afdcb88a8b53b7dcf0dd29df5644106f60fa570e6d642a51462966f2f0df22,src/<removed-lineage>/tune/reporting/certificate.py,private_only,,435028a15df6af5ecdeb0242d063f0a93398c556e19482092fb05d4f761a9ca7
6bd9235b1a1301affe209dab8d9850a75365d786cd51dcca4f102319ce77bb54,src/<removed-lineage>/tune/reporting/commercial_value_report.py,private_only,,7320969e21317fd5f37f6a8dc932d4f7ed62b76e9a778dda73ba36faad762559
1e19d88c5407bbd2b226bc415cdfd664f3913aacba6425aa83a3cb0a18832a1b,src/<removed-lineage>/tune/reporting/mechanism_report.py,private_only,,bbd7fb0d2d780ccf2bdfd2ea3ccb6c1d14133ab89ecd66b3abbed9d995e69958
09eb80cd245b062a228842b4495eeb633ca9a9818765e4a13acb459027133508,src/<removed-lineage>/tune/reporting/run_report.py,private_only,,ae62ae8393b525c1b5181f73f31f465dc790bcbd1367c9229d6b479de606481e
4e2c0b639ce77d0652c86915a9a6f6603a0528483b31b169ef82aeeb1133a13c,src/<removed-lineage>/tune/simulator/__init__.py,private_only,,eeb40a81efe32283886710a8ce2f00d0651f98e63e52a4fd64e40552a39c752c
dc395bc5a71a0aa8c54feff676ddfd03d0f964b59cc56ceb799f162e18307e78,src/<removed-lineage>/tune/simulator/actions.py,private_only,,e0d94da89e1f9db0de01fe8d5b293cc7f26ffd4fe3189ddb1f9add66e622facf
0ab86060d9cedcd11939ea364ddf7ada470e1638c7c80a3e798db65be3fa1273,src/<removed-lineage>/tune/simulator/adaptive_compute.py,private_only,,7c66e37a94e89994092542b676f3675b94eed0db3d79705bc7429f32937fe184
b8e05f3bffd672de245727aa6d60985f7f9a14735f8f232e8b5f73cb65775986,src/<removed-lineage>/tune/simulator/budget.py,private_only,,14cf689d00e5e3148e8e95e8b35f0e745b35d56ed4d83af8cb689b8a7d663013
225372e19f95d26de422f5b61018829e19bc31a842cc8aca19b04c7447d84817,src/<removed-lineage>/tune/simulator/memory.py,private_only,,bf9e5bf71f6aae7d8e308237a086d08d9b025cacb645923f5227f01d5d506178
7d447c241c69f2b89fc7f011ef1bcf6b66c5129559e7cfd7b9d628f1d85af734,src/<removed-lineage>/tune/simulator/merge.py,private_only,,db470cbd0e1d17566ce69b2428aa054a3d3c1eeb0a88b68f81ea01f0cf41c002
b40003cffc2021995ac64d209e813fece38aaeeb7013578777765defa6884e3a,src/<removed-lineage>/tune/simulator/response_surface.py,private_only,,311459068e9728e230eeda795000891bd78f374219f85639d5e5b102e2409fa6
6472c9b46373d0537c10ed4ab1283b46a452876b22092866caae60f1d42ac094,src/<removed-lineage>/tune/simulator/rollout.py,private_only,,a759f3cfc186cb6c94bc98a1b5b3f4df0ddb9e8570af16f2c917fb5c3554a49b
c375e709bac1b18a556864cc75fad758de44f28e10399872a6e177f1f35f0a02,src/<removed-lineage>/tune/simulator/sensors.py,private_only,,5446704970914a09d8753f3ae6d3df28778e5ce6557302705b760d8f83ca6bc9
fee1749618e13eea486ca6f5332cbd8661755a8393e8c0ea55362f5d7c9263dd,src/<removed-lineage>/tune/simulator/<removed-lineage>_tune_optimizer.py,private_only,,1a54489fe0d444b0d47a6d04e39db647cb503b9a2b12c2eefd2ffd6f53c36546
7d1607ba2bdf9f442f11b3b6c1b1022d7523cf224a6620999682a7d770407ee4,src/<removed-lineage>/tune/simulator/state.py,private_only,,fefc54a3dfb7fba628b5d942cedb6070d3fafcefc52544042889804eee3bca74
73bb162e8ce318d221cb187488bbf63a0ebaa3730b4d9d8d8625aac617a76a9e,src/<removed-lineage>/tune/synthetic/__init__.py,private_only,,3ada4743e4186a28aafaec33c699fb80ce076c3f961caf4f183ca18c3deae2e4
0ed6439a78227b43068ebc97f0b0ecfe8e773b455ad0071c012e130556e8c394,src/<removed-lineage>/tune/synthetic/generators.py,private_only,,42029f75b07e7dc6de859448cea7ec6983787f2f254cea011ad7400f4c7bcb33
299ea2a1ac8990402d327f07f0c9adad53fc3a0dfd29ef442447e6c9317cd79c,src/<removed-lineage>/tune/synthetic/manifests.py,private_only,,1807ce376ce7cd23b279237aa574a70886755129fee00e5eff7046072100e35b
6d13d059689a9c33b1f94cd84adf9a991a0efe97641ea0794351d64488ded3c1,src/<removed-lineage>/tune/synthetic/mechanism_cards.py,private_only,,6ecc4be9a78b02944d3d42d147481e95a863778a20822e233b50e04abcff0e6f
c597a147d7866f56269e9f392c58d5659bcecfe417d0748dd4f58fe6dcfbf559,src/<removed-lineage>/tune/synthetic/schemas.py,private_only,,68d7446112834baf98e4e457433d2f83546fd921c7a6de823b9c00101d2b6d91
9bdfc1a018bbf2970709eb05cbbd7a13ab8862016422a4b6b05470bcb3086076,src/<removed-lineage>/tune/synthetic/validators.py,private_only,,302c5bb74bafc8acbe16c1ea9d072f57de0a95ae866e95709f37751ad4fe89d0
ae3384cb049db01153e3e564f5fc932c130d21b3a343572ec9b86ea92bbb50d9,src/<removed-lineage>/utils/__init__.py,private_only,,b1889dd76636ac4f0500078d8bfdc713987755e20dc8746e0be28baaa5fc59ad
c611506befb1da3f6d5e9a1594527e2524461aa299af18d91c800d21258d7827,src/<removed-lineage>/utils/files.py,private_only,,82aaf2b81374af96f644a1afabca5ef055485a8f11cb3b65cca40e957e2187d1
b7d86a692db611f0fbda33bf4a822ed6aabadeaeef80da3b8cb543d414a451d0,src/<removed-lineage>/utils/hashing.py,private_only,,f798388aa5aebfea473d74ae09d8eec83315d2b13d4ffa1ab0e5e3ca9cd0138c
2df4ea6753520cceb2013e5589c29f0f08577176a0572a38fad4f04b0dc9674c,src/<removed-lineage>/utils/seed.py,private_only,,029462485efa387c479e42380dfebdc4a5a7c1893d0b841b3a1f8fdfcaaa84a4
e7639ab718c0f743659f7c58461fe5f0db2b4b303a6e12c4b451e5e9924d4b95,src/<removed-lineage>/utils/timers.py,private_only,,797dbebb7f1c3b0e65c5ed31f5749a90c167423a8a6f80678b2ef9912b442e80
b522072ff7912961708d38a2b847f4683eb23319863fbd094bef733cd57ceaa3,src/<removed-lineage>/utils/write_once.py,private_only,,215f1fb6e21074de8e164b92bdcbda12dcf923e0dec9595f403e61323ed53876
c9bc27905a5c0fcc5e14a0995942a246a044dbe6050e1a406258904279743739,tests/publication/test_aim_hardware_characterization.py,public_only,74f7c6d9754eba06a70e6953eab19cdbb5290c66c9030b6e4d553c305cd87ae4,
581765cfed0bb6438a94d16077850ae2761cad874be2276d2abf31b99ea5755b,tests/publication/test_aim_hardware_matrix.py,public_only,1ffd09b40494d104c660208e241d9846c7524521bcaf2292649d16ab377136c1,
b51fb279067a0d7d9f5600fa8e656d1655d3282eda42985636d3be1fda5b1d16,tests/publication/test_arxiv_paper_assets.py,public_only,fe03ccc96f00bc0731acf12f46b61d9c185f0e201c26b70f79f0835b66593c64,
587acd2c4b64659b6d68c1b06ec7b03ae19fa810b6bf434b16bfa6d0b8376255,tests/publication/test_behavioral_governance_experiment.py,public_only,7e040d7c46c34722d06f4f155efe88408972b9fc7f1a00e193a66eb98c028250,
a606d87889e800579bc16dc01246460f91c73baa8b74f57a0487418a5129b0f0,tests/publication/test_cli_entrypoints.py,public_only,e0215f05ddef6dde277e132a85b2237773c3812b12c12f08fb09317c448d4c10,
ab9984361a1a414ea389c891d9109b648c4d5e8a74c3f291ca16b97a41f27c1f,tests/publication/test_cloud_agnostic_deployment.py,public_only,f323998b112f5811abe2795f5b7bc54fde16ef338807786a4f129c9e4d37c4d6,
c2225c3a9b14bfc2f3777846193d1ad2713283e0060ec73346b9088da9ee9caf,tests/publication/test_container_runtime_diagnostics.py,public_only,878be8fe5ac974065c3a9828d550a74191ca30403c70a6ff8d89728b7e29e6f7,
e7241c6c63fd1c699526251a982b7b23b078b36b2cec36569caef730bc117157,tests/publication/test_container_security_scans.py,public_only,77c114e5636386ed5d8eb5df44aa06f3d8b8e4d605044d67683066fe004198d6,
1d000991c7c7b01437f6b64516eeb2683408cbb0a8edc8bf0ab6e2b3935a31ec,tests/publication/test_container_smoke_tests.py,public_only,da41267d75d06f6b148071cf255949009145358e9fd58b0abb188fac4540f35c,
686beec8d440022cd3a0f7887ee6cfa2e2f766e7d23a4dba725dbaa7a12d6334,tests/publication/test_crag_evaluator_mapping.py,public_only,5d227ebed316901db3914a5a2851505d6efc9f97017bdc2c036d768797154157,
e1f95f69363fa607e47334fe8bb4fb626fa7210f8a0e27afd37b0b687d776fbc,tests/publication/test_crag_evaluator_mapping_v2.py,public_only,40068ab3cfc4c81bc8b7a2c97ba491f9a93162aeeddb0cf0998662ab30ebbb41,
17a3e442f8c6ccccfbb7fa70b74648c240a366aff050c42d3c29ae37ba321364,tests/publication/test_deployment_assets.py,public_only,77ee29baab5bba319d3ed9986619a7bb4d3be546f61d22cfd7ee917fbbb2c048,
2e5a96d63f55633264560387062cd839918e2546f8f0af214e1e499f8eb76f35,tests/publication/test_docker_runtime_hardening.py,public_only,fbd317f999f85d522cb9b98e99624e948a77a0b9ecfe79c68f2777c318102484,
b4aa3206606d9b73ce286f7e13abe2e6cd89a7720b232908dd34023e70c6e76d,tests/publication/test_docker_static_validation.py,public_only,d32985425a47a5f163c08d7d992dd447266592150ff6cd3732f00766bf3cfff2,
9e1e84eba36e11de8b9686c8ac09615688c277859939b2373da13120c7741359,tests/publication/test_dockerignore_hardening.py,public_only,f5cded7d8a20838f09ad9cf0e9ff7a23c8c322c1da0a1587bd9f2609e9335ab3,
c2364bf5cd4e19882442377132e69976d3cc9fcca094a43627d6d46b77ea7828,tests/publication/test_external_evaluator_adapters.py,public_only,54922644d8bf9d3937452350fc6264b2edcec4cb3800705bff87cd30fd2eff61,
2eb16614b1bd1be525afa0a39fdfe98537a0dc268abc5d8e16c59f5c0e1a4eeb,tests/publication/test_external_evaluator_adapters_v2.py,public_only,8232103f2751e44711dc321e12532d66cd071a55e148403f91a4d6f0851b9eb4,
ec024685c10cdaacb6687920df63386a4427e79e3e7a14d692eccedfe3b2c81f,tests/publication/test_fresh_clone_reproducibility.py,public_only,6816e4f44408d1b5cebb4f58e477582560ad21e420c2e3d4614b94164eb8924b,
d5431516d7230817691d5d5dc5bc83e887b99b7d0cb8aeaa400cbdabca363b3f,tests/publication/test_fresh_live_crag_hotpotqa_behavioral_governance.py,public_only,df5dfd15e74ac0da51959e0ed04122996f2dca9f0413bd8a53fb0ab9ce840b1f,
a17093a590591c3a20996b0ca8a3d987cb8b2b3809238191fab70915e7eee180,tests/publication/test_generative_llm_validation.py,public_only,a4ab24296f9e9ff4d1316b1ad679d6292dffa891b96ad38e4663fadc7a9bbda6,
02423e0a7bc3944c2d8d65b67746f4464b2000eafe2d817b50611b35ca7894a7,tests/publication/test_generative_llm_validation_quality_signal_audit.py,public_only,b3307d92a0a113d1cbab6983ae34a4afcb0a1847d4925f042ab458aadb14f532,
2ef6dad21aaeeb499d9d8ba406476c1fd4daef8f311d93bfd81470cdff375c02,tests/publication/test_hotpotqa_generative_quality_signal_audit.py,public_only,931f71cccb77ead5eccc5f62ab5453984d6f800705b6855d389d78d0b1479358,
6bf66b544e0efa6f1d12b4eae99dc07fcb89396147f3e687d88611f6b94e4a19,tests/publication/test_hotpotqa_quality_signal_audit_v2.py,public_only,5d9dc59710202065f9a30aaf5c6aaa33664921e0345ebc87b48695e1e4f5bbec,
b3ef1bf10837fdb52adb3d300c2fa1b55a6e5c12a53eee08f9b1d6307b72cc6c,tests/publication/test_promotion_decision_schema.py,public_only,9458b5db64580b8d3e59b0ce250c52f82d32c3b4bce82b9e60049557a582fb85,
d9e6c58213836f2f645eda1bfe1f1e4aae8e1b274cbd389eacd360aae5d6e20f,tests/publication/test_public_mini_reproduction.py,public_only,6a7428d80dce75b906609322761aa1d74840fa12692afd3f3a0ebf87a5c58e08,
bb3ea19b73c84e6e66a6b5dbdc38e66a266a7165b66b38dd33eecbbd9a09e7b8,tests/publication/test_publication_bundle.py,different,5e4dfd8580acff937d933e1b046076801d11d0a8d9b6c90de61dbf7447c48e50,ace8ec80e667ddecf85f7f809769d323720d12051564e982bb341de69fc43e79
2ada6f566104ab7dbe0445024e0b3f4513a54899a4660ff5c5206172d13dfa26,tests/publication/test_release_candidate.py,public_only,e258a318ba0f388e486d3e0f270dfcd1974d649dab5de316f8ed20b45b8a7d4a,
911ebac5f20df6c6f69dd049e50d2d48197f653ed9d7df3439a54fc201ad5369,tests/publication/test_selector_ablation_matrix.py,public_only,fc159a6082e717b492a70ede040db004bb925ba68beac0c150090a83ce28ed1c,
7256266820c532f2e25fdf75e051bb4e1d85172d7515087043686ada9e1f5534,tests/publication/test_selector_ablation_stress_v2.py,public_only,63cdfa0d6841704309b5a7a414d3bc47c047cefc4640f0a05c9f186f17b9eec7,
1d83e2fe61068564d474d92188f6fbb58667ab01a030873c41d48fac18365788,tests/publication/test_stable_hash_vendor.py,public_only,39598e6f95888d229762b8dc257c611125e99ad8a1e25d527e6fca80a15528f9,
b3d985cff092c092b1e5892c0e059410d0bf15497da05b066b90419d3553dba7,tests/publication/test_storage_sinks.py,public_only,f9c5040a7c76fced9d1c875cbedf1f826dd2d96a2c3552a309f2470ba58198b5,
96378c286b6b151dc3c575f698851cbcb98cfabf92733eff7950bdd72e9ba1c0,tests/publication/test_verify_run.py,public_only,3cc5f779225fc0c1c61dbc92c5c3c5dd32b18bf5689c36de1d72d664dea0e8ed,
858cb096fa69afbfd58b308ec4d40f55ad089850d54967ceabaf08fa786c70df,tests/test_baseline_smoke.py,private_only,,cbe05ccf996fd10a8ae248965cf273e27556450bc12adcc1a66253ba9ea5447a
ef0faae8dbf1e9165d41157e7d22bb19afa6dd77528a9515a442029f502b0218,tests/test_data_validation.py,private_only,,9496b4817e5fde097d2d024558edba137f19d2e25c8a6b59621d2366898a92dc
03dd41d84b05bb2477b17b322a4b5b1f3de5ccc6bc9957c09d46f87849eb3a26,tests/test_manifest.py,private_only,,208e5fc1d6359ff4e92470a05d23596a65a0d465fdaf9387ba83cfdf819cf375
c013839ae9f8d11da7ba9ed964de9d4b9ef733c1dd3d1a5487f32a5b2062e1cf,tests/test_metrics.py,private_only,,db1f5531f253f08dea2b6aab0ea704be79a8e4a5fe863af5773141c95974710d
8f614b6e053dffd640e4dd9cd0a87b0d1c3a8f01750f5f16c8158eef227facdc,tests/test_pushbutton.py,private_only,,a713fceba251499fd3627a0f76df0603ab90feb8b7614e71ed6d9c37930d98bb
432205ae142d31b470e8bfa55bf6749d8a87200dad7732880defccacc1b650d4,tests/test_ragwarrant_confirmatory_v2_phase.py,different,50986f204087b37b23389f322432f3f7204c6921f2c3c71b15036dad5f73e3fe,02c8e009cef569ca11f666f7356155a6c6b3e1d2f677f7efef4af6599b86e493
2e5d5b6ff6203b1cade04446ef7b20819fb232d3238b06aa7a5c0a586c99ac7b,tests/test_ragwarrant_crag_mock_api_hardening_phase.py,different,11813766a9f22a0ed2c25bec1d3e6c04e6b784b3dd374d49db63d76a377140c1,0ce0277869959e0a12e427dfbd4aad4a7b0a247e0bef8141d0ee0b4d6ab340bd
52d8bb1ff9c690ec52f26356e9a09c7cbd2b60c7ec48e4d9658511876b19347c,tests/test_ragwarrant_real_rag_validation.py,different,9492c9164ccbbbb3f7393ebba18df176311ba501280867aca18ca7660cd51214,72361e98ef2fe37b0188aaafa1f36fbb20dbe2a38a2c31d60ef37fdf22f3a58b
8107412d0f91466900526d84187f8184090e6c97902bb1264ecc1d6e2c740bc6,tests/test_ragwarrant_rowlevel_e2e_phase.py,different,4cf35827f909ea24fac33eaa6dbe76b1eaac4ef594d5beb77f910d4be5a3f676,0e5b2ae4e097ad75383f8881f3129cc5605fba2b6ab35bc5cf93a7452a533b92
fcafd1c9de1029e0b62ba3c320178bd1985b044591c0d716677633e58bf16530,tests/test_ragwarrant_validation.py,different,c142411173690588bb570c55857c0eab4acd27aae420b27026baa359f9623d1b,611c9a01071e88324f18c4c2c90c36ff9c203057f6206fc75b2a6df7c13ab39b
cca8165dee2cdd15e8008001de1a85f3f5d3740ff4f52f2dc7cfd68ada8302ed,tests/test_ragwarrant_validation_phase2.py,different,c093bcbf7cc6342c470a6b1b1508fef2d32d7f022e7a44c602c69adc71c45364,bcc439bdbe1383056d46b461f9ca8558299e02603c5247149f3372b6173b7db4
cc0fa62b43424890d666f41287ba373face7553b28f800451b05db73651e7648,tests/test_reporting.py,private_only,,ac39b7394b30c1e6822c97dd1eecf00954e55b6a58360e09d484673bc1e3c9b2
f23b38b60799f1beb8c41f9bb3e97d5ec1ce4da6f5f53f6fd246688ee13a555c,tests/test_run_registry.py,private_only,,5cc07ab7d1627772107dbf8433e8c897d623de83a216f3e30a01e6db869164ab
96dc0fddf1c6fe02a8ea65aa4bf1a38140fe0176172180b9c727e5cee91777a6,tests/test_snapshot_rollout.py,private_only,,3fd215349fde437cd44c9fc07794740f55ff4c655ada6fdc6102e734faab7508
56f8715b0039bfe7df307b30d40c0a877e7ab4fe223f8b63188545542c642cb8,tests/test_splits.py,private_only,,b4f45b5ea3042d6195f6e4a22480537bfe0f6324bca7d45a7cd11b948811c03f
ef4c597f4adac84e9d02e8c09e6681bfb990fcf7883c15981d598f0622f405a2,tests/test_<removed-lineage>_adaptive_arch.py,private_only,,b0f9db202aad917062de5ae1508a23c4ee188428ea9a0fe0b73c03f501c50cf8
56a8d03762105a38205425a7328cfda723d2552730de30e52936480a0fe69948,tests/test_<removed-lineage>_core.py,private_only,,f9ac50784fe74688d359bca450fde20a8760c91b59972d50cb73ab7946220208
c77ba5a109805469b0913a75762db75559ff4008272c4143b0cd9c2d86a9a015,tests/test_<removed-lineage>_next_sim.py,private_only,,ad0000c6c7854ea5bb50980e143180cb76264abead2d17d86976b1318fbea226
36f0542a0b9660ea5fa7bdd66a269765249da7070d319295f32a14d747a6aee6,tests/test_<removed-lineage>_tune.py,private_only,,2a04db7f3de3a4d34b9cbdb981bbb79285be2d98687929d8540b8b21e455c7ba
d7b4f0f0163191bbeda27d343d9252106c71c3d404383af9b83cfd6c17c492bc,tests/test_<removed-lineage>_tune_adaptive_compute.py,private_only,,4a653042aeee7e46b69723b60f76e37cca53808d8ac10a49666f4a36b3dff3c3
b6bc036b4374c2a417c1a9c8274df2803acfc5b03e538e64c5581a10e3579bfc,tests/test_<removed-lineage>_tune_calibration_v2.py,private_only,,17c13f5f7ad725f018fc7346e272b336a5b617586b9163f55cb56b9df8fd235c
d8e9e228fdc1109a2426af3681d43035120358ab0d933e2093424a84e7fb3988,tests/test_<removed-lineage>_tune_external_transfer_v1.py,private_only,,0b35346431d8d3feeab34712931450754684aaebfbb28490c9f3dadb9030c43f
6333f310dc44628ff17fd4bbe2124df6abce8a2f307bb1f6fd3b58f81dccf68e,tests/test_<removed-lineage>_tune_generalized.py,private_only,,59785cad38594e302201ba0607013863ec0188e353ee5aeadeacdec3fdc06ed9
6649b5942262a709b11637ba43887b67532973debc0d8449820f6b0a1aab6ee3,tests/test_<removed-lineage>_tune_matched_cost_rag.py,private_only,,90c28a795f32bb2af537a3bd50dab5e03693ba6c0cbf30ec9b4da9ba420307b4
88f5647f4965510f78bb86da6292bac4e3a6e7586d294c68b974ef2d9149104a,tests/test_<removed-lineage>sim_forward.py,private_only,,66a48f79ed2915fcadb4a3b7ee17fd5e468c7c4f0cd9552bdb601455dbffba65
